<marketdata_equity date_shifter="3 OPEN DAYS" equity_index="true" estimation_ccy_curve="EUR :Std" holidays="TARGET" value="EUR-DAX IND">
  
    
  <dividend/>
    
  <vol_orc interpolation="VARIANCE_MONEYNESS_FWD"/>
  <stoch_vol_params id="CALIBRATED">
    <calibration>
      <parameters>
        <parameters_item value="calibrator_id">
          <string_value value="STOCH_VOL_PARAMS_CALIBRATOR"/>
        </parameters_item>
      </parameters>
    </calibration>
  </stoch_vol_params>
</marketdata_equity>