
<Mkt>

<Pnt Name="EUR-GBP">
  <Undly PxStrctTyp="FX_SPOT" IssuDtTm="2018-01-29" LastUpdateTm="2015-12-21"/>
  <Msr Val="0.7331004" ValTyp="Other" MktDataTyp="MID"/>
</Pnt>


<Mtrx Name="EUR-GBP">
  <Undly PxStrctTyp="FX_SMILE" IssuDtTm="2018-01-29" LastUpdateTm="2018-01-29"/>
  <Msr Val="0.09141" ValTyp="Other" Col="2028-01-27" Row="0.7331004" ColTyp="Other" RowTyp="Other"/>
  <Msr Val="0.06451" ValTyp="Other" Col="2018-02-26" Row="0.7331004" ColTyp="Other" RowTyp="Other"/>
  <Msr Val="0.066" ValTyp="Other" Col="2018-03-12" Row="0.7331004" ColTyp="Other" RowTyp="Other"/>
  <Msr Val="0.093159" ValTyp="Other" Col="2029-01-29" Row="0.7331004" ColTyp="Other" RowTyp="Other"/>
  <Msr Val="0.084354" ValTyp="Other" Col="2023-01-27" Row="0.7331004" ColTyp="Other" RowTyp="Other"/>
  <Msr Val="0.068405" ValTyp="Other" Col="2018-03-27" Row="0.7331004" ColTyp="Other" RowTyp="Other"/>
  <Msr Val="0.068978" ValTyp="Other" Col="2018-02-05" Row="0.7331004" ColTyp="Other" RowTyp="Other"/>
  <Msr Val="0.071156" ValTyp="Other" Col="2018-10-29" Row="0.7331004" ColTyp="Other" RowTyp="Other"/>
  <Msr Val="0.068022" ValTyp="Other" Col="2018-04-26" Row="0.7331004" ColTyp="Other" RowTyp="Other"/>
  <Msr Val="0.069782" ValTyp="Other" Col="2018-02-12" Row="0.7331004" ColTyp="Other" RowTyp="Other"/>
  <Msr Val="0.053881" ValTyp="Other" Col="2018-01-30" Row="0.7331004" ColTyp="Other" RowTyp="Other"/>
  <Msr Val="0.071785" ValTyp="Other" Col="2019-01-29" Row="0.7331004" ColTyp="Other" RowTyp="Other"/>
  <Msr Val="0.068376" ValTyp="Other" Col="2018-05-29" Row="0.7331004" ColTyp="Other" RowTyp="Other"/>
  <Msr Val="0.068089" ValTyp="Other" Col="2018-02-19" Row="0.7331004" ColTyp="Other" RowTyp="Other"/>
  <Msr Val="0.075737" ValTyp="Other" Col="2020-01-29" Row="0.7331004" ColTyp="Other" RowTyp="Other"/>
  <Msr Val="0.079112" ValTyp="Other" Col="2021-01-27" Row="0.7331004" ColTyp="Other" RowTyp="Other"/>
  <Msr Val="0.069658" ValTyp="Other" Col="2018-07-27" Row="0.7331004" ColTyp="Other" RowTyp="Other"/>
</Mtrx>


</Mkt>
