
<Mkt>

<Pnt Name="USD-BIIB.O">
  <Undly ID="EUR-HNKG_P.DE" PxStrctTyp="EQ_CORRELATION" IssuDtTm="2018-01-29" LastUpdateTm="2018-01-24"/>
  <Msr Val="0.455557777991046" ValTyp="Other" MktDataTyp="ASK"/>
</Pnt>


<Pnt Name="USD-ABT.N">
  <Undly ID="EUR-HNKG_P.DE" PxStrctTyp="EQ_CORRELATION" IssuDtTm="2018-01-29" LastUpdateTm="2018-01-24"/>
  <Msr Val="0.496614788913916" ValTyp="Other" MktDataTyp="ASK"/>
</Pnt>


<Pnt Name="CHF-ADEN.S">
  <Undly ID="EUR-HNKG_P.DE" PxStrctTyp="EQ_CORRELATION" IssuDtTm="2018-01-29" LastUpdateTm="2018-01-24"/>
  <Msr Val="0.525926388507281" ValTyp="Other" MktDataTyp="ASK"/>
</Pnt>


<Pnt Name="USD-UTX.N">
  <Undly ID="EUR-HNKG_P.DE" PxStrctTyp="EQ_CORRELATION" IssuDtTm="2018-01-29" LastUpdateTm="2018-01-17"/>
  <Msr Val="0.494758867620124" ValTyp="Other" MktDataTyp="ASK"/>
</Pnt>


<Pnt Name="USD-KO.N">
  <Undly ID="EUR-HNKG_P.DE" PxStrctTyp="EQ_CORRELATION" IssuDtTm="2018-01-29" LastUpdateTm="2018-01-24"/>
  <Msr Val="0.47021821013848" ValTyp="Other" MktDataTyp="ASK"/>
</Pnt>


<Pnt Name="USD-CL.N">
  <Undly ID="EUR-HNKG_P.DE" PxStrctTyp="EQ_CORRELATION" IssuDtTm="2018-01-29" LastUpdateTm="2018-01-24"/>
  <Msr Val="0.529669817010316" ValTyp="Other" MktDataTyp="ASK"/>
</Pnt>


<Pnt Name="USD-PXD.N">
  <Undly ID="EUR-HNKG_P.DE" PxStrctTyp="EQ_CORRELATION" IssuDtTm="2018-01-29" LastUpdateTm="2018-01-24"/>
  <Msr Val="0.360210001876314" ValTyp="Other" MktDataTyp="ASK"/>
</Pnt>


<Pnt Name="EUR-REP.MC">
  <Undly ID="EUR-HNKG_P.DE" PxStrctTyp="EQ_CORRELATION" IssuDtTm="2018-01-29" LastUpdateTm="2018-01-24"/>
  <Msr Val="0.504241722723645" ValTyp="Other" MktDataTyp="ASK"/>
</Pnt>


<Pnt Name="USD-AAL.OQ">
  <Undly ID="EUR-HNKG_P.DE" PxStrctTyp="EQ_CORRELATION" IssuDtTm="2018-01-29" LastUpdateTm="2018-01-24"/>
  <Msr Val="0.45340225025545" ValTyp="Other" MktDataTyp="ASK"/>
</Pnt>


<Pnt Name="JPY-NIKKEI 225">
  <Undly ID="EUR-HNKG_P.DE" PxStrctTyp="EQ_CORRELATION" IssuDtTm="2018-01-29" LastUpdateTm="2018-01-24"/>
  <Msr Val="0.53449614434513" ValTyp="Other" MktDataTyp="ASK"/>
</Pnt>


<Pnt Name="EUR-FTE.PA">
  <Undly ID="EUR-HNKG_P.DE" PxStrctTyp="EQ_CORRELATION" IssuDtTm="2018-01-29" LastUpdateTm="2018-01-24"/>
  <Msr Val="0.556846691550405" ValTyp="Other" MktDataTyp="ASK"/>
</Pnt>


<Pnt Name="USD-PRU.N">
  <Undly ID="EUR-HNKG_P.DE" PxStrctTyp="EQ_CORRELATION" IssuDtTm="2018-01-29" LastUpdateTm="2018-01-24"/>
  <Msr Val="0.453449052625084" ValTyp="Other" MktDataTyp="ASK"/>
</Pnt>


<Pnt Name="USD-CVX.N">
  <Undly ID="EUR-HNKG_P.DE" PxStrctTyp="EQ_CORRELATION" IssuDtTm="2018-01-29" LastUpdateTm="2018-01-24"/>
  <Msr Val="0.41624683432044" ValTyp="Other" MktDataTyp="ASK"/>
</Pnt>


<Pnt Name="USD-M.N">
  <Undly ID="EUR-HNKG_P.DE" PxStrctTyp="EQ_CORRELATION" IssuDtTm="2018-01-29" LastUpdateTm="2018-01-24"/>
  <Msr Val="0.389392635532431" ValTyp="Other" MktDataTyp="ASK"/>
</Pnt>


<Pnt Name="USD-PFE.N">
  <Undly ID="EUR-HNKG_P.DE" PxStrctTyp="EQ_CORRELATION" IssuDtTm="2018-01-29" LastUpdateTm="2018-01-24"/>
  <Msr Val="0.479552663063051" ValTyp="Other" MktDataTyp="ASK"/>
</Pnt>


<Pnt Name="GBP-AAL.L">
  <Undly ID="EUR-HNKG_P.DE" PxStrctTyp="EQ_CORRELATION" IssuDtTm="2018-01-29" LastUpdateTm="2018-01-24"/>
  <Msr Val="0.396696038583692" ValTyp="Other" MktDataTyp="ASK"/>
</Pnt>


<Pnt Name="EUR-CBKG.DE">
  <Undly ID="EUR-HNKG_P.DE" PxStrctTyp="EQ_CORRELATION" IssuDtTm="2018-01-29" LastUpdateTm="2018-01-24"/>
  <Msr Val="0.451374724389832" ValTyp="Other" MktDataTyp="ASK"/>
</Pnt>


<Pnt Name="EUR-SAPG.DE">
  <Undly ID="EUR-HNKG_P.DE" PxStrctTyp="EQ_CORRELATION" IssuDtTm="2018-01-29" LastUpdateTm="2018-01-24"/>
  <Msr Val="0.634824121752018" ValTyp="Other" MktDataTyp="ASK"/>
</Pnt>


<Pnt Name="USD-WFC.N">
  <Undly ID="EUR-HNKG_P.DE" PxStrctTyp="EQ_CORRELATION" IssuDtTm="2018-01-29" LastUpdateTm="2018-01-17"/>
  <Msr Val="0.487591663781705" ValTyp="Other" MktDataTyp="ASK"/>
</Pnt>


<Pnt Name="USD-CX.N">
  <Undly ID="EUR-HNKG_P.DE" PxStrctTyp="EQ_CORRELATION" IssuDtTm="2018-01-29" LastUpdateTm="2018-01-24"/>
  <Msr Val="0.454040071178964" ValTyp="Other" MktDataTyp="ASK"/>
</Pnt>


<Pnt Name="USD-CAT.N">
  <Undly ID="EUR-HNKG_P.DE" PxStrctTyp="EQ_CORRELATION" IssuDtTm="2018-01-29" LastUpdateTm="2018-01-24"/>
  <Msr Val="0.409524207386615" ValTyp="Other" MktDataTyp="ASK"/>
</Pnt>


<Pnt Name="USD-SO.N">
  <Undly ID="EUR-HNKG_P.DE" PxStrctTyp="EQ_CORRELATION" IssuDtTm="2018-01-29" LastUpdateTm="2018-01-17"/>
  <Msr Val="0.433132032307703" ValTyp="Other" MktDataTyp="ASK"/>
</Pnt>


<Pnt Name="EUR-PHG.AS">
  <Undly ID="EUR-HNKG_P.DE" PxStrctTyp="EQ_CORRELATION" IssuDtTm="2018-01-29" LastUpdateTm="2018-01-24"/>
  <Msr Val="0.564004689780149" ValTyp="Other" MktDataTyp="ASK"/>
</Pnt>


<Pnt Name="EUR-ISPA.AS">
  <Undly ID="EUR-HNKG_P.DE" PxStrctTyp="EQ_CORRELATION" IssuDtTm="2018-01-29" LastUpdateTm="2018-01-24"/>
  <Msr Val="0.450819166861682" ValTyp="Other" MktDataTyp="ASK"/>
</Pnt>


<Pnt Name="USD-TWTR.N">
  <Undly ID="EUR-HNKG_P.DE" PxStrctTyp="EQ_CORRELATION" IssuDtTm="2018-01-29" LastUpdateTm="2018-01-17"/>
  <Msr Val="0.40171396820109" ValTyp="Other" MktDataTyp="ASK"/>
</Pnt>


<Pnt Name="SEK-OMX INDEX">
  <Undly ID="EUR-HNKG_P.DE" PxStrctTyp="EQ_CORRELATION" IssuDtTm="2018-01-29" LastUpdateTm="2018-01-24"/>
  <Msr Val="0.601730691942456" ValTyp="Other" MktDataTyp="ASK"/>
</Pnt>


<Pnt Name="GBP-GSK.L">
  <Undly ID="EUR-HNKG_P.DE" PxStrctTyp="EQ_CORRELATION" IssuDtTm="2018-01-29" LastUpdateTm="2018-01-24"/>
  <Msr Val="0.535525497511745" ValTyp="Other" MktDataTyp="ASK"/>
</Pnt>


<Pnt Name="USD-XLF.N">
  <Undly ID="EUR-HNKG_P.DE" PxStrctTyp="EQ_CORRELATION" IssuDtTm="2018-01-29" LastUpdateTm="2018-01-17"/>
  <Msr Val="0.519011941076699" ValTyp="Other" MktDataTyp="ASK"/>
</Pnt>


<Pnt Name="EUROSTOXX BANK">
  <Undly ID="EUR-HNKG_P.DE" PxStrctTyp="EQ_CORRELATION" IssuDtTm="2018-01-29" LastUpdateTm="2018-01-24"/>
  <Msr Val="0.495303068864201" ValTyp="Other" MktDataTyp="ASK"/>
</Pnt>


<Pnt Name="USD-XLB.N">
  <Undly ID="EUR-HNKG_P.DE" PxStrctTyp="EQ_CORRELATION" IssuDtTm="2018-01-29" LastUpdateTm="2018-01-17"/>
  <Msr Val="0.482309318857004" ValTyp="Other" MktDataTyp="ASK"/>
</Pnt>


<Pnt Name="USD-EWJ.N">
  <Undly ID="EUR-HNKG_P.DE" PxStrctTyp="EQ_CORRELATION" IssuDtTm="2018-01-29" LastUpdateTm="2018-01-24"/>
  <Msr Val="0.503821297105098" ValTyp="Other" MktDataTyp="ASK"/>
</Pnt>


<Pnt Name="CHF-SLHN.S">
  <Undly ID="EUR-HNKG_P.DE" PxStrctTyp="EQ_CORRELATION" IssuDtTm="2018-01-29" LastUpdateTm="2018-01-24"/>
  <Msr Val="0.507403790903503" ValTyp="Other" MktDataTyp="ASK"/>
</Pnt>


<Pnt Name="USD-MWD.N">
  <Undly ID="EUR-HNKG_P.DE" PxStrctTyp="EQ_CORRELATION" IssuDtTm="2018-01-29" LastUpdateTm="2018-01-24"/>
  <Msr Val="0.468937592590579" ValTyp="Other" MktDataTyp="ASK"/>
</Pnt>


<Pnt Name="USD-MA.N">
  <Undly ID="EUR-HNKG_P.DE" PxStrctTyp="EQ_CORRELATION" IssuDtTm="2018-01-29" LastUpdateTm="2018-01-24"/>
  <Msr Val="0.476777388679703" ValTyp="Other" MktDataTyp="ASK"/>
</Pnt>


<Pnt Name="USD-GILD.O">
  <Undly ID="EUR-HNKG_P.DE" PxStrctTyp="EQ_CORRELATION" IssuDtTm="2018-01-29" LastUpdateTm="2018-01-24"/>
  <Msr Val="0.435079822709282" ValTyp="Other" MktDataTyp="ASK"/>
</Pnt>


<Pnt Name="CHF-UHR.S">
  <Undly ID="EUR-HNKG_P.DE" PxStrctTyp="EQ_CORRELATION" IssuDtTm="2018-01-29" LastUpdateTm="2018-01-24"/>
  <Msr Val="0.517894191378795" ValTyp="Other" MktDataTyp="ASK"/>
</Pnt>


<Pnt Name="USD-K.N">
  <Undly ID="EUR-HNKG_P.DE" PxStrctTyp="EQ_CORRELATION" IssuDtTm="2018-01-29" LastUpdateTm="2018-01-24"/>
  <Msr Val="0.460648202045808" ValTyp="Other" MktDataTyp="ASK"/>
</Pnt>


<Pnt Name="USD-BLK.N">
  <Undly ID="EUR-HNKG_P.DE" PxStrctTyp="EQ_CORRELATION" IssuDtTm="2018-01-29" LastUpdateTm="2018-01-24"/>
  <Msr Val="0.484429627219263" ValTyp="Other" MktDataTyp="ASK"/>
</Pnt>


<Pnt Name="USD-EWW.N">
  <Undly ID="EUR-HNKG_P.DE" PxStrctTyp="EQ_CORRELATION" IssuDtTm="2018-01-29" LastUpdateTm="2018-01-24"/>
  <Msr Val="0.473252365143017" ValTyp="Other" MktDataTyp="ASK"/>
</Pnt>


<Pnt Name="USD-YHOO.O">
  <Undly ID="EUR-HNKG_P.DE" PxStrctTyp="EQ_CORRELATION" IssuDtTm="2018-01-29" LastUpdateTm="2017-10-16"/>
  <Msr Val="0.470129845568534" ValTyp="Other" MktDataTyp="ASK"/>
</Pnt>


<Pnt Name="USD-CRM.N">
  <Undly ID="EUR-HNKG_P.DE" PxStrctTyp="EQ_CORRELATION" IssuDtTm="2018-01-29" LastUpdateTm="2018-01-24"/>
  <Msr Val="0.434222851589585" ValTyp="Other" MktDataTyp="ASK"/>
</Pnt>


<Pnt Name="USD-EEM.N">
  <Undly ID="EUR-HNKG_P.DE" PxStrctTyp="EQ_CORRELATION" IssuDtTm="2018-01-29" LastUpdateTm="2018-01-24"/>
  <Msr Val="0.488609649965993" ValTyp="Other" MktDataTyp="ASK"/>
</Pnt>


<Pnt Name="USD-HESS.N">
  <Undly ID="EUR-HNKG_P.DE" PxStrctTyp="EQ_CORRELATION" IssuDtTm="2018-01-29" LastUpdateTm="2018-01-24"/>
  <Msr Val="0.393192993218234" ValTyp="Other" MktDataTyp="ASK"/>
</Pnt>


<Pnt Name="USD-AXP.N">
  <Undly ID="EUR-HNKG_P.DE" PxStrctTyp="EQ_CORRELATION" IssuDtTm="2018-01-29" LastUpdateTm="2018-01-24"/>
  <Msr Val="0.519769403250637" ValTyp="Other" MktDataTyp="ASK"/>
</Pnt>


<Pnt Name="EUR-HEIN.AS">
  <Undly ID="EUR-HNKG_P.DE" PxStrctTyp="EQ_CORRELATION" IssuDtTm="2018-01-29" LastUpdateTm="2018-01-24"/>
  <Msr Val="0.654631191754221" ValTyp="Other" MktDataTyp="ASK"/>
</Pnt>


<Pnt Name="USD-ADP.O">
  <Undly ID="EUR-HNKG_P.DE" PxStrctTyp="EQ_CORRELATION" IssuDtTm="2018-01-29" LastUpdateTm="2018-01-24"/>
  <Msr Val="0.489411055739915" ValTyp="Other" MktDataTyp="ASK"/>
</Pnt>


<Pnt Name="USD-MO.N">
  <Undly ID="EUR-HNKG_P.DE" PxStrctTyp="EQ_CORRELATION" IssuDtTm="2018-01-29" LastUpdateTm="2018-01-24"/>
  <Msr Val="0.512799856276615" ValTyp="Other" MktDataTyp="ASK"/>
</Pnt>


<Pnt Name="USD-CMCSA.O">
  <Undly ID="EUR-HNKG_P.DE" PxStrctTyp="EQ_CORRELATION" IssuDtTm="2018-01-29" LastUpdateTm="2018-01-24"/>
  <Msr Val="0.465655881060065" ValTyp="Other" MktDataTyp="ASK"/>
</Pnt>


<Pnt Name="USD-POT.N">
  <Undly ID="EUR-HNKG_P.DE" PxStrctTyp="EQ_CORRELATION" IssuDtTm="2018-01-29" LastUpdateTm="2018-01-24"/>
  <Msr Val="0.392153105086579" ValTyp="Other" MktDataTyp="ASK"/>
</Pnt>


<Pnt Name="USD-MSFT.O">
  <Undly ID="EUR-HNKG_P.DE" PxStrctTyp="EQ_CORRELATION" IssuDtTm="2018-01-29" LastUpdateTm="2018-01-24"/>
  <Msr Val="0.475429495997345" ValTyp="Other" MktDataTyp="ASK"/>
</Pnt>


<Pnt Name="USD-LMT.N">
  <Undly ID="EUR-HNKG_P.DE" PxStrctTyp="EQ_CORRELATION" IssuDtTm="2018-01-29" LastUpdateTm="2018-01-24"/>
  <Msr Val="0.446152437297279" ValTyp="Other" MktDataTyp="ASK"/>
</Pnt>


<Pnt Name="USD-BMY.N">
  <Undly ID="EUR-HNKG_P.DE" PxStrctTyp="EQ_CORRELATION" IssuDtTm="2018-01-29" LastUpdateTm="2018-01-24"/>
  <Msr Val="0.461639710668637" ValTyp="Other" MktDataTyp="ASK"/>
</Pnt>


<Pnt Name="USD-SPX 500 IND">
  <Undly ID="EUR-HNKG_P.DE" PxStrctTyp="EQ_CORRELATION" IssuDtTm="2018-01-29" LastUpdateTm="2018-01-17"/>
  <Msr Val="0.547323040905781" ValTyp="Other" MktDataTyp="ASK"/>
</Pnt>


<Pnt Name="IPC">
  <Undly ID="EUR-HNKG_P.DE" PxStrctTyp="EQ_CORRELATION" IssuDtTm="2018-01-29" LastUpdateTm="2018-01-24"/>
  <Msr Val="0.463040722448235" ValTyp="Other" MktDataTyp="ASK"/>
</Pnt>


<Pnt Name="USD-WDC.P">
  <Undly ID="EUR-HNKG_P.DE" PxStrctTyp="EQ_CORRELATION" IssuDtTm="2018-01-29" LastUpdateTm="2018-01-17"/>
  <Msr Val="0.440269445528189" ValTyp="Other" MktDataTyp="ASK"/>
</Pnt>


<Pnt Name="USD-MAR.N">
  <Undly ID="EUR-HNKG_P.DE" PxStrctTyp="EQ_CORRELATION" IssuDtTm="2018-01-29" LastUpdateTm="2018-01-24"/>
  <Msr Val="0.479396284790282" ValTyp="Other" MktDataTyp="ASK"/>
</Pnt>


<Pnt Name="CHF-ROCZG.S">
  <Undly ID="EUR-HNKG_P.DE" PxStrctTyp="EQ_CORRELATION" IssuDtTm="2018-01-29" LastUpdateTm="2018-01-24"/>
  <Msr Val="0.55141772895758" ValTyp="Other" MktDataTyp="ASK"/>
</Pnt>


<Pnt Name="GBP-BATS.L">
  <Undly ID="EUR-HNKG_P.DE" PxStrctTyp="EQ_CORRELATION" IssuDtTm="2018-01-29" LastUpdateTm="2018-01-24"/>
  <Msr Val="0.610415074387612" ValTyp="Other" MktDataTyp="ASK"/>
</Pnt>


<Pnt Name="USD-GOOAV.O">
  <Undly ID="EUR-HNKG_P.DE" PxStrctTyp="EQ_CORRELATION" IssuDtTm="2018-01-29" LastUpdateTm="2018-01-24"/>
  <Msr Val="0.491077673032599" ValTyp="Other" MktDataTyp="ASK"/>
</Pnt>


<Pnt Name="EUR-CAC IND">
  <Undly ID="EUR-HNKG_P.DE" PxStrctTyp="EQ_CORRELATION" IssuDtTm="2018-01-29" LastUpdateTm="2018-01-24"/>
  <Msr Val="0.624058475798002" ValTyp="Other" MktDataTyp="ASK"/>
</Pnt>


<Pnt Name="USD-XOM.N">
  <Undly ID="EUR-HNKG_P.DE" PxStrctTyp="EQ_CORRELATION" IssuDtTm="2018-01-29" LastUpdateTm="2018-01-17"/>
  <Msr Val="0.426464116930363" ValTyp="Other" MktDataTyp="ASK"/>
</Pnt>


<Pnt Name="USD-JNJ.N">
  <Undly ID="EUR-HNKG_P.DE" PxStrctTyp="EQ_CORRELATION" IssuDtTm="2018-01-29" LastUpdateTm="2018-01-24"/>
  <Msr Val="0.515516734980882" ValTyp="Other" MktDataTyp="ASK"/>
</Pnt>


<Pnt Name="EUR-RDSA.AS">
  <Undly ID="EUR-HNKG_P.DE" PxStrctTyp="EQ_CORRELATION" IssuDtTm="2018-01-29" LastUpdateTm="2018-01-24"/>
  <Msr Val="0.491137153945087" ValTyp="Other" MktDataTyp="ASK"/>
</Pnt>


<Pnt Name="USD-NEM.N">
  <Undly ID="EUR-HNKG_P.DE" PxStrctTyp="EQ_CORRELATION" IssuDtTm="2018-01-29" LastUpdateTm="2018-01-24"/>
  <Msr Val="0.32362117913225" ValTyp="Other" MktDataTyp="ASK"/>
</Pnt>


<Pnt Name="EUR-SGEF.PA">
  <Undly ID="EUR-HNKG_P.DE" PxStrctTyp="EQ_CORRELATION" IssuDtTm="2018-01-29" LastUpdateTm="2018-01-24"/>
  <Msr Val="0.589291221927431" ValTyp="Other" MktDataTyp="ASK"/>
</Pnt>


<Pnt Name="EUR-EONG.DE">
  <Undly ID="EUR-HNKG_P.DE" PxStrctTyp="EQ_CORRELATION" IssuDtTm="2018-01-29" LastUpdateTm="2018-01-24"/>
  <Msr Val="0.555369208452602" ValTyp="Other" MktDataTyp="ASK"/>
</Pnt>


<Pnt Name="USD-PCLN.O">
  <Undly ID="EUR-HNKG_P.DE" PxStrctTyp="EQ_CORRELATION" IssuDtTm="2018-01-29" LastUpdateTm="2018-01-24"/>
  <Msr Val="0.438547300122245" ValTyp="Other" MktDataTyp="ASK"/>
</Pnt>


<Pnt Name="SEK-NDA.ST">
  <Undly ID="EUR-HNKG_P.DE" PxStrctTyp="EQ_CORRELATION" IssuDtTm="2018-01-29" LastUpdateTm="2018-01-24"/>
  <Msr Val="0.508949617550287" ValTyp="Other" MktDataTyp="ASK"/>
</Pnt>


<Pnt Name="USD-ALLY.N">
  <Undly ID="EUR-HNKG_P.DE" PxStrctTyp="EQ_CORRELATION" IssuDtTm="2018-01-29" LastUpdateTm="2018-01-24"/>
  <Msr Val="0.407038628620123" ValTyp="Other" MktDataTyp="ASK"/>
</Pnt>


<Pnt Name="USD-BBY.N">
  <Undly ID="EUR-HNKG_P.DE" PxStrctTyp="EQ_CORRELATION" IssuDtTm="2018-01-29" LastUpdateTm="2018-01-24"/>
  <Msr Val="0.398623245058305" ValTyp="Other" MktDataTyp="ASK"/>
</Pnt>


<Pnt Name="KOSPI 200 IND">
  <Undly ID="EUR-HNKG_P.DE" PxStrctTyp="EQ_CORRELATION" IssuDtTm="2018-01-29" LastUpdateTm="2018-01-24"/>
  <Msr Val="0.498078688818516" ValTyp="Other" MktDataTyp="ASK"/>
</Pnt>


<Pnt Name="EUR-NOK1V.HE">
  <Undly ID="EUR-HNKG_P.DE" PxStrctTyp="EQ_CORRELATION" IssuDtTm="2018-01-29" LastUpdateTm="2018-01-24"/>
  <Msr Val="0.515553113398003" ValTyp="Other" MktDataTyp="ASK"/>
</Pnt>


<Pnt Name="EUR-BIN.MI">
  <Undly ID="EUR-HNKG_P.DE" PxStrctTyp="EQ_CORRELATION" IssuDtTm="2018-01-29" LastUpdateTm="2018-01-24"/>
  <Msr Val="0.471195998459226" ValTyp="Other" MktDataTyp="ASK"/>
</Pnt>


<Pnt Name="USD-FB.O">
  <Undly ID="EUR-HNKG_P.DE" PxStrctTyp="EQ_CORRELATION" IssuDtTm="2018-01-29" LastUpdateTm="2018-01-24"/>
  <Msr Val="0.468550108144718" ValTyp="Other" MktDataTyp="ASK"/>
</Pnt>


<Pnt Name="USD-MCD.N">
  <Undly ID="EUR-HNKG_P.DE" PxStrctTyp="EQ_CORRELATION" IssuDtTm="2018-01-29" LastUpdateTm="2018-01-24"/>
  <Msr Val="0.449936070941937" ValTyp="Other" MktDataTyp="ASK"/>
</Pnt>


<Pnt Name="EUR-SCH.MC">
  <Undly ID="EUR-HNKG_P.DE" PxStrctTyp="EQ_CORRELATION" IssuDtTm="2018-01-29" LastUpdateTm="2018-01-24"/>
  <Msr Val="0.509419934639784" ValTyp="Other" MktDataTyp="ASK"/>
</Pnt>


<Pnt Name="CHF-ABBN.S">
  <Undly ID="EUR-HNKG_P.DE" PxStrctTyp="EQ_CORRELATION" IssuDtTm="2018-01-29" LastUpdateTm="2018-01-24"/>
  <Msr Val="0.525796535963628" ValTyp="Other" MktDataTyp="ASK"/>
</Pnt>


<Pnt Name="USD-TRV.N">
  <Undly ID="EUR-HNKG_P.DE" PxStrctTyp="EQ_CORRELATION" IssuDtTm="2018-01-29" LastUpdateTm="2018-01-17"/>
  <Msr Val="0.46710827124011" ValTyp="Other" MktDataTyp="ASK"/>
</Pnt>


<Pnt Name="USD-BAP.N">
  <Undly ID="EUR-HNKG_P.DE" PxStrctTyp="EQ_CORRELATION" IssuDtTm="2018-01-29" LastUpdateTm="2018-01-24"/>
  <Msr Val="0.433279429348731" ValTyp="Other" MktDataTyp="ASK"/>
</Pnt>


<Pnt Name="USD-LOW.N">
  <Undly ID="EUR-HNKG_P.DE" PxStrctTyp="EQ_CORRELATION" IssuDtTm="2018-01-29" LastUpdateTm="2018-01-24"/>
  <Msr Val="0.466455352683561" ValTyp="Other" MktDataTyp="ASK"/>
</Pnt>


<Pnt Name="EUR-ITX.MC">
  <Undly ID="EUR-HNKG_P.DE" PxStrctTyp="EQ_CORRELATION" IssuDtTm="2018-01-29" LastUpdateTm="2018-01-24"/>
  <Msr Val="0.606999840106408" ValTyp="Other" MktDataTyp="ASK"/>
</Pnt>


<Pnt Name="EUR-ENEI.MI">
  <Undly ID="EUR-HNKG_P.DE" PxStrctTyp="EQ_CORRELATION" IssuDtTm="2018-01-29" LastUpdateTm="2018-01-24"/>
  <Msr Val="0.558849672845259" ValTyp="Other" MktDataTyp="ASK"/>
</Pnt>


<Pnt Name="EUR-ESSI.PA">
  <Undly ID="EUR-HNKG_P.DE" PxStrctTyp="EQ_CORRELATION" IssuDtTm="2018-01-29" LastUpdateTm="2018-01-24"/>
  <Msr Val="0.602107821894441" ValTyp="Other" MktDataTyp="ASK"/>
</Pnt>


<Pnt Name="USD-DHR.N">
  <Undly ID="EUR-HNKG_P.DE" PxStrctTyp="EQ_CORRELATION" IssuDtTm="2018-01-29" LastUpdateTm="2018-01-24"/>
  <Msr Val="0.484866949796705" ValTyp="Other" MktDataTyp="ASK"/>
</Pnt>


<Pnt Name="EUR-AXAF.PA">
  <Undly ID="EUR-HNKG_P.DE" PxStrctTyp="EQ_CORRELATION" IssuDtTm="2018-01-29" LastUpdateTm="2018-01-24"/>
  <Msr Val="0.525085942398211" ValTyp="Other" MktDataTyp="ASK"/>
</Pnt>


<Pnt Name="USD-JD.O">
  <Undly ID="EUR-HNKG_P.DE" PxStrctTyp="EQ_CORRELATION" IssuDtTm="2018-01-29" LastUpdateTm="2018-01-24"/>
  <Msr Val="0.473267875001417" ValTyp="Other" MktDataTyp="ASK"/>
</Pnt>


<Pnt Name="EUR-FIA.MI">
  <Undly ID="EUR-HNKG_P.DE" PxStrctTyp="EQ_CORRELATION" IssuDtTm="2018-01-29" LastUpdateTm="2018-01-24"/>
  <Msr Val="0.480338169970376" ValTyp="Other" MktDataTyp="ASK"/>
</Pnt>


<Pnt Name="USD-IBM.N">
  <Undly ID="EUR-HNKG_P.DE" PxStrctTyp="EQ_CORRELATION" IssuDtTm="2018-01-29" LastUpdateTm="2018-01-24"/>
  <Msr Val="0.451274745083585" ValTyp="Other" MktDataTyp="ASK"/>
</Pnt>


<Pnt Name="USD-NEE.N">
  <Undly ID="EUR-HNKG_P.DE" PxStrctTyp="EQ_CORRELATION" IssuDtTm="2018-01-29" LastUpdateTm="2018-01-24"/>
  <Msr Val="0.428221033113073" ValTyp="Other" MktDataTyp="ASK"/>
</Pnt>


<Pnt Name="EUR-CARR.PA">
  <Undly ID="EUR-HNKG_P.DE" PxStrctTyp="EQ_CORRELATION" IssuDtTm="2018-01-29" LastUpdateTm="2018-01-24"/>
  <Msr Val="0.569065137406146" ValTyp="Other" MktDataTyp="ASK"/>
</Pnt>


<Pnt Name="USD-TSLA.O">
  <Undly ID="EUR-HNKG_P.DE" PxStrctTyp="EQ_CORRELATION" IssuDtTm="2018-01-29" LastUpdateTm="2018-01-17"/>
  <Msr Val="0.422946963039172" ValTyp="Other" MktDataTyp="ASK"/>
</Pnt>


<Pnt Name="CHF-GIVZN.S">
  <Undly ID="EUR-HNKG_P.DE" PxStrctTyp="EQ_CORRELATION" IssuDtTm="2018-01-29" LastUpdateTm="2018-01-24"/>
  <Msr Val="0.561339155145363" ValTyp="Other" MktDataTyp="ASK"/>
</Pnt>


<Pnt Name="EUR-BNPP.PA">
  <Undly ID="EUR-HNKG_P.DE" PxStrctTyp="EQ_CORRELATION" IssuDtTm="2018-01-29" LastUpdateTm="2018-01-24"/>
  <Msr Val="0.500699708702812" ValTyp="Other" MktDataTyp="ASK"/>
</Pnt>


<Pnt Name="USD-DUK.N">
  <Undly ID="EUR-HNKG_P.DE" PxStrctTyp="EQ_CORRELATION" IssuDtTm="2018-01-29" LastUpdateTm="2018-01-24"/>
  <Msr Val="0.410137671928127" ValTyp="Other" MktDataTyp="ASK"/>
</Pnt>


<Pnt Name="USD-HON.N">
  <Undly ID="EUR-HNKG_P.DE" PxStrctTyp="EQ_CORRELATION" IssuDtTm="2018-01-29" LastUpdateTm="2018-01-24"/>
  <Msr Val="0.507553860535999" ValTyp="Other" MktDataTyp="ASK"/>
</Pnt>


<Pnt Name="EUR-VIE.PA">
  <Undly ID="EUR-HNKG_P.DE" PxStrctTyp="EQ_CORRELATION" IssuDtTm="2018-01-29" LastUpdateTm="2018-01-24"/>
  <Msr Val="0.550232730783219" ValTyp="Other" MktDataTyp="ASK"/>
</Pnt>


<Pnt Name="EUR-DCXGN.DE">
  <Undly ID="EUR-HNKG_P.DE" PxStrctTyp="EQ_CORRELATION" IssuDtTm="2018-01-29" LastUpdateTm="2018-01-24"/>
  <Msr Val="0.577883390477645" ValTyp="Other" MktDataTyp="ASK"/>
</Pnt>


<Pnt Name="CHF-CFR.S">
  <Undly ID="EUR-HNKG_P.DE" PxStrctTyp="EQ_CORRELATION" IssuDtTm="2018-01-29" LastUpdateTm="2018-01-24"/>
  <Msr Val="0.535451987413545" ValTyp="Other" MktDataTyp="ASK"/>
</Pnt>


<Pnt Name="USD-ADBE.O">
  <Undly ID="EUR-HNKG_P.DE" PxStrctTyp="EQ_CORRELATION" IssuDtTm="2018-01-29" LastUpdateTm="2018-01-24"/>
  <Msr Val="0.475038727172495" ValTyp="Other" MktDataTyp="ASK"/>
</Pnt>


<Pnt Name="USD-MDT.N">
  <Undly ID="EUR-HNKG_P.DE" PxStrctTyp="EQ_CORRELATION" IssuDtTm="2018-01-29" LastUpdateTm="2018-01-24"/>
  <Msr Val="0.496859868700719" ValTyp="Other" MktDataTyp="ASK"/>
</Pnt>


<Pnt Name="GBP-BP/.L">
  <Undly ID="EUR-HNKG_P.DE" PxStrctTyp="EQ_CORRELATION" IssuDtTm="2018-01-29" LastUpdateTm="2018-01-24"/>
  <Msr Val="0.472711878340336" ValTyp="Other" MktDataTyp="ASK"/>
</Pnt>


<Pnt Name="USD-AVGO.O">
  <Undly ID="EUR-HNKG_P.DE" PxStrctTyp="EQ_CORRELATION" IssuDtTm="2018-01-29" LastUpdateTm="2018-01-24"/>
  <Msr Val="0.478467858638357" ValTyp="Other" MktDataTyp="ASK"/>
</Pnt>


<Pnt Name="EUR-SOGN.PA">
  <Undly ID="EUR-HNKG_P.DE" PxStrctTyp="EQ_CORRELATION" IssuDtTm="2018-01-29" LastUpdateTm="2018-01-24"/>
  <Msr Val="0.489380503079978" ValTyp="Other" MktDataTyp="ASK"/>
</Pnt>


<Pnt Name="USD-C.N">
  <Undly ID="EUR-HNKG_P.DE" PxStrctTyp="EQ_CORRELATION" IssuDtTm="2018-01-29" LastUpdateTm="2018-01-24"/>
  <Msr Val="0.472753833288484" ValTyp="Other" MktDataTyp="ASK"/>
</Pnt>


<Pnt Name="EUR-SIEGN.DE">
  <Undly ID="EUR-HNKG_P.DE" PxStrctTyp="EQ_CORRELATION" IssuDtTm="2018-01-29" LastUpdateTm="2018-01-24"/>
  <Msr Val="0.61363428628075" ValTyp="Other" MktDataTyp="ASK"/>
</Pnt>


<Pnt Name="EUR-ING.AS">
  <Undly ID="EUR-HNKG_P.DE" PxStrctTyp="EQ_CORRELATION" IssuDtTm="2018-01-29" LastUpdateTm="2018-01-24"/>
  <Msr Val="0.506491386107781" ValTyp="Other" MktDataTyp="ASK"/>
</Pnt>


<Pnt Name="EUR-DTEG.DE">
  <Undly ID="EUR-HNKG_P.DE" PxStrctTyp="EQ_CORRELATION" IssuDtTm="2018-01-29" LastUpdateTm="2018-01-24"/>
  <Msr Val="0.623019246310899" ValTyp="Other" MktDataTyp="ASK"/>
</Pnt>


<Pnt Name="USD-SBUX.OK">
  <Undly ID="EUR-HNKG_P.DE" PxStrctTyp="EQ_CORRELATION" IssuDtTm="2018-01-29" LastUpdateTm="2018-01-24"/>
  <Msr Val="0.46573669025369" ValTyp="Other" MktDataTyp="ASK"/>
</Pnt>


<Pnt Name="GBP-LLOY.L">
  <Undly ID="EUR-HNKG_P.DE" PxStrctTyp="EQ_CORRELATION" IssuDtTm="2018-01-29" LastUpdateTm="2018-01-24"/>
  <Msr Val="0.441201364708552" ValTyp="Other" MktDataTyp="ASK"/>
</Pnt>


<Pnt Name="USD-AMZN.O">
  <Undly ID="EUR-HNKG_P.DE" PxStrctTyp="EQ_CORRELATION" IssuDtTm="2018-01-29" LastUpdateTm="2018-01-24"/>
  <Msr Val="0.457901086962202" ValTyp="Other" MktDataTyp="ASK"/>
</Pnt>


<Pnt Name="USD-AEP.N">
  <Undly ID="EUR-HNKG_P.DE" PxStrctTyp="EQ_CORRELATION" IssuDtTm="2018-01-29" LastUpdateTm="2018-01-24"/>
  <Msr Val="0.414698687517863" ValTyp="Other" MktDataTyp="ASK"/>
</Pnt>


<Pnt Name="USD-FEZ.P">
  <Undly ID="EUR-HNKG_P.DE" PxStrctTyp="EQ_CORRELATION" IssuDtTm="2018-01-29" LastUpdateTm="2018-01-24"/>
  <Msr Val="0.603280176626628" ValTyp="Other" MktDataTyp="ASK"/>
</Pnt>


<Pnt Name="EUR-DAX IND">
  <Undly ID="EUR-HNKG_P.DE" PxStrctTyp="EQ_CORRELATION" IssuDtTm="2018-01-29" LastUpdateTm="2018-01-24"/>
  <Msr Val="0.674996774272055" ValTyp="Other" MktDataTyp="ASK"/>
</Pnt>


<Pnt Name="USD-TRIP.O">
  <Undly ID="EUR-HNKG_P.DE" PxStrctTyp="EQ_CORRELATION" IssuDtTm="2018-01-29" LastUpdateTm="2018-01-17"/>
  <Msr Val="0.401803070202269" ValTyp="Other" MktDataTyp="ASK"/>
</Pnt>


<Pnt Name="USD-PYPLV.O">
  <Undly ID="EUR-HNKG_P.DE" PxStrctTyp="EQ_CORRELATION" IssuDtTm="2018-01-29" LastUpdateTm="2018-01-24"/>
  <Msr Val="0.455069127527633" ValTyp="Other" MktDataTyp="ASK"/>
</Pnt>


<Pnt Name="USD-TMO.N">
  <Undly ID="EUR-HNKG_P.DE" PxStrctTyp="EQ_CORRELATION" IssuDtTm="2018-01-29" LastUpdateTm="2018-01-17"/>
  <Msr Val="0.489153587109588" ValTyp="Other" MktDataTyp="ASK"/>
</Pnt>


<Pnt Name="EUR-AIRP.PA">
  <Undly ID="EUR-HNKG_P.DE" PxStrctTyp="EQ_CORRELATION" IssuDtTm="2018-01-29" LastUpdateTm="2018-01-24"/>
  <Msr Val="0.594862260952237" ValTyp="Other" MktDataTyp="ASK"/>
</Pnt>


<Pnt Name="USD-BIDU.O">
  <Undly ID="EUR-HNKG_P.DE" PxStrctTyp="EQ_CORRELATION" IssuDtTm="2018-01-29" LastUpdateTm="2018-01-24"/>
  <Msr Val="0.453221321464986" ValTyp="Other" MktDataTyp="ASK"/>
</Pnt>


<Pnt Name="USD-ABX.N">
  <Undly ID="EUR-HNKG_P.DE" PxStrctTyp="EQ_CORRELATION" IssuDtTm="2018-01-29" LastUpdateTm="2018-01-24"/>
  <Msr Val="0.32362117913225" ValTyp="Other" MktDataTyp="ASK"/>
</Pnt>


<Pnt Name="EUR-SPMIB IND">
  <Undly ID="EUR-HNKG_P.DE" PxStrctTyp="EQ_CORRELATION" IssuDtTm="2018-01-29" LastUpdateTm="2018-01-24"/>
  <Msr Val="0.518193057385495" ValTyp="Other" MktDataTyp="ASK"/>
</Pnt>


<Pnt Name="USD-KMB.N">
  <Undly ID="EUR-HNKG_P.DE" PxStrctTyp="EQ_CORRELATION" IssuDtTm="2018-01-29" LastUpdateTm="2018-01-24"/>
  <Msr Val="0.515484142540197" ValTyp="Other" MktDataTyp="ASK"/>
</Pnt>


<Pnt Name="USD-ACN.N">
  <Undly ID="EUR-HNKG_P.DE" PxStrctTyp="EQ_CORRELATION" IssuDtTm="2018-01-29" LastUpdateTm="2018-01-24"/>
  <Msr Val="0.496269914867545" ValTyp="Other" MktDataTyp="ASK"/>
</Pnt>


<Pnt Name="USD-PPL.N">
  <Undly ID="EUR-HNKG_P.DE" PxStrctTyp="EQ_CORRELATION" IssuDtTm="2018-01-29" LastUpdateTm="2018-01-24"/>
  <Msr Val="0.447314503093805" ValTyp="Other" MktDataTyp="ASK"/>
</Pnt>


<Pnt Name="USD-UPS.N">
  <Undly ID="EUR-HNKG_P.DE" PxStrctTyp="EQ_CORRELATION" IssuDtTm="2018-01-29" LastUpdateTm="2018-01-17"/>
  <Msr Val="0.475846583276659" ValTyp="Other" MktDataTyp="ASK"/>
</Pnt>


<Pnt Name="USD-AMGN.O">
  <Undly ID="EUR-HNKG_P.DE" PxStrctTyp="EQ_CORRELATION" IssuDtTm="2018-01-29" LastUpdateTm="2018-01-24"/>
  <Msr Val="0.459230072736169" ValTyp="Other" MktDataTyp="ASK"/>
</Pnt>


<Pnt Name="USD-WMT.N">
  <Undly ID="EUR-HNKG_P.DE" PxStrctTyp="EQ_CORRELATION" IssuDtTm="2018-01-29" LastUpdateTm="2018-01-17"/>
  <Msr Val="0.452154544724071" ValTyp="Other" MktDataTyp="ASK"/>
</Pnt>


<Pnt Name="USD-XLE.N">
  <Undly ID="EUR-HNKG_P.DE" PxStrctTyp="EQ_CORRELATION" IssuDtTm="2018-01-29" LastUpdateTm="2018-01-17"/>
  <Msr Val="0.443019270901635" ValTyp="Other" MktDataTyp="ASK"/>
</Pnt>


<Pnt Name="USD-UNP.N">
  <Undly ID="EUR-HNKG_P.DE" PxStrctTyp="EQ_CORRELATION" IssuDtTm="2018-01-29" LastUpdateTm="2018-01-17"/>
  <Msr Val="0.442608830523943" ValTyp="Other" MktDataTyp="ASK"/>
</Pnt>


<Pnt Name="USD-BUD.N">
  <Undly ID="EUR-HNKG_P.DE" PxStrctTyp="EQ_CORRELATION" IssuDtTm="2018-01-29" LastUpdateTm="2018-01-24"/>
  <Msr Val="0.572619399023016" ValTyp="Other" MktDataTyp="ASK"/>
</Pnt>


<Pnt Name="EUR-RWEG.DE">
  <Undly ID="EUR-HNKG_P.DE" PxStrctTyp="EQ_CORRELATION" IssuDtTm="2018-01-29" LastUpdateTm="2018-01-24"/>
  <Msr Val="0.538709630447319" ValTyp="Other" MktDataTyp="ASK"/>
</Pnt>


<Pnt Name="USD-AMX.N">
  <Undly ID="EUR-HNKG_P.DE" PxStrctTyp="EQ_CORRELATION" IssuDtTm="2018-01-29" LastUpdateTm="2018-01-24"/>
  <Msr Val="0.440123760788137" ValTyp="Other" MktDataTyp="ASK"/>
</Pnt>


<Pnt Name="USD-TWX.N">
  <Undly ID="EUR-HNKG_P.DE" PxStrctTyp="EQ_CORRELATION" IssuDtTm="2018-01-29" LastUpdateTm="2018-01-17"/>
  <Msr Val="0.425040721816442" ValTyp="Other" MktDataTyp="ASK"/>
</Pnt>


<Pnt Name="USD-FDX.N">
  <Undly ID="EUR-HNKG_P.DE" PxStrctTyp="EQ_CORRELATION" IssuDtTm="2018-01-29" LastUpdateTm="2018-01-24"/>
  <Msr Val="0.480547772873191" ValTyp="Other" MktDataTyp="ASK"/>
</Pnt>


<Pnt Name="USD-AET.N">
  <Undly ID="EUR-HNKG_P.DE" PxStrctTyp="EQ_CORRELATION" IssuDtTm="2018-01-29" LastUpdateTm="2018-01-24"/>
  <Msr Val="0.446351909509667" ValTyp="Other" MktDataTyp="ASK"/>
</Pnt>


<Pnt Name="EUR-IBE.MC">
  <Undly ID="EUR-HNKG_P.DE" PxStrctTyp="EQ_CORRELATION" IssuDtTm="2018-01-29" LastUpdateTm="2018-01-24"/>
  <Msr Val="0.553876879638408" ValTyp="Other" MktDataTyp="ASK"/>
</Pnt>


<Pnt Name="GBP-AZN.L">
  <Undly ID="EUR-HNKG_P.DE" PxStrctTyp="EQ_CORRELATION" IssuDtTm="2018-01-29" LastUpdateTm="2018-01-24"/>
  <Msr Val="0.516719675918504" ValTyp="Other" MktDataTyp="ASK"/>
</Pnt>


<Pnt Name="USD-DOW.N">
  <Undly ID="EUR-HNKG_P.DE" PxStrctTyp="EQ_CORRELATION" IssuDtTm="2018-01-29" LastUpdateTm="2018-01-24"/>
  <Msr Val="0.471111131763657" ValTyp="Other" MktDataTyp="ASK"/>
</Pnt>


<Pnt Name="CHF-SSMI IND">
  <Undly ID="EUR-HNKG_P.DE" PxStrctTyp="EQ_CORRELATION" IssuDtTm="2018-01-29" LastUpdateTm="2018-01-24"/>
  <Msr Val="0.632081165480527" ValTyp="Other" MktDataTyp="ASK"/>
</Pnt>


<Pnt Name="USD-EBAY.O">
  <Undly ID="EUR-HNKG_P.DE" PxStrctTyp="EQ_CORRELATION" IssuDtTm="2018-01-29" LastUpdateTm="2018-01-24"/>
  <Msr Val="0.444960375867202" ValTyp="Other" MktDataTyp="ASK"/>
</Pnt>


<Pnt Name="CHF-NOVZN.S">
  <Undly ID="EUR-HNKG_P.DE" PxStrctTyp="EQ_CORRELATION" IssuDtTm="2018-01-29" LastUpdateTm="2018-01-24"/>
  <Msr Val="0.537132980593222" ValTyp="Other" MktDataTyp="ASK"/>
</Pnt>


<Pnt Name="USD-PSX.N">
  <Undly ID="EUR-HNKG_P.DE" PxStrctTyp="EQ_CORRELATION" IssuDtTm="2018-01-29" LastUpdateTm="2018-01-24"/>
  <Msr Val="0.427057393682275" ValTyp="Other" MktDataTyp="ASK"/>
</Pnt>


<Pnt Name="SEK-ERICB.ST">
  <Undly ID="EUR-HNKG_P.DE" PxStrctTyp="EQ_CORRELATION" IssuDtTm="2018-01-29" LastUpdateTm="2018-01-24"/>
  <Msr Val="0.511430074851364" ValTyp="Other" MktDataTyp="ASK"/>
</Pnt>


<Pnt Name="USD-WYNN.O">
  <Undly ID="EUR-HNKG_P.DE" PxStrctTyp="EQ_CORRELATION" IssuDtTm="2018-01-29" LastUpdateTm="2018-01-17"/>
  <Msr Val="0.396325024061347" ValTyp="Other" MktDataTyp="ASK"/>
</Pnt>


<Pnt Name="EUR-GDFPP.PA">
  <Undly ID="EUR-HNKG_P.DE" PxStrctTyp="EQ_CORRELATION" IssuDtTm="2018-01-29" LastUpdateTm="2018-01-24"/>
  <Msr Val="0.552632391841945" ValTyp="Other" MktDataTyp="ASK"/>
</Pnt>


<Pnt Name="HSCEI IND">
  <Undly ID="EUR-HNKG_P.DE" PxStrctTyp="EQ_CORRELATION" IssuDtTm="2018-01-29" LastUpdateTm="2018-01-24"/>
  <Msr Val="0.487571468986768" ValTyp="Other" MktDataTyp="ASK"/>
</Pnt>


<Pnt Name="USD-XOP.N">
  <Undly ID="EUR-HNKG_P.DE" PxStrctTyp="EQ_CORRELATION" IssuDtTm="2018-01-29" LastUpdateTm="2018-01-17"/>
  <Msr Val="0.409939563311926" ValTyp="Other" MktDataTyp="ASK"/>
</Pnt>


<Pnt Name="USD-PG.N">
  <Undly ID="EUR-HNKG_P.DE" PxStrctTyp="EQ_CORRELATION" IssuDtTm="2018-01-29" LastUpdateTm="2018-01-24"/>
  <Msr Val="0.507158624744932" ValTyp="Other" MktDataTyp="ASK"/>
</Pnt>


<Pnt Name="USD-XLY.N">
  <Undly ID="EUR-HNKG_P.DE" PxStrctTyp="EQ_CORRELATION" IssuDtTm="2018-01-29" LastUpdateTm="2018-01-17"/>
  <Msr Val="0.530504305557081" ValTyp="Other" MktDataTyp="ASK"/>
</Pnt>


<Pnt Name="USD-BAC.N">
  <Undly ID="EUR-HNKG_P.DE" PxStrctTyp="EQ_CORRELATION" IssuDtTm="2018-01-29" LastUpdateTm="2018-01-24"/>
  <Msr Val="0.422578960434799" ValTyp="Other" MktDataTyp="ASK"/>
</Pnt>


<Pnt Name="USD-QCOM.O">
  <Undly ID="EUR-HNKG_P.DE" PxStrctTyp="EQ_CORRELATION" IssuDtTm="2018-01-29" LastUpdateTm="2018-01-24"/>
  <Msr Val="0.435963323318924" ValTyp="Other" MktDataTyp="ASK"/>
</Pnt>


<Pnt Name="EUR-FREG.DE">
  <Undly ID="EUR-HNKG_P.DE" PxStrctTyp="EQ_CORRELATION" IssuDtTm="2018-01-29" LastUpdateTm="2018-01-24"/>
  <Msr Val="0.651942175296158" ValTyp="Other" MktDataTyp="ASK"/>
</Pnt>


<Pnt Name="CHF-NESN.S">
  <Undly ID="EUR-HNKG_P.DE" PxStrctTyp="EQ_CORRELATION" IssuDtTm="2018-01-29" LastUpdateTm="2018-01-24"/>
  <Msr Val="0.660157397822355" ValTyp="Other" MktDataTyp="ASK"/>
</Pnt>


<Pnt Name="USD-JPM.N">
  <Undly ID="EUR-HNKG_P.DE" PxStrctTyp="EQ_CORRELATION" IssuDtTm="2018-01-29" LastUpdateTm="2018-01-24"/>
  <Msr Val="0.472499629240846" ValTyp="Other" MktDataTyp="ASK"/>
</Pnt>


<Pnt Name="EUR-LIN.DE">
  <Undly ID="EUR-HNKG_P.DE" PxStrctTyp="EQ_CORRELATION" IssuDtTm="2018-01-29" LastUpdateTm="2018-01-24"/>
  <Msr Val="0.597014663553553" ValTyp="Other" MktDataTyp="ASK"/>
</Pnt>


<Pnt Name="EUR-IBEX 35 IND">
  <Undly ID="EUR-HNKG_P.DE" PxStrctTyp="EQ_CORRELATION" IssuDtTm="2018-01-29" LastUpdateTm="2018-01-24"/>
  <Msr Val="0.573443452371416" ValTyp="Other" MktDataTyp="ASK"/>
</Pnt>


<Pnt Name="USD-SYMC.O">
  <Undly ID="EUR-HNKG_P.DE" PxStrctTyp="EQ_CORRELATION" IssuDtTm="2018-01-29" LastUpdateTm="2018-01-17"/>
  <Msr Val="0.443934849298802" ValTyp="Other" MktDataTyp="ASK"/>
</Pnt>


<Pnt Name="USD-XLI.N">
  <Undly ID="EUR-HNKG_P.DE" PxStrctTyp="EQ_CORRELATION" IssuDtTm="2018-01-29" LastUpdateTm="2018-01-17"/>
  <Msr Val="0.529566082732529" ValTyp="Other" MktDataTyp="ASK"/>
</Pnt>


<Pnt Name="USD-COH.N">
  <Undly ID="EUR-HNKG_P.DE" PxStrctTyp="EQ_CORRELATION" IssuDtTm="2018-01-29" LastUpdateTm="2018-01-24"/>
  <Msr Val="0.413127704551896" ValTyp="Other" MktDataTyp="ASK"/>
</Pnt>


<Pnt Name="EUR-BMW.DE">
  <Undly ID="EUR-HNKG_P.DE" PxStrctTyp="EQ_CORRELATION" IssuDtTm="2018-01-29" LastUpdateTm="2018-01-24"/>
  <Msr Val="0.590131461553407" ValTyp="Other" MktDataTyp="ASK"/>
</Pnt>


<Pnt Name="EUR-UNBP.AS">
  <Undly ID="EUR-HNKG_P.DE" PxStrctTyp="EQ_CORRELATION" IssuDtTm="2018-01-29" LastUpdateTm="2018-01-24"/>
  <Msr Val="0.59280366592352" ValTyp="Other" MktDataTyp="ASK"/>
</Pnt>


<Pnt Name="CAD-TSX60.IND">
  <Undly ID="EUR-HNKG_P.DE" PxStrctTyp="EQ_CORRELATION" IssuDtTm="2018-01-29" LastUpdateTm="2018-01-24"/>
  <Msr Val="0.484117080767034" ValTyp="Other" MktDataTyp="ASK"/>
</Pnt>


<Pnt Name="USD-VIAB.N">
  <Undly ID="EUR-HNKG_P.DE" PxStrctTyp="EQ_CORRELATION" IssuDtTm="2018-01-29" LastUpdateTm="2018-01-17"/>
  <Msr Val="0.431598480582548" ValTyp="Other" MktDataTyp="ASK"/>
</Pnt>


<Pnt Name="EUR-TIT.MI">
  <Undly ID="EUR-HNKG_P.DE" PxStrctTyp="EQ_CORRELATION" IssuDtTm="2018-01-29" LastUpdateTm="2018-01-24"/>
  <Msr Val="0.486810271487786" ValTyp="Other" MktDataTyp="ASK"/>
</Pnt>


<Pnt Name="USD-AMT.N">
  <Undly ID="EUR-HNKG_P.DE" PxStrctTyp="EQ_CORRELATION" IssuDtTm="2018-01-29" LastUpdateTm="2018-01-24"/>
  <Msr Val="0.492925175188138" ValTyp="Other" MktDataTyp="ASK"/>
</Pnt>


<Pnt Name="USD-PNC.N">
  <Undly ID="EUR-HNKG_P.DE" PxStrctTyp="EQ_CORRELATION" IssuDtTm="2018-01-29" LastUpdateTm="2018-01-24"/>
  <Msr Val="0.452026654743177" ValTyp="Other" MktDataTyp="ASK"/>
</Pnt>


<Pnt Name="USD-AIG.N">
  <Undly ID="EUR-HNKG_P.DE" PxStrctTyp="EQ_CORRELATION" IssuDtTm="2018-01-29" LastUpdateTm="2018-01-24"/>
  <Msr Val="0.474261115423233" ValTyp="Other" MktDataTyp="ASK"/>
</Pnt>


<Pnt Name="USD-NKE.N">
  <Undly ID="EUR-HNKG_P.DE" PxStrctTyp="EQ_CORRELATION" IssuDtTm="2018-01-29" LastUpdateTm="2018-01-24"/>
  <Msr Val="0.494723801469559" ValTyp="Other" MktDataTyp="ASK"/>
</Pnt>


<Pnt Name="USD-XLK.N">
  <Undly ID="EUR-HNKG_P.DE" PxStrctTyp="EQ_CORRELATION" IssuDtTm="2018-01-29" LastUpdateTm="2018-01-17"/>
  <Msr Val="0.549960470415364" ValTyp="Other" MktDataTyp="ASK"/>
</Pnt>


<Pnt Name="EUR-CRDI.MI">
  <Undly ID="EUR-HNKG_P.DE" PxStrctTyp="EQ_CORRELATION" IssuDtTm="2018-01-29" LastUpdateTm="2018-01-24"/>
  <Msr Val="0.469999042357696" ValTyp="Other" MktDataTyp="ASK"/>
</Pnt>


<Pnt Name="USD-MELI.O">
  <Undly ID="EUR-HNKG_P.DE" PxStrctTyp="EQ_CORRELATION" IssuDtTm="2018-01-29" LastUpdateTm="2018-01-24"/>
  <Msr Val="0.420736729622835" ValTyp="Other" MktDataTyp="ASK"/>
</Pnt>


<Pnt Name="CHF-CSGN.S">
  <Undly ID="EUR-HNKG_P.DE" PxStrctTyp="EQ_CORRELATION" IssuDtTm="2018-01-29" LastUpdateTm="2018-01-24"/>
  <Msr Val="0.467161614811551" ValTyp="Other" MktDataTyp="ASK"/>
</Pnt>


<Pnt Name="USD-MET.N">
  <Undly ID="EUR-HNKG_P.DE" PxStrctTyp="EQ_CORRELATION" IssuDtTm="2018-01-29" LastUpdateTm="2018-01-24"/>
  <Msr Val="0.456807558267393" ValTyp="Other" MktDataTyp="ASK"/>
</Pnt>


<Pnt Name="EUR-VOWG_P.DE">
  <Undly ID="EUR-HNKG_P.DE" PxStrctTyp="EQ_CORRELATION" IssuDtTm="2018-01-29" LastUpdateTm="2018-01-24"/>
  <Msr Val="0.570773296125205" ValTyp="Other" MktDataTyp="ASK"/>
</Pnt>


<Pnt Name="USD-SCHW.N">
  <Undly ID="EUR-HNKG_P.DE" PxStrctTyp="EQ_CORRELATION" IssuDtTm="2018-01-29" LastUpdateTm="2018-01-17"/>
  <Msr Val="0.434467049021972" ValTyp="Other" MktDataTyp="ASK"/>
</Pnt>


<Pnt Name="EUR-IFXGN.DE">
  <Undly ID="EUR-HNKG_P.DE" PxStrctTyp="EQ_CORRELATION" IssuDtTm="2018-01-29" LastUpdateTm="2018-01-24"/>
  <Msr Val="0.572434973003451" ValTyp="Other" MktDataTyp="ASK"/>
</Pnt>


<Pnt Name="USD-V.N">
  <Undly ID="EUR-HNKG_P.DE" PxStrctTyp="EQ_CORRELATION" IssuDtTm="2018-01-29" LastUpdateTm="2018-01-17"/>
  <Msr Val="0.486965481298906" ValTyp="Other" MktDataTyp="ASK"/>
</Pnt>


<Pnt Name="USD-NDX 100 IND">
  <Undly ID="EUR-HNKG_P.DE" PxStrctTyp="EQ_CORRELATION" IssuDtTm="2018-01-29" LastUpdateTm="2018-01-24"/>
  <Msr Val="0.537950383592106" ValTyp="Other" MktDataTyp="ASK"/>
</Pnt>


<Pnt Name="USD-KR.N">
  <Undly ID="EUR-HNKG_P.DE" PxStrctTyp="EQ_CORRELATION" IssuDtTm="2018-01-29" LastUpdateTm="2018-01-24"/>
  <Msr Val="0.407643029516538" ValTyp="Other" MktDataTyp="ASK"/>
</Pnt>


<Pnt Name="USD-JWN.N">
  <Undly ID="EUR-HNKG_P.DE" PxStrctTyp="EQ_CORRELATION" IssuDtTm="2018-01-29" LastUpdateTm="2018-01-24"/>
  <Msr Val="0.417876579574676" ValTyp="Other" MktDataTyp="ASK"/>
</Pnt>


<Pnt Name="USD-PM.N">
  <Undly ID="EUR-HNKG_P.DE" PxStrctTyp="EQ_CORRELATION" IssuDtTm="2018-01-29" LastUpdateTm="2018-01-24"/>
  <Msr Val="0.510814613235139" ValTyp="Other" MktDataTyp="ASK"/>
</Pnt>


<Pnt Name="USD-HAL.N">
  <Undly ID="EUR-HNKG_P.DE" PxStrctTyp="EQ_CORRELATION" IssuDtTm="2018-01-29" LastUpdateTm="2018-01-24"/>
  <Msr Val="0.365423976845358" ValTyp="Other" MktDataTyp="ASK"/>
</Pnt>


<Pnt Name="GBP-BT.L">
  <Undly ID="EUR-HNKG_P.DE" PxStrctTyp="EQ_CORRELATION" IssuDtTm="2018-01-29" LastUpdateTm="2018-01-24"/>
  <Msr Val="0.471412745766912" ValTyp="Other" MktDataTyp="ASK"/>
</Pnt>


<Pnt Name="USD-WAG.N">
  <Undly ID="EUR-HNKG_P.DE" PxStrctTyp="EQ_CORRELATION" IssuDtTm="2018-01-29" LastUpdateTm="2018-01-17"/>
  <Msr Val="0.433158595266101" ValTyp="Other" MktDataTyp="ASK"/>
</Pnt>


<Pnt Name="USD-NFLX.OQ">
  <Undly ID="EUR-HNKG_P.DE" PxStrctTyp="EQ_CORRELATION" IssuDtTm="2018-01-29" LastUpdateTm="2018-01-24"/>
  <Msr Val="0.421691060982426" ValTyp="Other" MktDataTyp="ASK"/>
</Pnt>


<Pnt Name="USD-GE.N">
  <Undly ID="EUR-HNKG_P.DE" PxStrctTyp="EQ_CORRELATION" IssuDtTm="2018-01-29" LastUpdateTm="2018-01-24"/>
  <Msr Val="0.485325002378434" ValTyp="Other" MktDataTyp="ASK"/>
</Pnt>


<Pnt Name="USD-SPG.N">
  <Undly ID="EUR-HNKG_P.DE" PxStrctTyp="EQ_CORRELATION" IssuDtTm="2018-01-29" LastUpdateTm="2018-01-17"/>
  <Msr Val="0.467381589362946" ValTyp="Other" MktDataTyp="ASK"/>
</Pnt>


<Pnt Name="EUR-LHA.DE">
  <Undly ID="EUR-HNKG_P.DE" PxStrctTyp="EQ_CORRELATION" IssuDtTm="2018-01-29" LastUpdateTm="2018-01-24"/>
  <Msr Val="0.486511495126562" ValTyp="Other" MktDataTyp="ASK"/>
</Pnt>


<Pnt Name="GBP-GLEN.L">
  <Undly ID="EUR-HNKG_P.DE" PxStrctTyp="EQ_CORRELATION" IssuDtTm="2018-01-29" LastUpdateTm="2018-01-24"/>
  <Msr Val="0.402806595570353" ValTyp="Other" MktDataTyp="ASK"/>
</Pnt>


<Pnt Name="USD-INCY.O">
  <Undly ID="EUR-HNKG_P.DE" PxStrctTyp="EQ_CORRELATION" IssuDtTm="2018-01-29" LastUpdateTm="2018-01-24"/>
  <Msr Val="0.413508556731335" ValTyp="Other" MktDataTyp="ASK"/>
</Pnt>


<Pnt Name="EUR-CAGR.PA">
  <Undly ID="EUR-HNKG_P.DE" PxStrctTyp="EQ_CORRELATION" IssuDtTm="2018-01-29" LastUpdateTm="2018-01-24"/>
  <Msr Val="0.486459259031731" ValTyp="Other" MktDataTyp="ASK"/>
</Pnt>


<Pnt Name="USD-T.N">
  <Undly ID="EUR-HNKG_P.DE" PxStrctTyp="EQ_CORRELATION" IssuDtTm="2018-01-29" LastUpdateTm="2018-01-17"/>
  <Msr Val="0.440030852652316" ValTyp="Other" MktDataTyp="ASK"/>
</Pnt>


<Pnt Name="USD-EXPE.O">
  <Undly ID="EUR-HNKG_P.DE" PxStrctTyp="EQ_CORRELATION" IssuDtTm="2018-01-29" LastUpdateTm="2018-01-24"/>
  <Msr Val="0.440813295088551" ValTyp="Other" MktDataTyp="ASK"/>
</Pnt>


<Pnt Name="USD-HD.N">
  <Undly ID="EUR-HNKG_P.DE" PxStrctTyp="EQ_CORRELATION" IssuDtTm="2018-01-29" LastUpdateTm="2018-01-24"/>
  <Msr Val="0.475709436408689" ValTyp="Other" MktDataTyp="ASK"/>
</Pnt>


<Pnt Name="GBP-FTSE IND">
  <Undly ID="EUR-HNKG_P.DE" PxStrctTyp="EQ_CORRELATION" IssuDtTm="2018-01-29" LastUpdateTm="2018-01-24"/>
  <Msr Val="0.614168412159287" ValTyp="Other" MktDataTyp="ASK"/>
</Pnt>


<Pnt Name="USD-D.N">
  <Undly ID="EUR-HNKG_P.DE" PxStrctTyp="EQ_CORRELATION" IssuDtTm="2018-01-29" LastUpdateTm="2018-01-24"/>
  <Msr Val="0.431641482397857" ValTyp="Other" MktDataTyp="ASK"/>
</Pnt>


<Pnt Name="USD-CELG.O">
  <Undly ID="EUR-HNKG_P.DE" PxStrctTyp="EQ_CORRELATION" IssuDtTm="2018-01-29" LastUpdateTm="2018-01-24"/>
  <Msr Val="0.470582008256084" ValTyp="Other" MktDataTyp="ASK"/>
</Pnt>


<Pnt Name="USD-MPC.N">
  <Undly ID="EUR-HNKG_P.DE" PxStrctTyp="EQ_CORRELATION" IssuDtTm="2018-01-29" LastUpdateTm="2018-01-24"/>
  <Msr Val="0.378334351172387" ValTyp="Other" MktDataTyp="ASK"/>
</Pnt>


<Pnt Name="USD-DIS.N">
  <Undly ID="EUR-HNKG_P.DE" PxStrctTyp="EQ_CORRELATION" IssuDtTm="2018-01-29" LastUpdateTm="2018-01-24"/>
  <Msr Val="0.490447824754229" ValTyp="Other" MktDataTyp="ASK"/>
</Pnt>


<Pnt Name="EUR-ASML.AS">
  <Undly ID="EUR-HNKG_P.DE" PxStrctTyp="EQ_CORRELATION" IssuDtTm="2018-01-29" LastUpdateTm="2018-01-24"/>
  <Msr Val="0.533303176949336" ValTyp="Other" MktDataTyp="ASK"/>
</Pnt>


<Pnt Name="EUR-TOTF.PA">
  <Undly ID="EUR-HNKG_P.DE" PxStrctTyp="EQ_CORRELATION" IssuDtTm="2018-01-29" LastUpdateTm="2018-01-24"/>
  <Msr Val="0.537584486789895" ValTyp="Other" MktDataTyp="ASK"/>
</Pnt>


<Pnt Name="EUR-TKAG.DE">
  <Undly ID="EUR-HNKG_P.DE" PxStrctTyp="EQ_CORRELATION" IssuDtTm="2018-01-29" LastUpdateTm="2018-01-24"/>
  <Msr Val="0.538072030119186" ValTyp="Other" MktDataTyp="ASK"/>
</Pnt>


<Pnt Name="EUROSTOXX50 IND">
  <Undly ID="EUR-HNKG_P.DE" PxStrctTyp="EQ_CORRELATION" IssuDtTm="2018-01-29" LastUpdateTm="2018-01-24"/>
  <Msr Val="0.634443638278889" ValTyp="Other" MktDataTyp="ASK"/>
</Pnt>


<Pnt Name="EUR-ENI.MI">
  <Undly ID="EUR-HNKG_P.DE" PxStrctTyp="EQ_CORRELATION" IssuDtTm="2018-01-29" LastUpdateTm="2018-01-24"/>
  <Msr Val="0.518006194234379" ValTyp="Other" MktDataTyp="ASK"/>
</Pnt>


<Pnt Name="SEK-VOLVB.ST">
  <Undly ID="EUR-HNKG_P.DE" PxStrctTyp="EQ_CORRELATION" IssuDtTm="2018-01-29" LastUpdateTm="2018-01-24"/>
  <Msr Val="0.484103656948879" ValTyp="Other" MktDataTyp="ASK"/>
</Pnt>


<Pnt Name="USD-AMAT.O">
  <Undly ID="EUR-HNKG_P.DE" PxStrctTyp="EQ_CORRELATION" IssuDtTm="2018-01-29" LastUpdateTm="2018-01-24"/>
  <Msr Val="0.461331012255952" ValTyp="Other" MktDataTyp="ASK"/>
</Pnt>


<Pnt Name="USD-KRFTV.O">
  <Undly ID="EUR-HNKG_P.DE" PxStrctTyp="EQ_CORRELATION" IssuDtTm="2018-01-29" LastUpdateTm="2018-01-24"/>
  <Msr Val="0.501568590668711" ValTyp="Other" MktDataTyp="ASK"/>
</Pnt>


<Pnt Name="USD-XLP.N">
  <Undly ID="EUR-HNKG_P.DE" PxStrctTyp="EQ_CORRELATION" IssuDtTm="2018-01-29" LastUpdateTm="2018-01-17"/>
  <Msr Val="0.566116457186215" ValTyp="Other" MktDataTyp="ASK"/>
</Pnt>


<Pnt Name="USD-KORS.N">
  <Undly ID="EUR-HNKG_P.DE" PxStrctTyp="EQ_CORRELATION" IssuDtTm="2018-01-29" LastUpdateTm="2018-01-24"/>
  <Msr Val="0.415768294654856" ValTyp="Other" MktDataTyp="ASK"/>
</Pnt>


<Pnt Name="GBP-PRU.L">
  <Undly ID="EUR-HNKG_P.DE" PxStrctTyp="EQ_CORRELATION" IssuDtTm="2018-01-29" LastUpdateTm="2018-01-24"/>
  <Msr Val="0.514550988771399" ValTyp="Other" MktDataTyp="ASK"/>
</Pnt>


<Pnt Name="EUR-BASF.DE">
  <Undly ID="EUR-HNKG_P.DE" PxStrctTyp="EQ_CORRELATION" IssuDtTm="2018-01-29" LastUpdateTm="2018-01-24"/>
  <Msr Val="0.618383470884956" ValTyp="Other" MktDataTyp="ASK"/>
</Pnt>


<Pnt Name="USD-ABBV-W.N">
  <Undly ID="EUR-HNKG_P.DE" PxStrctTyp="EQ_CORRELATION" IssuDtTm="2018-01-29" LastUpdateTm="2018-01-24"/>
  <Msr Val="0.453391752335178" ValTyp="Other" MktDataTyp="ASK"/>
</Pnt>


<Pnt Name="USD-HYG.P">
  <Undly ID="EUR-HNKG_P.DE" PxStrctTyp="EQ_CORRELATION" IssuDtTm="2018-01-29" LastUpdateTm="2018-01-24"/>
  <Msr Val="0.483969361845672" ValTyp="Other" MktDataTyp="ASK"/>
</Pnt>


<Pnt Name="GBP-VOD.L">
  <Undly ID="EUR-HNKG_P.DE" PxStrctTyp="EQ_CORRELATION" IssuDtTm="2018-01-29" LastUpdateTm="2018-01-24"/>
  <Msr Val="0.529668770812176" ValTyp="Other" MktDataTyp="ASK"/>
</Pnt>


<Pnt Name="USD-SLB.N">
  <Undly ID="EUR-HNKG_P.DE" PxStrctTyp="EQ_CORRELATION" IssuDtTm="2018-01-29" LastUpdateTm="2018-01-17"/>
  <Msr Val="0.410710468972737" ValTyp="Other" MktDataTyp="ASK"/>
</Pnt>


<Pnt Name="AS51 IND">
  <Undly ID="EUR-HNKG_P.DE" PxStrctTyp="EQ_CORRELATION" IssuDtTm="2018-01-29" LastUpdateTm="2018-01-24"/>
  <Msr Val="0.491674737283125" ValTyp="Other" MktDataTyp="ASK"/>
</Pnt>


<Pnt Name="CHF-UBSG.S">
  <Undly ID="EUR-HNKG_P.DE" PxStrctTyp="EQ_CORRELATION" IssuDtTm="2018-01-29" LastUpdateTm="2018-01-24"/>
  <Msr Val="0.526195669812661" ValTyp="Other" MktDataTyp="ASK"/>
</Pnt>


<Pnt Name="EUR-DPW.DE">
  <Undly ID="EUR-HNKG_P.DE" PxStrctTyp="EQ_CORRELATION" IssuDtTm="2018-01-29" LastUpdateTm="2018-01-24"/>
  <Msr Val="0.598688042135386" ValTyp="Other" MktDataTyp="ASK"/>
</Pnt>


<Pnt Name="USD-GD.N">
  <Undly ID="EUR-HNKG_P.DE" PxStrctTyp="EQ_CORRELATION" IssuDtTm="2018-01-29" LastUpdateTm="2018-01-24"/>
  <Msr Val="0.498123688814941" ValTyp="Other" MktDataTyp="ASK"/>
</Pnt>


<Pnt Name="CHF-SRENH.S">
  <Undly ID="EUR-HNKG_P.DE" PxStrctTyp="EQ_CORRELATION" IssuDtTm="2018-01-29" LastUpdateTm="2018-01-24"/>
  <Msr Val="0.546633701397891" ValTyp="Other" MktDataTyp="ASK"/>
</Pnt>


<Pnt Name="EUR-SCHN.PA">
  <Undly ID="EUR-HNKG_P.DE" PxStrctTyp="EQ_CORRELATION" IssuDtTm="2018-01-29" LastUpdateTm="2018-01-24"/>
  <Msr Val="0.558719446115206" ValTyp="Other" MktDataTyp="ASK"/>
</Pnt>


<Pnt Name="USD-PCAR.O">
  <Undly ID="EUR-HNKG_P.DE" PxStrctTyp="EQ_CORRELATION" IssuDtTm="2018-01-29" LastUpdateTm="2018-01-24"/>
  <Msr Val="0.473892187408658" ValTyp="Other" MktDataTyp="ASK"/>
</Pnt>


<Pnt Name="USD-CHTR.O">
  <Undly ID="EUR-HNKG_P.DE" PxStrctTyp="EQ_CORRELATION" IssuDtTm="2018-01-29" LastUpdateTm="2018-01-24"/>
  <Msr Val="0.434520637831855" ValTyp="Other" MktDataTyp="ASK"/>
</Pnt>


<Pnt Name="USD-MMM.N">
  <Undly ID="EUR-HNKG_P.DE" PxStrctTyp="EQ_CORRELATION" IssuDtTm="2018-01-29" LastUpdateTm="2018-01-24"/>
  <Msr Val="0.513666416530498" ValTyp="Other" MktDataTyp="ASK"/>
</Pnt>


<Pnt Name="USD-AMD.N">
  <Undly ID="EUR-HNKG_P.DE" PxStrctTyp="EQ_CORRELATION" IssuDtTm="2018-01-29" LastUpdateTm="2018-01-24"/>
  <Msr Val="0.373305257943687" ValTyp="Other" MktDataTyp="ASK"/>
</Pnt>


<Pnt Name="USD-USB.N">
  <Undly ID="EUR-HNKG_P.DE" PxStrctTyp="EQ_CORRELATION" IssuDtTm="2018-01-29" LastUpdateTm="2018-01-17"/>
  <Msr Val="0.469541285187096" ValTyp="Other" MktDataTyp="ASK"/>
</Pnt>


<Pnt Name="EUR-RENA.PA">
  <Undly ID="EUR-HNKG_P.DE" PxStrctTyp="EQ_CORRELATION" IssuDtTm="2018-01-29" LastUpdateTm="2018-01-24"/>
  <Msr Val="0.523734412479028" ValTyp="Other" MktDataTyp="ASK"/>
</Pnt>


<Pnt Name="USD-CVS.N">
  <Undly ID="EUR-HNKG_P.DE" PxStrctTyp="EQ_CORRELATION" IssuDtTm="2018-01-29" LastUpdateTm="2018-01-24"/>
  <Msr Val="0.467487318363037" ValTyp="Other" MktDataTyp="ASK"/>
</Pnt>


<Pnt Name="EUR-AHLN.AS">
  <Undly ID="EUR-HNKG_P.DE" PxStrctTyp="EQ_CORRELATION" IssuDtTm="2018-01-29" LastUpdateTm="2018-01-24"/>
  <Msr Val="0.599899721051241" ValTyp="Other" MktDataTyp="ASK"/>
</Pnt>


<Pnt Name="EUR-MUVGN.DE">
  <Undly ID="EUR-HNKG_P.DE" PxStrctTyp="EQ_CORRELATION" IssuDtTm="2018-01-29" LastUpdateTm="2018-01-24"/>
  <Msr Val="0.605378703773428" ValTyp="Other" MktDataTyp="ASK"/>
</Pnt>


<Pnt Name="EUR-GASI.MI">
  <Undly ID="EUR-HNKG_P.DE" PxStrctTyp="EQ_CORRELATION" IssuDtTm="2018-01-29" LastUpdateTm="2018-01-24"/>
  <Msr Val="0.503449689730215" ValTyp="Other" MktDataTyp="ASK"/>
</Pnt>


<Pnt Name="USD-FXI.N">
  <Undly ID="EUR-HNKG_P.DE" PxStrctTyp="EQ_CORRELATION" IssuDtTm="2018-01-29" LastUpdateTm="2018-01-24"/>
  <Msr Val="0.46020242791061" ValTyp="Other" MktDataTyp="ASK"/>
</Pnt>


<Pnt Name="GBP-HSBA.L">
  <Undly ID="EUR-HNKG_P.DE" PxStrctTyp="EQ_CORRELATION" IssuDtTm="2018-01-29" LastUpdateTm="2018-01-24"/>
  <Msr Val="0.48495761904536" ValTyp="Other" MktDataTyp="ASK"/>
</Pnt>


<Pnt Name="USD-APA.N">
  <Undly ID="EUR-HNKG_P.DE" PxStrctTyp="EQ_CORRELATION" IssuDtTm="2018-01-29" LastUpdateTm="2018-01-24"/>
  <Msr Val="0.377503695940951" ValTyp="Other" MktDataTyp="ASK"/>
</Pnt>


<Pnt Name="USD-EOG.N">
  <Undly ID="EUR-HNKG_P.DE" PxStrctTyp="EQ_CORRELATION" IssuDtTm="2018-01-29" LastUpdateTm="2018-01-24"/>
  <Msr Val="0.380791155629717" ValTyp="Other" MktDataTyp="ASK"/>
</Pnt>


<Pnt Name="USD-ORCL.O">
  <Undly ID="EUR-HNKG_P.DE" PxStrctTyp="EQ_CORRELATION" IssuDtTm="2018-01-29" LastUpdateTm="2018-01-24"/>
  <Msr Val="0.436194888908999" ValTyp="Other" MktDataTyp="ASK"/>
</Pnt>


<Pnt Name="CHF-SCMN.S">
  <Undly ID="EUR-HNKG_P.DE" PxStrctTyp="EQ_CORRELATION" IssuDtTm="2018-01-29" LastUpdateTm="2018-01-24"/>
  <Msr Val="0.574227839945288" ValTyp="Other" MktDataTyp="ASK"/>
</Pnt>


<Pnt Name="EUR-ADSGN.DE">
  <Undly ID="EUR-HNKG_P.DE" PxStrctTyp="EQ_CORRELATION" IssuDtTm="2018-01-29" LastUpdateTm="2018-01-24"/>
  <Msr Val="0.554777979259522" ValTyp="Other" MktDataTyp="ASK"/>
</Pnt>


<Pnt Name="USD-GOOG.O">
  <Undly ID="EUR-HNKG_P.DE" PxStrctTyp="EQ_CORRELATION" IssuDtTm="2018-01-29" LastUpdateTm="2018-01-24"/>
  <Msr Val="0.486794221019151" ValTyp="Other" MktDataTyp="ASK"/>
</Pnt>


<Pnt Name="USD-CSX.N">
  <Undly ID="EUR-HNKG_P.DE" PxStrctTyp="EQ_CORRELATION" IssuDtTm="2018-01-29" LastUpdateTm="2018-01-24"/>
  <Msr Val="0.429764378314879" ValTyp="Other" MktDataTyp="ASK"/>
</Pnt>


<Pnt Name="EUR-DANO.PA">
  <Undly ID="EUR-HNKG_P.DE" PxStrctTyp="EQ_CORRELATION" IssuDtTm="2018-01-29" LastUpdateTm="2018-01-24"/>
  <Msr Val="0.665544003035428" ValTyp="Other" MktDataTyp="ASK"/>
</Pnt>


<Pnt Name="USD-HAS.N">
  <Undly ID="EUR-HNKG_P.DE" PxStrctTyp="EQ_CORRELATION" IssuDtTm="2018-01-29" LastUpdateTm="2018-01-24"/>
  <Msr Val="0.449650913823927" ValTyp="Other" MktDataTyp="ASK"/>
</Pnt>


<Pnt Name="GBP-BLT.L">
  <Undly ID="EUR-HNKG_P.DE" PxStrctTyp="EQ_CORRELATION" IssuDtTm="2018-01-29" LastUpdateTm="2018-01-24"/>
  <Msr Val="0.426539848265977" ValTyp="Other" MktDataTyp="ASK"/>
</Pnt>


<Pnt Name="USD-IBB.O">
  <Undly ID="EUR-HNKG_P.DE" PxStrctTyp="EQ_CORRELATION" IssuDtTm="2018-01-29" LastUpdateTm="2018-01-24"/>
  <Msr Val="0.471634907400738" ValTyp="Other" MktDataTyp="ASK"/>
</Pnt>


<Pnt Name="EUR-LVMH.PA">
  <Undly ID="EUR-HNKG_P.DE" PxStrctTyp="EQ_CORRELATION" IssuDtTm="2018-01-29" LastUpdateTm="2018-01-24"/>
  <Msr Val="0.585665968766288" ValTyp="Other" MktDataTyp="ASK"/>
</Pnt>


<Pnt Name="USD-CB.N">
  <Undly ID="EUR-HNKG_P.DE" PxStrctTyp="EQ_CORRELATION" IssuDtTm="2018-01-29" LastUpdateTm="2018-01-24"/>
  <Msr Val="0.475924614296734" ValTyp="Other" MktDataTyp="ASK"/>
</Pnt>


<Pnt Name="USD-XLU.N">
  <Undly ID="EUR-HNKG_P.DE" PxStrctTyp="EQ_CORRELATION" IssuDtTm="2018-01-29" LastUpdateTm="2018-01-17"/>
  <Msr Val="0.443468431176333" ValTyp="Other" MktDataTyp="ASK"/>
</Pnt>


<Pnt Name="USD-WLP.N">
  <Undly ID="EUR-HNKG_P.DE" PxStrctTyp="EQ_CORRELATION" IssuDtTm="2018-01-29" LastUpdateTm="2018-01-17"/>
  <Msr Val="0.421170005429774" ValTyp="Other" MktDataTyp="ASK"/>
</Pnt>


<Pnt Name="EUR-EAUG.PA">
  <Undly ID="EUR-HNKG_P.DE" PxStrctTyp="EQ_CORRELATION" IssuDtTm="2018-01-29" LastUpdateTm="2018-01-24"/>
  <Msr Val="0.520153939011727" ValTyp="Other" MktDataTyp="ASK"/>
</Pnt>


<Pnt Name="USD-COF.N">
  <Undly ID="EUR-HNKG_P.DE" PxStrctTyp="EQ_CORRELATION" IssuDtTm="2018-01-29" LastUpdateTm="2018-01-24"/>
  <Msr Val="0.448301726045541" ValTyp="Other" MktDataTyp="ASK"/>
</Pnt>


<Pnt Name="EUR-UNC.AS">
  <Undly ID="EUR-HNKG_P.DE" PxStrctTyp="EQ_CORRELATION" IssuDtTm="2018-01-29" LastUpdateTm="2018-01-24"/>
  <Msr Val="0.694952326736079" ValTyp="Other" MktDataTyp="ASK"/>
</Pnt>


<Pnt Name="USD-BBD.N">
  <Undly ID="EUR-HNKG_P.DE" PxStrctTyp="EQ_CORRELATION" IssuDtTm="2018-01-29" LastUpdateTm="2018-01-24"/>
  <Msr Val="0.416507323801621" ValTyp="Other" MktDataTyp="ASK"/>
</Pnt>


<Pnt Name="USD-MDY.P">
  <Undly ID="EUR-HNKG_P.DE" PxStrctTyp="EQ_CORRELATION" IssuDtTm="2018-01-29" LastUpdateTm="2018-01-24"/>
  <Msr Val="0.517296424441653" ValTyp="Other" MktDataTyp="ASK"/>
</Pnt>


<Pnt Name="USD-ACT.N">
  <Undly ID="EUR-HNKG_P.DE" PxStrctTyp="EQ_CORRELATION" IssuDtTm="2018-01-29" LastUpdateTm="2018-01-24"/>
  <Msr Val="0.44710334505983" ValTyp="Other" MktDataTyp="ASK"/>
</Pnt>


<Pnt Name="USD-XLV.N">
  <Undly ID="EUR-HNKG_P.DE" PxStrctTyp="EQ_CORRELATION" IssuDtTm="2018-01-29" LastUpdateTm="2018-01-17"/>
  <Msr Val="0.546839940953581" ValTyp="Other" MktDataTyp="ASK"/>
</Pnt>


<Pnt Name="EUR-BAYG.DE">
  <Undly ID="EUR-HNKG_P.DE" PxStrctTyp="EQ_CORRELATION" IssuDtTm="2018-01-29" LastUpdateTm="2018-01-24"/>
  <Msr Val="0.603780541278954" ValTyp="Other" MktDataTyp="ASK"/>
</Pnt>


<Pnt Name="EUR-BBV.MC">
  <Undly ID="EUR-HNKG_P.DE" PxStrctTyp="EQ_CORRELATION" IssuDtTm="2018-01-29" LastUpdateTm="2018-01-24"/>
  <Msr Val="0.492020820704292" ValTyp="Other" MktDataTyp="ASK"/>
</Pnt>


<Pnt Name="USD-EWZ.N">
  <Undly ID="EUR-HNKG_P.DE" PxStrctTyp="EQ_CORRELATION" IssuDtTm="2018-01-29" LastUpdateTm="2018-01-24"/>
  <Msr Val="0.451557898196691" ValTyp="Other" MktDataTyp="ASK"/>
</Pnt>


<Pnt Name="EUR-CONG.DE">
  <Undly ID="EUR-HNKG_P.DE" PxStrctTyp="EQ_CORRELATION" IssuDtTm="2018-01-29" LastUpdateTm="2018-01-24"/>
  <Msr Val="0.585061502619148" ValTyp="Other" MktDataTyp="ASK"/>
</Pnt>


<Pnt Name="USD-BK.N">
  <Undly ID="EUR-HNKG_P.DE" PxStrctTyp="EQ_CORRELATION" IssuDtTm="2018-01-29" LastUpdateTm="2018-01-24"/>
  <Msr Val="0.508036274712185" ValTyp="Other" MktDataTyp="ASK"/>
</Pnt>


<Pnt Name="GBP-DGE.L">
  <Undly ID="EUR-HNKG_P.DE" PxStrctTyp="EQ_CORRELATION" IssuDtTm="2018-01-29" LastUpdateTm="2018-01-24"/>
  <Msr Val="0.61493352890828" ValTyp="Other" MktDataTyp="ASK"/>
</Pnt>


<Pnt Name="USD-LLY.N">
  <Undly ID="EUR-HNKG_P.DE" PxStrctTyp="EQ_CORRELATION" IssuDtTm="2018-01-29" LastUpdateTm="2018-01-24"/>
  <Msr Val="0.440412219658356" ValTyp="Other" MktDataTyp="ASK"/>
</Pnt>


<Pnt Name="SEK-HMB.ST">
  <Undly ID="EUR-HNKG_P.DE" PxStrctTyp="EQ_CORRELATION" IssuDtTm="2018-01-29" LastUpdateTm="2018-01-24"/>
  <Msr Val="0.54244616110705" ValTyp="Other" MktDataTyp="ASK"/>
</Pnt>


<Pnt Name="CHF-HOLN.S">
  <Undly ID="EUR-HNKG_P.DE" PxStrctTyp="EQ_CORRELATION" IssuDtTm="2018-01-29" LastUpdateTm="2018-01-24"/>
  <Msr Val="0.512802252778867" ValTyp="Other" MktDataTyp="ASK"/>
</Pnt>


<Pnt Name="USD-VALE.N">
  <Undly ID="EUR-HNKG_P.DE" PxStrctTyp="EQ_CORRELATION" IssuDtTm="2018-01-29" LastUpdateTm="2018-01-17"/>
  <Msr Val="0.357956850640165" ValTyp="Other" MktDataTyp="ASK"/>
</Pnt>


<Pnt Name="EUR-TEF.MC">
  <Undly ID="EUR-HNKG_P.DE" PxStrctTyp="EQ_CORRELATION" IssuDtTm="2018-01-29" LastUpdateTm="2018-01-24"/>
  <Msr Val="0.557445390660267" ValTyp="Other" MktDataTyp="ASK"/>
</Pnt>


<Pnt Name="USD-KEY.N">
  <Undly ID="EUR-HNKG_P.DE" PxStrctTyp="EQ_CORRELATION" IssuDtTm="2018-01-29" LastUpdateTm="2018-01-24"/>
  <Msr Val="0.435370994365509" ValTyp="Other" MktDataTyp="ASK"/>
</Pnt>


<Pnt Name="USD-UNH.N">
  <Undly ID="EUR-HNKG_P.DE" PxStrctTyp="EQ_CORRELATION" IssuDtTm="2018-01-29" LastUpdateTm="2018-01-17"/>
  <Msr Val="0.469054053383311" ValTyp="Other" MktDataTyp="ASK"/>
</Pnt>


<Pnt Name="USD-MRK.N">
  <Undly ID="EUR-HNKG_P.DE" PxStrctTyp="EQ_CORRELATION" IssuDtTm="2018-01-29" LastUpdateTm="2018-01-24"/>
  <Msr Val="0.485796694552256" ValTyp="Other" MktDataTyp="ASK"/>
</Pnt>


<Pnt Name="EUR-SASY.PA">
  <Undly ID="EUR-HNKG_P.DE" PxStrctTyp="EQ_CORRELATION" IssuDtTm="2018-01-29" LastUpdateTm="2018-01-24"/>
  <Msr Val="0.540513983448633" ValTyp="Other" MktDataTyp="ASK"/>
</Pnt>


<Pnt Name="EUR-DBKGN.DE">
  <Undly ID="EUR-HNKG_P.DE" PxStrctTyp="EQ_CORRELATION" IssuDtTm="2018-01-29" LastUpdateTm="2018-01-24"/>
  <Msr Val="0.511398842975775" ValTyp="Other" MktDataTyp="ASK"/>
</Pnt>


<Pnt Name="CHF-ZURN.S">
  <Undly ID="EUR-HNKG_P.DE" PxStrctTyp="EQ_CORRELATION" IssuDtTm="2018-01-29" LastUpdateTm="2018-01-24"/>
  <Msr Val="0.551375879948399" ValTyp="Other" MktDataTyp="ASK"/>
</Pnt>


<Pnt Name="GBP-RDSB.L">
  <Undly ID="EUR-HNKG_P.DE" PxStrctTyp="EQ_CORRELATION" IssuDtTm="2018-01-29" LastUpdateTm="2018-01-24"/>
  <Msr Val="0.480800265512654" ValTyp="Other" MktDataTyp="ASK"/>
</Pnt>


<Pnt Name="USD-GM.N">
  <Undly ID="EUR-HNKG_P.DE" PxStrctTyp="EQ_CORRELATION" IssuDtTm="2018-01-29" LastUpdateTm="2018-01-24"/>
  <Msr Val="0.422734673841883" ValTyp="Other" MktDataTyp="ASK"/>
</Pnt>


<Pnt Name="USD-FCX.N">
  <Undly ID="EUR-HNKG_P.DE" PxStrctTyp="EQ_CORRELATION" IssuDtTm="2018-01-29" LastUpdateTm="2018-01-24"/>
  <Msr Val="0.365622469582099" ValTyp="Other" MktDataTyp="ASK"/>
</Pnt>


<Pnt Name="SEK-SEBA.ST">
  <Undly ID="EUR-HNKG_P.DE" PxStrctTyp="EQ_CORRELATION" IssuDtTm="2018-01-29" LastUpdateTm="2018-01-24"/>
  <Msr Val="0.515563935107237" ValTyp="Other" MktDataTyp="ASK"/>
</Pnt>


<Pnt Name="USD-GG.N">
  <Undly ID="EUR-HNKG_P.DE" PxStrctTyp="EQ_CORRELATION" IssuDtTm="2018-01-29" LastUpdateTm="2018-01-24"/>
  <Msr Val="0.329254948802855" ValTyp="Other" MktDataTyp="ASK"/>
</Pnt>


<Pnt Name="USD-VZ.N">
  <Undly ID="EUR-HNKG_P.DE" PxStrctTyp="EQ_CORRELATION" IssuDtTm="2018-01-29" LastUpdateTm="2018-01-17"/>
  <Msr Val="0.446054661703375" ValTyp="Other" MktDataTyp="ASK"/>
</Pnt>


<Pnt Name="EUR-PERP.PA">
  <Undly ID="EUR-HNKG_P.DE" PxStrctTyp="EQ_CORRELATION" IssuDtTm="2018-01-29" LastUpdateTm="2018-01-24"/>
  <Msr Val="0.659509508414111" ValTyp="Other" MktDataTyp="ASK"/>
</Pnt>


<Pnt Name="USD-HWP.N">
  <Undly ID="EUR-HNKG_P.DE" PxStrctTyp="EQ_CORRELATION" IssuDtTm="2018-01-29" LastUpdateTm="2018-01-24"/>
  <Msr Val="0.410740124435437" ValTyp="Other" MktDataTyp="ASK"/>
</Pnt>


<Pnt Name="USD-MDLZV.O">
  <Undly ID="EUR-HNKG_P.DE" PxStrctTyp="EQ_CORRELATION" IssuDtTm="2018-01-29" LastUpdateTm="2018-01-24"/>
  <Msr Val="0.489029108585651" ValTyp="Other" MktDataTyp="ASK"/>
</Pnt>


<Pnt Name="USD-BRKB.N">
  <Undly ID="EUR-HNKG_P.DE" PxStrctTyp="EQ_CORRELATION" IssuDtTm="2018-01-29" LastUpdateTm="2018-01-24"/>
  <Msr Val="0.494680409901175" ValTyp="Other" MktDataTyp="ASK"/>
</Pnt>


<Pnt Name="USD-GS.N">
  <Undly ID="EUR-HNKG_P.DE" PxStrctTyp="EQ_CORRELATION" IssuDtTm="2018-01-29" LastUpdateTm="2018-01-24"/>
  <Msr Val="0.475746656084109" ValTyp="Other" MktDataTyp="ASK"/>
</Pnt>


<Pnt Name="EUR-HEIG.DE">
  <Undly ID="EUR-HNKG_P.DE" PxStrctTyp="EQ_CORRELATION" IssuDtTm="2018-01-29" LastUpdateTm="2018-01-24"/>
  <Msr Val="0.57784517923946" ValTyp="Other" MktDataTyp="ASK"/>
</Pnt>


<Pnt Name="USD-INTC.O">
  <Undly ID="EUR-HNKG_P.DE" PxStrctTyp="EQ_CORRELATION" IssuDtTm="2018-01-29" LastUpdateTm="2018-01-24"/>
  <Msr Val="0.442810574949915" ValTyp="Other" MktDataTyp="ASK"/>
</Pnt>


<Pnt Name="USD-ISRG.OQ">
  <Undly ID="EUR-HNKG_P.DE" PxStrctTyp="EQ_CORRELATION" IssuDtTm="2018-01-29" LastUpdateTm="2018-01-24"/>
  <Msr Val="0.451247535914667" ValTyp="Other" MktDataTyp="ASK"/>
</Pnt>


<Pnt Name="USD-BA.N">
  <Undly ID="EUR-HNKG_P.DE" PxStrctTyp="EQ_CORRELATION" IssuDtTm="2018-01-29" LastUpdateTm="2018-01-24"/>
  <Msr Val="0.482465237445562" ValTyp="Other" MktDataTyp="ASK"/>
</Pnt>


<Pnt Name="EUR-OREP.PA">
  <Undly ID="EUR-HNKG_P.DE" PxStrctTyp="EQ_CORRELATION" IssuDtTm="2018-01-29" LastUpdateTm="2018-01-24"/>
  <Msr Val="0.730525202104237" ValTyp="Other" MktDataTyp="ASK"/>
</Pnt>


<Pnt Name="USD-F.N">
  <Undly ID="EUR-HNKG_P.DE" PxStrctTyp="EQ_CORRELATION" IssuDtTm="2018-01-29" LastUpdateTm="2018-01-24"/>
  <Msr Val="0.423425423547936" ValTyp="Other" MktDataTyp="ASK"/>
</Pnt>


<Pnt Name="EUR-ALVG.DE">
  <Undly ID="EUR-HNKG_P.DE" PxStrctTyp="EQ_CORRELATION" IssuDtTm="2018-01-29" LastUpdateTm="2018-01-24"/>
  <Msr Val="0.610691942516217" ValTyp="Other" MktDataTyp="ASK"/>
</Pnt>


<Pnt Name="USD-XME.N">
  <Undly ID="EUR-HNKG_P.DE" PxStrctTyp="EQ_CORRELATION" IssuDtTm="2018-01-29" LastUpdateTm="2018-01-17"/>
  <Msr Val="0.384514906168853" ValTyp="Other" MktDataTyp="ASK"/>
</Pnt>


<Pnt Name="USD-CSCO.O">
  <Undly ID="EUR-HNKG_P.DE" PxStrctTyp="EQ_CORRELATION" IssuDtTm="2018-01-29" LastUpdateTm="2018-01-24"/>
  <Msr Val="0.470788096030357" ValTyp="Other" MktDataTyp="ASK"/>
</Pnt>


<Pnt Name="GBP-BARC.L">
  <Undly ID="EUR-HNKG_P.DE" PxStrctTyp="EQ_CORRELATION" IssuDtTm="2018-01-29" LastUpdateTm="2018-01-24"/>
  <Msr Val="0.453740356851257" ValTyp="Other" MktDataTyp="ASK"/>
</Pnt>


<Pnt Name="USD-APC.N">
  <Undly ID="EUR-HNKG_P.DE" PxStrctTyp="EQ_CORRELATION" IssuDtTm="2018-01-29" LastUpdateTm="2018-01-24"/>
  <Msr Val="0.355098370323541" ValTyp="Other" MktDataTyp="ASK"/>
</Pnt>


<Pnt Name="USD-FL.N">
  <Undly ID="EUR-HNKG_P.DE" PxStrctTyp="EQ_CORRELATION" IssuDtTm="2018-01-29" LastUpdateTm="2018-01-24"/>
  <Msr Val="0.407698582451031" ValTyp="Other" MktDataTyp="ASK"/>
</Pnt>


<Pnt Name="USD-ESRX.O">
  <Undly ID="EUR-HNKG_P.DE" PxStrctTyp="EQ_CORRELATION" IssuDtTm="2018-01-29" LastUpdateTm="2018-01-24"/>
  <Msr Val="0.422092164180773" ValTyp="Other" MktDataTyp="ASK"/>
</Pnt>


<Pnt Name="USD-DD.N">
  <Undly ID="EUR-HNKG_P.DE" PxStrctTyp="EQ_CORRELATION" IssuDtTm="2018-01-29" LastUpdateTm="2018-01-24"/>
  <Msr Val="0.482514862328325" ValTyp="Other" MktDataTyp="ASK"/>
</Pnt>


<Pnt Name="USD-COST.O">
  <Undly ID="EUR-HNKG_P.DE" PxStrctTyp="EQ_CORRELATION" IssuDtTm="2018-01-29" LastUpdateTm="2018-01-24"/>
  <Msr Val="0.428876040967833" ValTyp="Other" MktDataTyp="ASK"/>
</Pnt>


<Pnt Name="USD-CCL.N">
  <Undly ID="EUR-HNKG_P.DE" PxStrctTyp="EQ_CORRELATION" IssuDtTm="2018-01-29" LastUpdateTm="2018-01-24"/>
  <Msr Val="0.464522502787626" ValTyp="Other" MktDataTyp="ASK"/>
</Pnt>


<Pnt Name="USD-RTY INDEX">
  <Undly ID="EUR-HNKG_P.DE" PxStrctTyp="EQ_CORRELATION" IssuDtTm="2018-01-29" LastUpdateTm="2018-01-24"/>
  <Msr Val="0.518385372653719" ValTyp="Other" MktDataTyp="ASK"/>
</Pnt>


<Pnt Name="USD-AAPL.O">
  <Undly ID="EUR-HNKG_P.DE" PxStrctTyp="EQ_CORRELATION" IssuDtTm="2018-01-29" LastUpdateTm="2018-01-24"/>
  <Msr Val="0.452930807294149" ValTyp="Other" MktDataTyp="ASK"/>
</Pnt>


<Pnt Name="EUR-AEGN.AS">
  <Undly ID="EUR-HNKG_P.DE" PxStrctTyp="EQ_CORRELATION" IssuDtTm="2018-01-29" LastUpdateTm="2018-01-24"/>
  <Msr Val="0.490381636791954" ValTyp="Other" MktDataTyp="ASK"/>
</Pnt>


<Pnt Name="USD-VWO.N">
  <Undly ID="EUR-HNKG_P.DE" PxStrctTyp="EQ_CORRELATION" IssuDtTm="2018-01-29" LastUpdateTm="2018-01-17"/>
  <Msr Val="0.488492769689356" ValTyp="Other" MktDataTyp="ASK"/>
</Pnt>


<Pnt Name="EUR-SGOB.PA">
  <Undly ID="EUR-HNKG_P.DE" PxStrctTyp="EQ_CORRELATION" IssuDtTm="2018-01-29" LastUpdateTm="2018-01-24"/>
  <Msr Val="0.524583068906237" ValTyp="Other" MktDataTyp="ASK"/>
</Pnt>


<Pnt Name="USD-TMUS.N">
  <Undly ID="EUR-HNKG_P.DE" PxStrctTyp="EQ_CORRELATION" IssuDtTm="2018-01-29" LastUpdateTm="2018-01-17"/>
  <Msr Val="0.432051554070196" ValTyp="Other" MktDataTyp="ASK"/>
</Pnt>


<Pnt Name="USD-COP.N">
  <Undly ID="EUR-HNKG_P.DE" PxStrctTyp="EQ_CORRELATION" IssuDtTm="2018-01-29" LastUpdateTm="2018-01-24"/>
  <Msr Val="0.41142990670104" ValTyp="Other" MktDataTyp="ASK"/>
</Pnt>


<Pnt Name="USD-STX.O">
  <Undly ID="EUR-HNKG_P.DE" PxStrctTyp="EQ_CORRELATION" IssuDtTm="2018-01-29" LastUpdateTm="2018-01-17"/>
  <Msr Val="0.446154665691207" ValTyp="Other" MktDataTyp="ASK"/>
</Pnt>


<Pnt Name="GBP-RIO.L">
  <Undly ID="EUR-HNKG_P.DE" PxStrctTyp="EQ_CORRELATION" IssuDtTm="2018-01-29" LastUpdateTm="2018-01-24"/>
  <Msr Val="0.401682608048578" ValTyp="Other" MktDataTyp="ASK"/>
</Pnt>


<Pnt Name="SEK-SWEDA.ST">
  <Undly ID="EUR-HNKG_P.DE" PxStrctTyp="EQ_CORRELATION" IssuDtTm="2018-01-29" LastUpdateTm="2018-01-24"/>
  <Msr Val="0.523842369865578" ValTyp="Other" MktDataTyp="ASK"/>
</Pnt>


<Pnt Name="EUR-EAD.PA">
  <Undly ID="EUR-HNKG_P.DE" PxStrctTyp="EQ_CORRELATION" IssuDtTm="2018-01-29" LastUpdateTm="2018-01-24"/>
  <Msr Val="0.484330430626963" ValTyp="Other" MktDataTyp="ASK"/>
</Pnt>


<Pnt Name="EUR-INTB.BR">
  <Undly ID="EUR-HNKG_P.DE" PxStrctTyp="EQ_CORRELATION" IssuDtTm="2018-01-29" LastUpdateTm="2018-01-24"/>
  <Msr Val="0.629565095717464" ValTyp="Other" MktDataTyp="ASK"/>
</Pnt>


<Pnt Name="USD-MU.O">
  <Undly ID="EUR-HNKG_P.DE" PxStrctTyp="EQ_CORRELATION" IssuDtTm="2018-01-29" LastUpdateTm="2018-01-24"/>
  <Msr Val="0.42337033100849" ValTyp="Other" MktDataTyp="ASK"/>
</Pnt>



<Pnt Name="EUR-AUD">
  <Undly ID="EUR-HNKG_P.DE" PxStrctTyp="EQ_CORRELATION" IssuDtTm="2018-01-29" LastUpdateTm="2018-01-17"/>
  <Msr Val="-0.299352457359537" ValTyp="Other" MktDataTyp="ASK"/>
</Pnt>


<Pnt Name="EUR-GBP">
  <Undly ID="EUR-HNKG_P.DE" PxStrctTyp="EQ_CORRELATION" IssuDtTm="2018-01-29" LastUpdateTm="2018-01-17"/>
  <Msr Val="-0.379607338096979" ValTyp="Other" MktDataTyp="ASK"/>
</Pnt>


<Pnt Name="EUR-CAD">
  <Undly ID="EUR-HNKG_P.DE" PxStrctTyp="EQ_CORRELATION" IssuDtTm="2018-01-29" LastUpdateTm="2018-01-17"/>
  <Msr Val="-0.276480153434845" ValTyp="Other" MktDataTyp="ASK"/>
</Pnt>


<Pnt Name="EUR-MXN">
  <Undly ID="EUR-HNKG_P.DE" PxStrctTyp="EQ_CORRELATION" IssuDtTm="2018-01-29" LastUpdateTm="2018-01-17"/>
  <Msr Val="-0.328186969749541" ValTyp="Other" MktDataTyp="ASK"/>
</Pnt>


<Pnt Name="EUR-USD">
  <Undly ID="EUR-HNKG_P.DE" PxStrctTyp="EQ_CORRELATION" IssuDtTm="2018-01-29" LastUpdateTm="2018-01-16"/>
  <Msr Val="-0.37593540316407" ValTyp="Other" MktDataTyp="ASK"/>
</Pnt>


<Pnt Name="EUR-SEK">
  <Undly ID="EUR-HNKG_P.DE" PxStrctTyp="EQ_CORRELATION" IssuDtTm="2018-01-29" LastUpdateTm="2018-01-17"/>
  <Msr Val="-0.365227090277161" ValTyp="Other" MktDataTyp="ASK"/>
</Pnt>


<Pnt Name="EUR-KRW">
  <Undly ID="EUR-HNKG_P.DE" PxStrctTyp="EQ_CORRELATION" IssuDtTm="2018-01-29" LastUpdateTm="2018-01-17"/>
  <Msr Val="-0.364842881655995" ValTyp="Other" MktDataTyp="ASK"/>
</Pnt>


<Pnt Name="EUR-JPY">
  <Undly ID="EUR-HNKG_P.DE" PxStrctTyp="EQ_CORRELATION" IssuDtTm="2018-01-29" LastUpdateTm="2018-01-17"/>
  <Msr Val="-0.163332611784135" ValTyp="Other" MktDataTyp="ASK"/>
</Pnt>


<Pnt Name="EUR-CHF">
  <Undly ID="EUR-HNKG_P.DE" PxStrctTyp="EQ_CORRELATION" IssuDtTm="2018-01-29" LastUpdateTm="2018-01-17"/>
  <Msr Val="-0.159016111885426" ValTyp="Other" MktDataTyp="ASK"/>
</Pnt>


<Pnt Name="EUR-HKD">
  <Undly ID="EUR-HNKG_P.DE" PxStrctTyp="EQ_CORRELATION" IssuDtTm="2018-01-29" LastUpdateTm="2018-01-17"/>
  <Msr Val="-0.317182801327377" ValTyp="Other" MktDataTyp="ASK"/>
</Pnt>



</Mkt>
