
<Mkt>

<Pnt Name="USD-BIIB.O">
  <Undly ID="EUR-VOWG_P.DE" PxStrctTyp="EQ_CORRELATION" IssuDtTm="2018-01-29" LastUpdateTm="2018-01-24"/>
  <Msr Val="0.429904660657655" ValTyp="Other" MktDataTyp="ASK"/>
</Pnt>


<Pnt Name="USD-ABT.N">
  <Undly ID="EUR-VOWG_P.DE" PxStrctTyp="EQ_CORRELATION" IssuDtTm="2018-01-29" LastUpdateTm="2018-01-24"/>
  <Msr Val="0.490581960019832" ValTyp="Other" MktDataTyp="ASK"/>
</Pnt>


<Pnt Name="CHF-ADEN.S">
  <Undly ID="EUR-VOWG_P.DE" PxStrctTyp="EQ_CORRELATION" IssuDtTm="2018-01-29" LastUpdateTm="2018-01-24"/>
  <Msr Val="0.597333888879243" ValTyp="Other" MktDataTyp="ASK"/>
</Pnt>


<Pnt Name="USD-UTX.N">
  <Undly ID="EUR-VOWG_P.DE" PxStrctTyp="EQ_CORRELATION" IssuDtTm="2018-01-29" LastUpdateTm="2018-01-17"/>
  <Msr Val="0.519233217707818" ValTyp="Other" MktDataTyp="ASK"/>
</Pnt>


<Pnt Name="USD-KO.N">
  <Undly ID="EUR-VOWG_P.DE" PxStrctTyp="EQ_CORRELATION" IssuDtTm="2018-01-29" LastUpdateTm="2018-01-24"/>
  <Msr Val="0.351921941606834" ValTyp="Other" MktDataTyp="ASK"/>
</Pnt>


<Pnt Name="USD-CL.N">
  <Undly ID="EUR-VOWG_P.DE" PxStrctTyp="EQ_CORRELATION" IssuDtTm="2018-01-29" LastUpdateTm="2018-01-24"/>
  <Msr Val="0.425321778238007" ValTyp="Other" MktDataTyp="ASK"/>
</Pnt>


<Pnt Name="USD-PXD.N">
  <Undly ID="EUR-VOWG_P.DE" PxStrctTyp="EQ_CORRELATION" IssuDtTm="2018-01-29" LastUpdateTm="2018-01-24"/>
  <Msr Val="0.43166827576793" ValTyp="Other" MktDataTyp="ASK"/>
</Pnt>


<Pnt Name="EUR-REP.MC">
  <Undly ID="EUR-VOWG_P.DE" PxStrctTyp="EQ_CORRELATION" IssuDtTm="2018-01-29" LastUpdateTm="2018-01-24"/>
  <Msr Val="0.598880071026686" ValTyp="Other" MktDataTyp="ASK"/>
</Pnt>


<Pnt Name="USD-AAL.OQ">
  <Undly ID="EUR-VOWG_P.DE" PxStrctTyp="EQ_CORRELATION" IssuDtTm="2018-01-29" LastUpdateTm="2018-01-24"/>
  <Msr Val="0.485696533621375" ValTyp="Other" MktDataTyp="ASK"/>
</Pnt>


<Pnt Name="JPY-NIKKEI 225">
  <Undly ID="EUR-VOWG_P.DE" PxStrctTyp="EQ_CORRELATION" IssuDtTm="2018-01-29" LastUpdateTm="2018-01-24"/>
  <Msr Val="0.583002226686847" ValTyp="Other" MktDataTyp="ASK"/>
</Pnt>


<Pnt Name="EUR-FTE.PA">
  <Undly ID="EUR-VOWG_P.DE" PxStrctTyp="EQ_CORRELATION" IssuDtTm="2018-01-29" LastUpdateTm="2018-01-24"/>
  <Msr Val="0.568695016265155" ValTyp="Other" MktDataTyp="ASK"/>
</Pnt>


<Pnt Name="USD-PRU.N">
  <Undly ID="EUR-VOWG_P.DE" PxStrctTyp="EQ_CORRELATION" IssuDtTm="2018-01-29" LastUpdateTm="2018-01-24"/>
  <Msr Val="0.554536937913542" ValTyp="Other" MktDataTyp="ASK"/>
</Pnt>


<Pnt Name="USD-CVX.N">
  <Undly ID="EUR-VOWG_P.DE" PxStrctTyp="EQ_CORRELATION" IssuDtTm="2018-01-29" LastUpdateTm="2018-01-24"/>
  <Msr Val="0.454828335275601" ValTyp="Other" MktDataTyp="ASK"/>
</Pnt>


<Pnt Name="USD-M.N">
  <Undly ID="EUR-VOWG_P.DE" PxStrctTyp="EQ_CORRELATION" IssuDtTm="2018-01-29" LastUpdateTm="2018-01-24"/>
  <Msr Val="0.450126551222153" ValTyp="Other" MktDataTyp="ASK"/>
</Pnt>


<Pnt Name="USD-PFE.N">
  <Undly ID="EUR-VOWG_P.DE" PxStrctTyp="EQ_CORRELATION" IssuDtTm="2018-01-29" LastUpdateTm="2018-01-24"/>
  <Msr Val="0.431032359147969" ValTyp="Other" MktDataTyp="ASK"/>
</Pnt>


<Pnt Name="GBP-AAL.L">
  <Undly ID="EUR-VOWG_P.DE" PxStrctTyp="EQ_CORRELATION" IssuDtTm="2018-01-29" LastUpdateTm="2018-01-24"/>
  <Msr Val="0.468551047970781" ValTyp="Other" MktDataTyp="ASK"/>
</Pnt>


<Pnt Name="EUR-CBKG.DE">
  <Undly ID="EUR-VOWG_P.DE" PxStrctTyp="EQ_CORRELATION" IssuDtTm="2018-01-29" LastUpdateTm="2018-01-24"/>
  <Msr Val="0.609582044232109" ValTyp="Other" MktDataTyp="ASK"/>
</Pnt>


<Pnt Name="EUR-SAPG.DE">
  <Undly ID="EUR-VOWG_P.DE" PxStrctTyp="EQ_CORRELATION" IssuDtTm="2018-01-29" LastUpdateTm="2018-01-24"/>
  <Msr Val="0.610949659488719" ValTyp="Other" MktDataTyp="ASK"/>
</Pnt>


<Pnt Name="USD-WFC.N">
  <Undly ID="EUR-VOWG_P.DE" PxStrctTyp="EQ_CORRELATION" IssuDtTm="2018-01-29" LastUpdateTm="2018-01-17"/>
  <Msr Val="0.539343004786564" ValTyp="Other" MktDataTyp="ASK"/>
</Pnt>


<Pnt Name="USD-CX.N">
  <Undly ID="EUR-VOWG_P.DE" PxStrctTyp="EQ_CORRELATION" IssuDtTm="2018-01-29" LastUpdateTm="2018-01-24"/>
  <Msr Val="0.505512722026029" ValTyp="Other" MktDataTyp="ASK"/>
</Pnt>


<Pnt Name="USD-CAT.N">
  <Undly ID="EUR-VOWG_P.DE" PxStrctTyp="EQ_CORRELATION" IssuDtTm="2018-01-29" LastUpdateTm="2018-01-24"/>
  <Msr Val="0.502410717269349" ValTyp="Other" MktDataTyp="ASK"/>
</Pnt>


<Pnt Name="USD-SO.N">
  <Undly ID="EUR-VOWG_P.DE" PxStrctTyp="EQ_CORRELATION" IssuDtTm="2018-01-29" LastUpdateTm="2018-01-17"/>
  <Msr Val="0.3" ValTyp="Other" MktDataTyp="ASK"/>
</Pnt>


<Pnt Name="EUR-PHG.AS">
  <Undly ID="EUR-VOWG_P.DE" PxStrctTyp="EQ_CORRELATION" IssuDtTm="2018-01-29" LastUpdateTm="2018-01-24"/>
  <Msr Val="0.614758567268759" ValTyp="Other" MktDataTyp="ASK"/>
</Pnt>


<Pnt Name="EUR-ISPA.AS">
  <Undly ID="EUR-VOWG_P.DE" PxStrctTyp="EQ_CORRELATION" IssuDtTm="2018-01-29" LastUpdateTm="2018-01-24"/>
  <Msr Val="0.56848453256545" ValTyp="Other" MktDataTyp="ASK"/>
</Pnt>


<Pnt Name="USD-TWTR.N">
  <Undly ID="EUR-VOWG_P.DE" PxStrctTyp="EQ_CORRELATION" IssuDtTm="2018-01-29" LastUpdateTm="2018-01-17"/>
  <Msr Val="0.376779055724141" ValTyp="Other" MktDataTyp="ASK"/>
</Pnt>


<Pnt Name="SEK-OMX INDEX">
  <Undly ID="EUR-VOWG_P.DE" PxStrctTyp="EQ_CORRELATION" IssuDtTm="2018-01-29" LastUpdateTm="2018-01-24"/>
  <Msr Val="0.64040909599195" ValTyp="Other" MktDataTyp="ASK"/>
</Pnt>


<Pnt Name="GBP-GSK.L">
  <Undly ID="EUR-VOWG_P.DE" PxStrctTyp="EQ_CORRELATION" IssuDtTm="2018-01-29" LastUpdateTm="2018-01-24"/>
  <Msr Val="0.454242704664184" ValTyp="Other" MktDataTyp="ASK"/>
</Pnt>


<Pnt Name="USD-XLF.N">
  <Undly ID="EUR-VOWG_P.DE" PxStrctTyp="EQ_CORRELATION" IssuDtTm="2018-01-29" LastUpdateTm="2018-01-17"/>
  <Msr Val="0.596227357471532" ValTyp="Other" MktDataTyp="ASK"/>
</Pnt>


<Pnt Name="EUROSTOXX BANK">
  <Undly ID="EUR-VOWG_P.DE" PxStrctTyp="EQ_CORRELATION" IssuDtTm="2018-01-29" LastUpdateTm="2018-01-24"/>
  <Msr Val="0.653362884380876" ValTyp="Other" MktDataTyp="ASK"/>
</Pnt>


<Pnt Name="USD-XLB.N">
  <Undly ID="EUR-VOWG_P.DE" PxStrctTyp="EQ_CORRELATION" IssuDtTm="2018-01-29" LastUpdateTm="2018-01-17"/>
  <Msr Val="0.577853437924104" ValTyp="Other" MktDataTyp="ASK"/>
</Pnt>


<Pnt Name="USD-EWJ.N">
  <Undly ID="EUR-VOWG_P.DE" PxStrctTyp="EQ_CORRELATION" IssuDtTm="2018-01-29" LastUpdateTm="2018-01-24"/>
  <Msr Val="0.570020346072182" ValTyp="Other" MktDataTyp="ASK"/>
</Pnt>


<Pnt Name="CHF-SLHN.S">
  <Undly ID="EUR-VOWG_P.DE" PxStrctTyp="EQ_CORRELATION" IssuDtTm="2018-01-29" LastUpdateTm="2018-01-24"/>
  <Msr Val="0.578886024876527" ValTyp="Other" MktDataTyp="ASK"/>
</Pnt>


<Pnt Name="USD-MWD.N">
  <Undly ID="EUR-VOWG_P.DE" PxStrctTyp="EQ_CORRELATION" IssuDtTm="2018-01-29" LastUpdateTm="2018-01-24"/>
  <Msr Val="0.565640423788905" ValTyp="Other" MktDataTyp="ASK"/>
</Pnt>


<Pnt Name="USD-MA.N">
  <Undly ID="EUR-VOWG_P.DE" PxStrctTyp="EQ_CORRELATION" IssuDtTm="2018-01-29" LastUpdateTm="2018-01-24"/>
  <Msr Val="0.520469353910902" ValTyp="Other" MktDataTyp="ASK"/>
</Pnt>


<Pnt Name="USD-GILD.O">
  <Undly ID="EUR-VOWG_P.DE" PxStrctTyp="EQ_CORRELATION" IssuDtTm="2018-01-29" LastUpdateTm="2018-01-24"/>
  <Msr Val="0.433533448302007" ValTyp="Other" MktDataTyp="ASK"/>
</Pnt>


<Pnt Name="CHF-UHR.S">
  <Undly ID="EUR-VOWG_P.DE" PxStrctTyp="EQ_CORRELATION" IssuDtTm="2018-01-29" LastUpdateTm="2018-01-24"/>
  <Msr Val="0.535105098093507" ValTyp="Other" MktDataTyp="ASK"/>
</Pnt>


<Pnt Name="USD-K.N">
  <Undly ID="EUR-VOWG_P.DE" PxStrctTyp="EQ_CORRELATION" IssuDtTm="2018-01-29" LastUpdateTm="2018-01-24"/>
  <Msr Val="0.381181463825673" ValTyp="Other" MktDataTyp="ASK"/>
</Pnt>


<Pnt Name="USD-BLK.N">
  <Undly ID="EUR-VOWG_P.DE" PxStrctTyp="EQ_CORRELATION" IssuDtTm="2018-01-29" LastUpdateTm="2018-01-24"/>
  <Msr Val="0.595378245588872" ValTyp="Other" MktDataTyp="ASK"/>
</Pnt>


<Pnt Name="USD-EWW.N">
  <Undly ID="EUR-VOWG_P.DE" PxStrctTyp="EQ_CORRELATION" IssuDtTm="2018-01-29" LastUpdateTm="2018-01-24"/>
  <Msr Val="0.512121447858732" ValTyp="Other" MktDataTyp="ASK"/>
</Pnt>


<Pnt Name="USD-YHOO.O">
  <Undly ID="EUR-VOWG_P.DE" PxStrctTyp="EQ_CORRELATION" IssuDtTm="2018-01-29" LastUpdateTm="2017-10-16"/>
  <Msr Val="0.491031869657771" ValTyp="Other" MktDataTyp="ASK"/>
</Pnt>


<Pnt Name="USD-CRM.N">
  <Undly ID="EUR-VOWG_P.DE" PxStrctTyp="EQ_CORRELATION" IssuDtTm="2018-01-29" LastUpdateTm="2018-01-24"/>
  <Msr Val="0.461912058392963" ValTyp="Other" MktDataTyp="ASK"/>
</Pnt>


<Pnt Name="USD-EEM.N">
  <Undly ID="EUR-VOWG_P.DE" PxStrctTyp="EQ_CORRELATION" IssuDtTm="2018-01-29" LastUpdateTm="2018-01-24"/>
  <Msr Val="0.560867784839686" ValTyp="Other" MktDataTyp="ASK"/>
</Pnt>


<Pnt Name="USD-HESS.N">
  <Undly ID="EUR-VOWG_P.DE" PxStrctTyp="EQ_CORRELATION" IssuDtTm="2018-01-29" LastUpdateTm="2018-01-24"/>
  <Msr Val="0.436372293844034" ValTyp="Other" MktDataTyp="ASK"/>
</Pnt>


<Pnt Name="USD-AXP.N">
  <Undly ID="EUR-VOWG_P.DE" PxStrctTyp="EQ_CORRELATION" IssuDtTm="2018-01-29" LastUpdateTm="2018-01-24"/>
  <Msr Val="0.530329834741074" ValTyp="Other" MktDataTyp="ASK"/>
</Pnt>


<Pnt Name="EUR-HEIN.AS">
  <Undly ID="EUR-VOWG_P.DE" PxStrctTyp="EQ_CORRELATION" IssuDtTm="2018-01-29" LastUpdateTm="2018-01-24"/>
  <Msr Val="0.50810021557552" ValTyp="Other" MktDataTyp="ASK"/>
</Pnt>


<Pnt Name="USD-ADP.O">
  <Undly ID="EUR-VOWG_P.DE" PxStrctTyp="EQ_CORRELATION" IssuDtTm="2018-01-29" LastUpdateTm="2018-01-24"/>
  <Msr Val="0.509385572260127" ValTyp="Other" MktDataTyp="ASK"/>
</Pnt>


<Pnt Name="USD-MO.N">
  <Undly ID="EUR-VOWG_P.DE" PxStrctTyp="EQ_CORRELATION" IssuDtTm="2018-01-29" LastUpdateTm="2018-01-24"/>
  <Msr Val="0.347824732654139" ValTyp="Other" MktDataTyp="ASK"/>
</Pnt>


<Pnt Name="USD-CMCSA.O">
  <Undly ID="EUR-VOWG_P.DE" PxStrctTyp="EQ_CORRELATION" IssuDtTm="2018-01-29" LastUpdateTm="2018-01-24"/>
  <Msr Val="0.44900426860131" ValTyp="Other" MktDataTyp="ASK"/>
</Pnt>


<Pnt Name="USD-POT.N">
  <Undly ID="EUR-VOWG_P.DE" PxStrctTyp="EQ_CORRELATION" IssuDtTm="2018-01-29" LastUpdateTm="2018-01-24"/>
  <Msr Val="0.46676309375997" ValTyp="Other" MktDataTyp="ASK"/>
</Pnt>


<Pnt Name="USD-MSFT.O">
  <Undly ID="EUR-VOWG_P.DE" PxStrctTyp="EQ_CORRELATION" IssuDtTm="2018-01-29" LastUpdateTm="2018-01-24"/>
  <Msr Val="0.474620884189429" ValTyp="Other" MktDataTyp="ASK"/>
</Pnt>


<Pnt Name="USD-LMT.N">
  <Undly ID="EUR-VOWG_P.DE" PxStrctTyp="EQ_CORRELATION" IssuDtTm="2018-01-29" LastUpdateTm="2018-01-24"/>
  <Msr Val="0.423670377090723" ValTyp="Other" MktDataTyp="ASK"/>
</Pnt>


<Pnt Name="USD-BMY.N">
  <Undly ID="EUR-VOWG_P.DE" PxStrctTyp="EQ_CORRELATION" IssuDtTm="2018-01-29" LastUpdateTm="2018-01-24"/>
  <Msr Val="0.413637920854654" ValTyp="Other" MktDataTyp="ASK"/>
</Pnt>


<Pnt Name="USD-SPX 500 IND">
  <Undly ID="EUR-VOWG_P.DE" PxStrctTyp="EQ_CORRELATION" IssuDtTm="2018-01-29" LastUpdateTm="2018-01-17"/>
  <Msr Val="0.606994193920113" ValTyp="Other" MktDataTyp="ASK"/>
</Pnt>


<Pnt Name="IPC">
  <Undly ID="EUR-VOWG_P.DE" PxStrctTyp="EQ_CORRELATION" IssuDtTm="2018-01-29" LastUpdateTm="2018-01-24"/>
  <Msr Val="0.513498620425749" ValTyp="Other" MktDataTyp="ASK"/>
</Pnt>


<Pnt Name="USD-WDC.P">
  <Undly ID="EUR-VOWG_P.DE" PxStrctTyp="EQ_CORRELATION" IssuDtTm="2018-01-29" LastUpdateTm="2018-01-17"/>
  <Msr Val="0.464418278142275" ValTyp="Other" MktDataTyp="ASK"/>
</Pnt>


<Pnt Name="USD-MAR.N">
  <Undly ID="EUR-VOWG_P.DE" PxStrctTyp="EQ_CORRELATION" IssuDtTm="2018-01-29" LastUpdateTm="2018-01-24"/>
  <Msr Val="0.524185829730565" ValTyp="Other" MktDataTyp="ASK"/>
</Pnt>


<Pnt Name="CHF-ROCZG.S">
  <Undly ID="EUR-VOWG_P.DE" PxStrctTyp="EQ_CORRELATION" IssuDtTm="2018-01-29" LastUpdateTm="2018-01-24"/>
  <Msr Val="0.512916508880655" ValTyp="Other" MktDataTyp="ASK"/>
</Pnt>


<Pnt Name="GBP-BATS.L">
  <Undly ID="EUR-VOWG_P.DE" PxStrctTyp="EQ_CORRELATION" IssuDtTm="2018-01-29" LastUpdateTm="2018-01-24"/>
  <Msr Val="0.448549993815901" ValTyp="Other" MktDataTyp="ASK"/>
</Pnt>


<Pnt Name="USD-GOOAV.O">
  <Undly ID="EUR-VOWG_P.DE" PxStrctTyp="EQ_CORRELATION" IssuDtTm="2018-01-29" LastUpdateTm="2018-01-24"/>
  <Msr Val="0.450274922073628" ValTyp="Other" MktDataTyp="ASK"/>
</Pnt>


<Pnt Name="EUR-CAC IND">
  <Undly ID="EUR-VOWG_P.DE" PxStrctTyp="EQ_CORRELATION" IssuDtTm="2018-01-29" LastUpdateTm="2018-01-24"/>
  <Msr Val="0.695381673172122" ValTyp="Other" MktDataTyp="ASK"/>
</Pnt>


<Pnt Name="USD-XOM.N">
  <Undly ID="EUR-VOWG_P.DE" PxStrctTyp="EQ_CORRELATION" IssuDtTm="2018-01-29" LastUpdateTm="2018-01-17"/>
  <Msr Val="0.451341328884679" ValTyp="Other" MktDataTyp="ASK"/>
</Pnt>


<Pnt Name="USD-JNJ.N">
  <Undly ID="EUR-VOWG_P.DE" PxStrctTyp="EQ_CORRELATION" IssuDtTm="2018-01-29" LastUpdateTm="2018-01-24"/>
  <Msr Val="0.434901082415606" ValTyp="Other" MktDataTyp="ASK"/>
</Pnt>


<Pnt Name="EUR-RDSA.AS">
  <Undly ID="EUR-VOWG_P.DE" PxStrctTyp="EQ_CORRELATION" IssuDtTm="2018-01-29" LastUpdateTm="2018-01-24"/>
  <Msr Val="0.493599136995442" ValTyp="Other" MktDataTyp="ASK"/>
</Pnt>


<Pnt Name="USD-NEM.N">
  <Undly ID="EUR-VOWG_P.DE" PxStrctTyp="EQ_CORRELATION" IssuDtTm="2018-01-29" LastUpdateTm="2018-01-24"/>
  <Msr Val="0.3" ValTyp="Other" MktDataTyp="ASK"/>
</Pnt>


<Pnt Name="EUR-SGEF.PA">
  <Undly ID="EUR-VOWG_P.DE" PxStrctTyp="EQ_CORRELATION" IssuDtTm="2018-01-29" LastUpdateTm="2018-01-24"/>
  <Msr Val="0.563072539567112" ValTyp="Other" MktDataTyp="ASK"/>
</Pnt>


<Pnt Name="EUR-EONG.DE">
  <Undly ID="EUR-VOWG_P.DE" PxStrctTyp="EQ_CORRELATION" IssuDtTm="2018-01-29" LastUpdateTm="2018-01-24"/>
  <Msr Val="0.596582453381304" ValTyp="Other" MktDataTyp="ASK"/>
</Pnt>


<Pnt Name="USD-PCLN.O">
  <Undly ID="EUR-VOWG_P.DE" PxStrctTyp="EQ_CORRELATION" IssuDtTm="2018-01-29" LastUpdateTm="2018-01-24"/>
  <Msr Val="0.475042840429062" ValTyp="Other" MktDataTyp="ASK"/>
</Pnt>


<Pnt Name="SEK-NDA.ST">
  <Undly ID="EUR-VOWG_P.DE" PxStrctTyp="EQ_CORRELATION" IssuDtTm="2018-01-29" LastUpdateTm="2018-01-24"/>
  <Msr Val="0.587661854866788" ValTyp="Other" MktDataTyp="ASK"/>
</Pnt>


<Pnt Name="USD-ALLY.N">
  <Undly ID="EUR-VOWG_P.DE" PxStrctTyp="EQ_CORRELATION" IssuDtTm="2018-01-29" LastUpdateTm="2018-01-24"/>
  <Msr Val="0.497929137849227" ValTyp="Other" MktDataTyp="ASK"/>
</Pnt>


<Pnt Name="USD-BBY.N">
  <Undly ID="EUR-VOWG_P.DE" PxStrctTyp="EQ_CORRELATION" IssuDtTm="2018-01-29" LastUpdateTm="2018-01-24"/>
  <Msr Val="0.443621312520002" ValTyp="Other" MktDataTyp="ASK"/>
</Pnt>


<Pnt Name="KOSPI 200 IND">
  <Undly ID="EUR-VOWG_P.DE" PxStrctTyp="EQ_CORRELATION" IssuDtTm="2018-01-29" LastUpdateTm="2018-01-24"/>
  <Msr Val="0.51174596218144" ValTyp="Other" MktDataTyp="ASK"/>
</Pnt>


<Pnt Name="EUR-NOK1V.HE">
  <Undly ID="EUR-VOWG_P.DE" PxStrctTyp="EQ_CORRELATION" IssuDtTm="2018-01-29" LastUpdateTm="2018-01-24"/>
  <Msr Val="0.490116723241628" ValTyp="Other" MktDataTyp="ASK"/>
</Pnt>


<Pnt Name="EUR-BIN.MI">
  <Undly ID="EUR-VOWG_P.DE" PxStrctTyp="EQ_CORRELATION" IssuDtTm="2018-01-29" LastUpdateTm="2018-01-24"/>
  <Msr Val="0.599204197167638" ValTyp="Other" MktDataTyp="ASK"/>
</Pnt>


<Pnt Name="USD-FB.O">
  <Undly ID="EUR-VOWG_P.DE" PxStrctTyp="EQ_CORRELATION" IssuDtTm="2018-01-29" LastUpdateTm="2018-01-24"/>
  <Msr Val="0.443967848203256" ValTyp="Other" MktDataTyp="ASK"/>
</Pnt>


<Pnt Name="USD-MCD.N">
  <Undly ID="EUR-VOWG_P.DE" PxStrctTyp="EQ_CORRELATION" IssuDtTm="2018-01-29" LastUpdateTm="2018-01-24"/>
  <Msr Val="0.421575218699282" ValTyp="Other" MktDataTyp="ASK"/>
</Pnt>


<Pnt Name="EUR-SCH.MC">
  <Undly ID="EUR-VOWG_P.DE" PxStrctTyp="EQ_CORRELATION" IssuDtTm="2018-01-29" LastUpdateTm="2018-01-24"/>
  <Msr Val="0.648342948588135" ValTyp="Other" MktDataTyp="ASK"/>
</Pnt>


<Pnt Name="CHF-ABBN.S">
  <Undly ID="EUR-VOWG_P.DE" PxStrctTyp="EQ_CORRELATION" IssuDtTm="2018-01-29" LastUpdateTm="2018-01-24"/>
  <Msr Val="0.615264631322396" ValTyp="Other" MktDataTyp="ASK"/>
</Pnt>


<Pnt Name="USD-TRV.N">
  <Undly ID="EUR-VOWG_P.DE" PxStrctTyp="EQ_CORRELATION" IssuDtTm="2018-01-29" LastUpdateTm="2018-01-17"/>
  <Msr Val="0.456331615321614" ValTyp="Other" MktDataTyp="ASK"/>
</Pnt>


<Pnt Name="USD-BAP.N">
  <Undly ID="EUR-VOWG_P.DE" PxStrctTyp="EQ_CORRELATION" IssuDtTm="2018-01-29" LastUpdateTm="2018-01-24"/>
  <Msr Val="0.490102239730051" ValTyp="Other" MktDataTyp="ASK"/>
</Pnt>


<Pnt Name="USD-LOW.N">
  <Undly ID="EUR-VOWG_P.DE" PxStrctTyp="EQ_CORRELATION" IssuDtTm="2018-01-29" LastUpdateTm="2018-01-24"/>
  <Msr Val="0.470503260280141" ValTyp="Other" MktDataTyp="ASK"/>
</Pnt>


<Pnt Name="EUR-ITX.MC">
  <Undly ID="EUR-VOWG_P.DE" PxStrctTyp="EQ_CORRELATION" IssuDtTm="2018-01-29" LastUpdateTm="2018-01-24"/>
  <Msr Val="0.609992737302268" ValTyp="Other" MktDataTyp="ASK"/>
</Pnt>


<Pnt Name="EUR-ENEI.MI">
  <Undly ID="EUR-VOWG_P.DE" PxStrctTyp="EQ_CORRELATION" IssuDtTm="2018-01-29" LastUpdateTm="2018-01-24"/>
  <Msr Val="0.602226160278499" ValTyp="Other" MktDataTyp="ASK"/>
</Pnt>


<Pnt Name="EUR-ESSI.PA">
  <Undly ID="EUR-VOWG_P.DE" PxStrctTyp="EQ_CORRELATION" IssuDtTm="2018-01-29" LastUpdateTm="2018-01-24"/>
  <Msr Val="0.56467775511886" ValTyp="Other" MktDataTyp="ASK"/>
</Pnt>


<Pnt Name="USD-DHR.N">
  <Undly ID="EUR-VOWG_P.DE" PxStrctTyp="EQ_CORRELATION" IssuDtTm="2018-01-29" LastUpdateTm="2018-01-24"/>
  <Msr Val="0.531671498983383" ValTyp="Other" MktDataTyp="ASK"/>
</Pnt>


<Pnt Name="EUR-AXAF.PA">
  <Undly ID="EUR-VOWG_P.DE" PxStrctTyp="EQ_CORRELATION" IssuDtTm="2018-01-29" LastUpdateTm="2018-01-24"/>
  <Msr Val="0.658517569582245" ValTyp="Other" MktDataTyp="ASK"/>
</Pnt>


<Pnt Name="USD-JD.O">
  <Undly ID="EUR-VOWG_P.DE" PxStrctTyp="EQ_CORRELATION" IssuDtTm="2018-01-29" LastUpdateTm="2018-01-24"/>
  <Msr Val="0.437141114777628" ValTyp="Other" MktDataTyp="ASK"/>
</Pnt>


<Pnt Name="EUR-FIA.MI">
  <Undly ID="EUR-VOWG_P.DE" PxStrctTyp="EQ_CORRELATION" IssuDtTm="2018-01-29" LastUpdateTm="2018-01-24"/>
  <Msr Val="0.665914797200914" ValTyp="Other" MktDataTyp="ASK"/>
</Pnt>


<Pnt Name="USD-IBM.N">
  <Undly ID="EUR-VOWG_P.DE" PxStrctTyp="EQ_CORRELATION" IssuDtTm="2018-01-29" LastUpdateTm="2018-01-24"/>
  <Msr Val="0.484375987913475" ValTyp="Other" MktDataTyp="ASK"/>
</Pnt>


<Pnt Name="USD-NEE.N">
  <Undly ID="EUR-VOWG_P.DE" PxStrctTyp="EQ_CORRELATION" IssuDtTm="2018-01-29" LastUpdateTm="2018-01-24"/>
  <Msr Val="0.3" ValTyp="Other" MktDataTyp="ASK"/>
</Pnt>


<Pnt Name="EUR-CARR.PA">
  <Undly ID="EUR-VOWG_P.DE" PxStrctTyp="EQ_CORRELATION" IssuDtTm="2018-01-29" LastUpdateTm="2018-01-24"/>
  <Msr Val="0.634032957896849" ValTyp="Other" MktDataTyp="ASK"/>
</Pnt>


<Pnt Name="USD-TSLA.O">
  <Undly ID="EUR-VOWG_P.DE" PxStrctTyp="EQ_CORRELATION" IssuDtTm="2018-01-29" LastUpdateTm="2018-01-17"/>
  <Msr Val="0.477353865441268" ValTyp="Other" MktDataTyp="ASK"/>
</Pnt>


<Pnt Name="CHF-GIVZN.S">
  <Undly ID="EUR-VOWG_P.DE" PxStrctTyp="EQ_CORRELATION" IssuDtTm="2018-01-29" LastUpdateTm="2018-01-24"/>
  <Msr Val="0.517605220529088" ValTyp="Other" MktDataTyp="ASK"/>
</Pnt>


<Pnt Name="EUR-BNPP.PA">
  <Undly ID="EUR-VOWG_P.DE" PxStrctTyp="EQ_CORRELATION" IssuDtTm="2018-01-29" LastUpdateTm="2018-01-24"/>
  <Msr Val="0.619679420421164" ValTyp="Other" MktDataTyp="ASK"/>
</Pnt>


<Pnt Name="USD-DUK.N">
  <Undly ID="EUR-VOWG_P.DE" PxStrctTyp="EQ_CORRELATION" IssuDtTm="2018-01-29" LastUpdateTm="2018-01-24"/>
  <Msr Val="0.3" ValTyp="Other" MktDataTyp="ASK"/>
</Pnt>


<Pnt Name="USD-HON.N">
  <Undly ID="EUR-VOWG_P.DE" PxStrctTyp="EQ_CORRELATION" IssuDtTm="2018-01-29" LastUpdateTm="2018-01-24"/>
  <Msr Val="0.580919784211716" ValTyp="Other" MktDataTyp="ASK"/>
</Pnt>


<Pnt Name="EUR-VIE.PA">
  <Undly ID="EUR-VOWG_P.DE" PxStrctTyp="EQ_CORRELATION" IssuDtTm="2018-01-29" LastUpdateTm="2018-01-24"/>
  <Msr Val="0.539155516640988" ValTyp="Other" MktDataTyp="ASK"/>
</Pnt>


<Pnt Name="EUR-DCXGN.DE">
  <Undly ID="EUR-VOWG_P.DE" PxStrctTyp="EQ_CORRELATION" IssuDtTm="2018-01-29" LastUpdateTm="2018-01-24"/>
  <Msr Val="0.778338280215593" ValTyp="Other" MktDataTyp="ASK"/>
</Pnt>


<Pnt Name="CHF-CFR.S">
  <Undly ID="EUR-VOWG_P.DE" PxStrctTyp="EQ_CORRELATION" IssuDtTm="2018-01-29" LastUpdateTm="2018-01-24"/>
  <Msr Val="0.584084885654009" ValTyp="Other" MktDataTyp="ASK"/>
</Pnt>


<Pnt Name="USD-ADBE.O">
  <Undly ID="EUR-VOWG_P.DE" PxStrctTyp="EQ_CORRELATION" IssuDtTm="2018-01-29" LastUpdateTm="2018-01-24"/>
  <Msr Val="0.485089835067588" ValTyp="Other" MktDataTyp="ASK"/>
</Pnt>


<Pnt Name="USD-MDT.N">
  <Undly ID="EUR-VOWG_P.DE" PxStrctTyp="EQ_CORRELATION" IssuDtTm="2018-01-29" LastUpdateTm="2018-01-24"/>
  <Msr Val="0.500611554276879" ValTyp="Other" MktDataTyp="ASK"/>
</Pnt>


<Pnt Name="GBP-BP/.L">
  <Undly ID="EUR-VOWG_P.DE" PxStrctTyp="EQ_CORRELATION" IssuDtTm="2018-01-29" LastUpdateTm="2018-01-24"/>
  <Msr Val="0.481866078341579" ValTyp="Other" MktDataTyp="ASK"/>
</Pnt>


<Pnt Name="USD-AVGO.O">
  <Undly ID="EUR-VOWG_P.DE" PxStrctTyp="EQ_CORRELATION" IssuDtTm="2018-01-29" LastUpdateTm="2018-01-24"/>
  <Msr Val="0.510755996972859" ValTyp="Other" MktDataTyp="ASK"/>
</Pnt>


<Pnt Name="EUR-SOGN.PA">
  <Undly ID="EUR-VOWG_P.DE" PxStrctTyp="EQ_CORRELATION" IssuDtTm="2018-01-29" LastUpdateTm="2018-01-24"/>
  <Msr Val="0.622829887379696" ValTyp="Other" MktDataTyp="ASK"/>
</Pnt>


<Pnt Name="USD-C.N">
  <Undly ID="EUR-VOWG_P.DE" PxStrctTyp="EQ_CORRELATION" IssuDtTm="2018-01-29" LastUpdateTm="2018-01-24"/>
  <Msr Val="0.552100256440054" ValTyp="Other" MktDataTyp="ASK"/>
</Pnt>


<Pnt Name="EUR-SIEGN.DE">
  <Undly ID="EUR-VOWG_P.DE" PxStrctTyp="EQ_CORRELATION" IssuDtTm="2018-01-29" LastUpdateTm="2018-01-24"/>
  <Msr Val="0.6752393290044" ValTyp="Other" MktDataTyp="ASK"/>
</Pnt>


<Pnt Name="EUR-ING.AS">
  <Undly ID="EUR-VOWG_P.DE" PxStrctTyp="EQ_CORRELATION" IssuDtTm="2018-01-29" LastUpdateTm="2018-01-24"/>
  <Msr Val="0.626709301888695" ValTyp="Other" MktDataTyp="ASK"/>
</Pnt>


<Pnt Name="EUR-DTEG.DE">
  <Undly ID="EUR-VOWG_P.DE" PxStrctTyp="EQ_CORRELATION" IssuDtTm="2018-01-29" LastUpdateTm="2018-01-24"/>
  <Msr Val="0.613521466917415" ValTyp="Other" MktDataTyp="ASK"/>
</Pnt>


<Pnt Name="USD-SBUX.OK">
  <Undly ID="EUR-VOWG_P.DE" PxStrctTyp="EQ_CORRELATION" IssuDtTm="2018-01-29" LastUpdateTm="2018-01-24"/>
  <Msr Val="0.462757922290462" ValTyp="Other" MktDataTyp="ASK"/>
</Pnt>


<Pnt Name="GBP-LLOY.L">
  <Undly ID="EUR-VOWG_P.DE" PxStrctTyp="EQ_CORRELATION" IssuDtTm="2018-01-29" LastUpdateTm="2018-01-24"/>
  <Msr Val="0.504753764275372" ValTyp="Other" MktDataTyp="ASK"/>
</Pnt>


<Pnt Name="USD-AMZN.O">
  <Undly ID="EUR-VOWG_P.DE" PxStrctTyp="EQ_CORRELATION" IssuDtTm="2018-01-29" LastUpdateTm="2018-01-24"/>
  <Msr Val="0.45486908667379" ValTyp="Other" MktDataTyp="ASK"/>
</Pnt>


<Pnt Name="USD-AEP.N">
  <Undly ID="EUR-VOWG_P.DE" PxStrctTyp="EQ_CORRELATION" IssuDtTm="2018-01-29" LastUpdateTm="2018-01-24"/>
  <Msr Val="0.301712393689322" ValTyp="Other" MktDataTyp="ASK"/>
</Pnt>


<Pnt Name="USD-FEZ.P">
  <Undly ID="EUR-VOWG_P.DE" PxStrctTyp="EQ_CORRELATION" IssuDtTm="2018-01-29" LastUpdateTm="2018-01-24"/>
  <Msr Val="0.660831084542042" ValTyp="Other" MktDataTyp="ASK"/>
</Pnt>


<Pnt Name="EUR-DAX IND">
  <Undly ID="EUR-VOWG_P.DE" PxStrctTyp="EQ_CORRELATION" IssuDtTm="2018-01-29" LastUpdateTm="2018-01-24"/>
  <Msr Val="0.738227355690897" ValTyp="Other" MktDataTyp="ASK"/>
</Pnt>


<Pnt Name="USD-TRIP.O">
  <Undly ID="EUR-VOWG_P.DE" PxStrctTyp="EQ_CORRELATION" IssuDtTm="2018-01-29" LastUpdateTm="2018-01-17"/>
  <Msr Val="0.452150998935264" ValTyp="Other" MktDataTyp="ASK"/>
</Pnt>


<Pnt Name="USD-PYPLV.O">
  <Undly ID="EUR-VOWG_P.DE" PxStrctTyp="EQ_CORRELATION" IssuDtTm="2018-01-29" LastUpdateTm="2018-01-24"/>
  <Msr Val="0.451966468623794" ValTyp="Other" MktDataTyp="ASK"/>
</Pnt>


<Pnt Name="USD-TMO.N">
  <Undly ID="EUR-VOWG_P.DE" PxStrctTyp="EQ_CORRELATION" IssuDtTm="2018-01-29" LastUpdateTm="2018-01-17"/>
  <Msr Val="0.503243960378532" ValTyp="Other" MktDataTyp="ASK"/>
</Pnt>


<Pnt Name="EUR-AIRP.PA">
  <Undly ID="EUR-VOWG_P.DE" PxStrctTyp="EQ_CORRELATION" IssuDtTm="2018-01-29" LastUpdateTm="2018-01-24"/>
  <Msr Val="0.625833086905429" ValTyp="Other" MktDataTyp="ASK"/>
</Pnt>


<Pnt Name="USD-BIDU.O">
  <Undly ID="EUR-VOWG_P.DE" PxStrctTyp="EQ_CORRELATION" IssuDtTm="2018-01-29" LastUpdateTm="2018-01-24"/>
  <Msr Val="0.425959201635551" ValTyp="Other" MktDataTyp="ASK"/>
</Pnt>


<Pnt Name="USD-ABX.N">
  <Undly ID="EUR-VOWG_P.DE" PxStrctTyp="EQ_CORRELATION" IssuDtTm="2018-01-29" LastUpdateTm="2018-01-24"/>
  <Msr Val="0.3" ValTyp="Other" MktDataTyp="ASK"/>
</Pnt>


<Pnt Name="EUR-SPMIB IND">
  <Undly ID="EUR-VOWG_P.DE" PxStrctTyp="EQ_CORRELATION" IssuDtTm="2018-01-29" LastUpdateTm="2018-01-24"/>
  <Msr Val="0.67326931899913" ValTyp="Other" MktDataTyp="ASK"/>
</Pnt>


<Pnt Name="USD-KMB.N">
  <Undly ID="EUR-VOWG_P.DE" PxStrctTyp="EQ_CORRELATION" IssuDtTm="2018-01-29" LastUpdateTm="2018-01-24"/>
  <Msr Val="0.395450020095296" ValTyp="Other" MktDataTyp="ASK"/>
</Pnt>


<Pnt Name="USD-ACN.N">
  <Undly ID="EUR-VOWG_P.DE" PxStrctTyp="EQ_CORRELATION" IssuDtTm="2018-01-29" LastUpdateTm="2018-01-24"/>
  <Msr Val="0.508792120918583" ValTyp="Other" MktDataTyp="ASK"/>
</Pnt>


<Pnt Name="USD-PPL.N">
  <Undly ID="EUR-VOWG_P.DE" PxStrctTyp="EQ_CORRELATION" IssuDtTm="2018-01-29" LastUpdateTm="2018-01-24"/>
  <Msr Val="0.307185980829209" ValTyp="Other" MktDataTyp="ASK"/>
</Pnt>


<Pnt Name="USD-UPS.N">
  <Undly ID="EUR-VOWG_P.DE" PxStrctTyp="EQ_CORRELATION" IssuDtTm="2018-01-29" LastUpdateTm="2018-01-17"/>
  <Msr Val="0.491375771279415" ValTyp="Other" MktDataTyp="ASK"/>
</Pnt>


<Pnt Name="USD-AMGN.O">
  <Undly ID="EUR-VOWG_P.DE" PxStrctTyp="EQ_CORRELATION" IssuDtTm="2018-01-29" LastUpdateTm="2018-01-24"/>
  <Msr Val="0.46153795264897" ValTyp="Other" MktDataTyp="ASK"/>
</Pnt>


<Pnt Name="USD-WMT.N">
  <Undly ID="EUR-VOWG_P.DE" PxStrctTyp="EQ_CORRELATION" IssuDtTm="2018-01-29" LastUpdateTm="2018-01-17"/>
  <Msr Val="0.349635632644878" ValTyp="Other" MktDataTyp="ASK"/>
</Pnt>


<Pnt Name="USD-XLE.N">
  <Undly ID="EUR-VOWG_P.DE" PxStrctTyp="EQ_CORRELATION" IssuDtTm="2018-01-29" LastUpdateTm="2018-01-17"/>
  <Msr Val="0.475600920280972" ValTyp="Other" MktDataTyp="ASK"/>
</Pnt>


<Pnt Name="USD-UNP.N">
  <Undly ID="EUR-VOWG_P.DE" PxStrctTyp="EQ_CORRELATION" IssuDtTm="2018-01-29" LastUpdateTm="2018-01-17"/>
  <Msr Val="0.518369477014606" ValTyp="Other" MktDataTyp="ASK"/>
</Pnt>


<Pnt Name="USD-BUD.N">
  <Undly ID="EUR-VOWG_P.DE" PxStrctTyp="EQ_CORRELATION" IssuDtTm="2018-01-29" LastUpdateTm="2018-01-24"/>
  <Msr Val="0.509369062039438" ValTyp="Other" MktDataTyp="ASK"/>
</Pnt>


<Pnt Name="EUR-RWEG.DE">
  <Undly ID="EUR-VOWG_P.DE" PxStrctTyp="EQ_CORRELATION" IssuDtTm="2018-01-29" LastUpdateTm="2018-01-24"/>
  <Msr Val="0.553778750449198" ValTyp="Other" MktDataTyp="ASK"/>
</Pnt>


<Pnt Name="USD-AMX.N">
  <Undly ID="EUR-VOWG_P.DE" PxStrctTyp="EQ_CORRELATION" IssuDtTm="2018-01-29" LastUpdateTm="2018-01-24"/>
  <Msr Val="0.471242566915347" ValTyp="Other" MktDataTyp="ASK"/>
</Pnt>


<Pnt Name="USD-TWX.N">
  <Undly ID="EUR-VOWG_P.DE" PxStrctTyp="EQ_CORRELATION" IssuDtTm="2018-01-29" LastUpdateTm="2018-01-17"/>
  <Msr Val="0.453155094769104" ValTyp="Other" MktDataTyp="ASK"/>
</Pnt>


<Pnt Name="USD-FDX.N">
  <Undly ID="EUR-VOWG_P.DE" PxStrctTyp="EQ_CORRELATION" IssuDtTm="2018-01-29" LastUpdateTm="2018-01-24"/>
  <Msr Val="0.529907688369127" ValTyp="Other" MktDataTyp="ASK"/>
</Pnt>


<Pnt Name="USD-AET.N">
  <Undly ID="EUR-VOWG_P.DE" PxStrctTyp="EQ_CORRELATION" IssuDtTm="2018-01-29" LastUpdateTm="2018-01-24"/>
  <Msr Val="0.43097861861212" ValTyp="Other" MktDataTyp="ASK"/>
</Pnt>


<Pnt Name="EUR-IBE.MC">
  <Undly ID="EUR-VOWG_P.DE" PxStrctTyp="EQ_CORRELATION" IssuDtTm="2018-01-29" LastUpdateTm="2018-01-24"/>
  <Msr Val="0.561694436894427" ValTyp="Other" MktDataTyp="ASK"/>
</Pnt>


<Pnt Name="GBP-AZN.L">
  <Undly ID="EUR-VOWG_P.DE" PxStrctTyp="EQ_CORRELATION" IssuDtTm="2018-01-29" LastUpdateTm="2018-01-24"/>
  <Msr Val="0.43596129291177" ValTyp="Other" MktDataTyp="ASK"/>
</Pnt>


<Pnt Name="USD-DOW.N">
  <Undly ID="EUR-VOWG_P.DE" PxStrctTyp="EQ_CORRELATION" IssuDtTm="2018-01-29" LastUpdateTm="2018-01-24"/>
  <Msr Val="0.506654828632222" ValTyp="Other" MktDataTyp="ASK"/>
</Pnt>


<Pnt Name="CHF-SSMI IND">
  <Undly ID="EUR-VOWG_P.DE" PxStrctTyp="EQ_CORRELATION" IssuDtTm="2018-01-29" LastUpdateTm="2018-01-24"/>
  <Msr Val="0.61934918045139" ValTyp="Other" MktDataTyp="ASK"/>
</Pnt>


<Pnt Name="USD-EBAY.O">
  <Undly ID="EUR-VOWG_P.DE" PxStrctTyp="EQ_CORRELATION" IssuDtTm="2018-01-29" LastUpdateTm="2018-01-24"/>
  <Msr Val="0.474732958234535" ValTyp="Other" MktDataTyp="ASK"/>
</Pnt>


<Pnt Name="CHF-NOVZN.S">
  <Undly ID="EUR-VOWG_P.DE" PxStrctTyp="EQ_CORRELATION" IssuDtTm="2018-01-29" LastUpdateTm="2018-01-24"/>
  <Msr Val="0.512241788552419" ValTyp="Other" MktDataTyp="ASK"/>
</Pnt>


<Pnt Name="USD-PSX.N">
  <Undly ID="EUR-VOWG_P.DE" PxStrctTyp="EQ_CORRELATION" IssuDtTm="2018-01-29" LastUpdateTm="2018-01-24"/>
  <Msr Val="0.46603807879247" ValTyp="Other" MktDataTyp="ASK"/>
</Pnt>


<Pnt Name="SEK-ERICB.ST">
  <Undly ID="EUR-VOWG_P.DE" PxStrctTyp="EQ_CORRELATION" IssuDtTm="2018-01-29" LastUpdateTm="2018-01-24"/>
  <Msr Val="0.504257388483712" ValTyp="Other" MktDataTyp="ASK"/>
</Pnt>


<Pnt Name="USD-WYNN.O">
  <Undly ID="EUR-VOWG_P.DE" PxStrctTyp="EQ_CORRELATION" IssuDtTm="2018-01-29" LastUpdateTm="2018-01-17"/>
  <Msr Val="0.461900325421261" ValTyp="Other" MktDataTyp="ASK"/>
</Pnt>


<Pnt Name="EUR-GDFPP.PA">
  <Undly ID="EUR-VOWG_P.DE" PxStrctTyp="EQ_CORRELATION" IssuDtTm="2018-01-29" LastUpdateTm="2018-01-24"/>
  <Msr Val="0.603998048858808" ValTyp="Other" MktDataTyp="ASK"/>
</Pnt>


<Pnt Name="HSCEI IND">
  <Undly ID="EUR-VOWG_P.DE" PxStrctTyp="EQ_CORRELATION" IssuDtTm="2018-01-29" LastUpdateTm="2018-01-24"/>
  <Msr Val="0.475411693354647" ValTyp="Other" MktDataTyp="ASK"/>
</Pnt>


<Pnt Name="USD-XOP.N">
  <Undly ID="EUR-VOWG_P.DE" PxStrctTyp="EQ_CORRELATION" IssuDtTm="2018-01-29" LastUpdateTm="2018-01-17"/>
  <Msr Val="0.453476800131939" ValTyp="Other" MktDataTyp="ASK"/>
</Pnt>


<Pnt Name="USD-PG.N">
  <Undly ID="EUR-VOWG_P.DE" PxStrctTyp="EQ_CORRELATION" IssuDtTm="2018-01-29" LastUpdateTm="2018-01-24"/>
  <Msr Val="0.38097551926937" ValTyp="Other" MktDataTyp="ASK"/>
</Pnt>


<Pnt Name="USD-XLY.N">
  <Undly ID="EUR-VOWG_P.DE" PxStrctTyp="EQ_CORRELATION" IssuDtTm="2018-01-29" LastUpdateTm="2018-01-17"/>
  <Msr Val="0.589956131127125" ValTyp="Other" MktDataTyp="ASK"/>
</Pnt>


<Pnt Name="USD-BAC.N">
  <Undly ID="EUR-VOWG_P.DE" PxStrctTyp="EQ_CORRELATION" IssuDtTm="2018-01-29" LastUpdateTm="2018-01-24"/>
  <Msr Val="0.505184433966729" ValTyp="Other" MktDataTyp="ASK"/>
</Pnt>


<Pnt Name="USD-QCOM.O">
  <Undly ID="EUR-VOWG_P.DE" PxStrctTyp="EQ_CORRELATION" IssuDtTm="2018-01-29" LastUpdateTm="2018-01-24"/>
  <Msr Val="0.451561616230635" ValTyp="Other" MktDataTyp="ASK"/>
</Pnt>


<Pnt Name="EUR-FREG.DE">
  <Undly ID="EUR-VOWG_P.DE" PxStrctTyp="EQ_CORRELATION" IssuDtTm="2018-01-29" LastUpdateTm="2018-01-24"/>
  <Msr Val="0.526357035330773" ValTyp="Other" MktDataTyp="ASK"/>
</Pnt>


<Pnt Name="CHF-NESN.S">
  <Undly ID="EUR-VOWG_P.DE" PxStrctTyp="EQ_CORRELATION" IssuDtTm="2018-01-29" LastUpdateTm="2018-01-24"/>
  <Msr Val="0.512720580988689" ValTyp="Other" MktDataTyp="ASK"/>
</Pnt>


<Pnt Name="USD-JPM.N">
  <Undly ID="EUR-VOWG_P.DE" PxStrctTyp="EQ_CORRELATION" IssuDtTm="2018-01-29" LastUpdateTm="2018-01-24"/>
  <Msr Val="0.535648303515088" ValTyp="Other" MktDataTyp="ASK"/>
</Pnt>


<Pnt Name="EUR-LIN.DE">
  <Undly ID="EUR-VOWG_P.DE" PxStrctTyp="EQ_CORRELATION" IssuDtTm="2018-01-29" LastUpdateTm="2018-01-24"/>
  <Msr Val="0.632138992569059" ValTyp="Other" MktDataTyp="ASK"/>
</Pnt>


<Pnt Name="EUR-IBEX 35 IND">
  <Undly ID="EUR-VOWG_P.DE" PxStrctTyp="EQ_CORRELATION" IssuDtTm="2018-01-29" LastUpdateTm="2018-01-24"/>
  <Msr Val="0.671841860779739" ValTyp="Other" MktDataTyp="ASK"/>
</Pnt>


<Pnt Name="USD-SYMC.O">
  <Undly ID="EUR-VOWG_P.DE" PxStrctTyp="EQ_CORRELATION" IssuDtTm="2018-01-29" LastUpdateTm="2018-01-17"/>
  <Msr Val="0.460161443168174" ValTyp="Other" MktDataTyp="ASK"/>
</Pnt>


<Pnt Name="USD-XLI.N">
  <Undly ID="EUR-VOWG_P.DE" PxStrctTyp="EQ_CORRELATION" IssuDtTm="2018-01-29" LastUpdateTm="2018-01-17"/>
  <Msr Val="0.593462455575533" ValTyp="Other" MktDataTyp="ASK"/>
</Pnt>


<Pnt Name="USD-COH.N">
  <Undly ID="EUR-VOWG_P.DE" PxStrctTyp="EQ_CORRELATION" IssuDtTm="2018-01-29" LastUpdateTm="2018-01-24"/>
  <Msr Val="0.41628253720876" ValTyp="Other" MktDataTyp="ASK"/>
</Pnt>


<Pnt Name="EUR-BMW.DE">
  <Undly ID="EUR-VOWG_P.DE" PxStrctTyp="EQ_CORRELATION" IssuDtTm="2018-01-29" LastUpdateTm="2018-01-24"/>
  <Msr Val="0.79466192330375" ValTyp="Other" MktDataTyp="ASK"/>
</Pnt>


<Pnt Name="EUR-UNBP.AS">
  <Undly ID="EUR-VOWG_P.DE" PxStrctTyp="EQ_CORRELATION" IssuDtTm="2018-01-29" LastUpdateTm="2018-01-24"/>
  <Msr Val="0.564835759898114" ValTyp="Other" MktDataTyp="ASK"/>
</Pnt>


<Pnt Name="CAD-TSX60.IND">
  <Undly ID="EUR-VOWG_P.DE" PxStrctTyp="EQ_CORRELATION" IssuDtTm="2018-01-29" LastUpdateTm="2018-01-24"/>
  <Msr Val="0.554119673578069" ValTyp="Other" MktDataTyp="ASK"/>
</Pnt>


<Pnt Name="USD-VIAB.N">
  <Undly ID="EUR-VOWG_P.DE" PxStrctTyp="EQ_CORRELATION" IssuDtTm="2018-01-29" LastUpdateTm="2018-01-17"/>
  <Msr Val="0.451662426307373" ValTyp="Other" MktDataTyp="ASK"/>
</Pnt>


<Pnt Name="EUR-TIT.MI">
  <Undly ID="EUR-VOWG_P.DE" PxStrctTyp="EQ_CORRELATION" IssuDtTm="2018-01-29" LastUpdateTm="2018-01-24"/>
  <Msr Val="0.526525459520191" ValTyp="Other" MktDataTyp="ASK"/>
</Pnt>


<Pnt Name="USD-AMT.N">
  <Undly ID="EUR-VOWG_P.DE" PxStrctTyp="EQ_CORRELATION" IssuDtTm="2018-01-29" LastUpdateTm="2018-01-24"/>
  <Msr Val="0.425796065141296" ValTyp="Other" MktDataTyp="ASK"/>
</Pnt>


<Pnt Name="USD-PNC.N">
  <Undly ID="EUR-VOWG_P.DE" PxStrctTyp="EQ_CORRELATION" IssuDtTm="2018-01-29" LastUpdateTm="2018-01-24"/>
  <Msr Val="0.556811178455371" ValTyp="Other" MktDataTyp="ASK"/>
</Pnt>


<Pnt Name="USD-AIG.N">
  <Undly ID="EUR-VOWG_P.DE" PxStrctTyp="EQ_CORRELATION" IssuDtTm="2018-01-29" LastUpdateTm="2018-01-24"/>
  <Msr Val="0.554637992721105" ValTyp="Other" MktDataTyp="ASK"/>
</Pnt>


<Pnt Name="USD-NKE.N">
  <Undly ID="EUR-VOWG_P.DE" PxStrctTyp="EQ_CORRELATION" IssuDtTm="2018-01-29" LastUpdateTm="2018-01-24"/>
  <Msr Val="0.453853428786325" ValTyp="Other" MktDataTyp="ASK"/>
</Pnt>


<Pnt Name="USD-XLK.N">
  <Undly ID="EUR-VOWG_P.DE" PxStrctTyp="EQ_CORRELATION" IssuDtTm="2018-01-29" LastUpdateTm="2018-01-17"/>
  <Msr Val="0.570557532838203" ValTyp="Other" MktDataTyp="ASK"/>
</Pnt>


<Pnt Name="EUR-CRDI.MI">
  <Undly ID="EUR-VOWG_P.DE" PxStrctTyp="EQ_CORRELATION" IssuDtTm="2018-01-29" LastUpdateTm="2018-01-24"/>
  <Msr Val="0.57628827400419" ValTyp="Other" MktDataTyp="ASK"/>
</Pnt>


<Pnt Name="USD-MELI.O">
  <Undly ID="EUR-VOWG_P.DE" PxStrctTyp="EQ_CORRELATION" IssuDtTm="2018-01-29" LastUpdateTm="2018-01-24"/>
  <Msr Val="0.438599105370272" ValTyp="Other" MktDataTyp="ASK"/>
</Pnt>


<Pnt Name="CHF-CSGN.S">
  <Undly ID="EUR-VOWG_P.DE" PxStrctTyp="EQ_CORRELATION" IssuDtTm="2018-01-29" LastUpdateTm="2018-01-24"/>
  <Msr Val="0.558735365118156" ValTyp="Other" MktDataTyp="ASK"/>
</Pnt>


<Pnt Name="USD-MET.N">
  <Undly ID="EUR-VOWG_P.DE" PxStrctTyp="EQ_CORRELATION" IssuDtTm="2018-01-29" LastUpdateTm="2018-01-24"/>
  <Msr Val="0.570369876264543" ValTyp="Other" MktDataTyp="ASK"/>
</Pnt>


<Pnt Name="USD-SCHW.N">
  <Undly ID="EUR-VOWG_P.DE" PxStrctTyp="EQ_CORRELATION" IssuDtTm="2018-01-29" LastUpdateTm="2018-01-17"/>
  <Msr Val="0.525494811712721" ValTyp="Other" MktDataTyp="ASK"/>
</Pnt>


<Pnt Name="EUR-IFXGN.DE">
  <Undly ID="EUR-VOWG_P.DE" PxStrctTyp="EQ_CORRELATION" IssuDtTm="2018-01-29" LastUpdateTm="2018-01-24"/>
  <Msr Val="0.61250368886694" ValTyp="Other" MktDataTyp="ASK"/>
</Pnt>


<Pnt Name="USD-V.N">
  <Undly ID="EUR-VOWG_P.DE" PxStrctTyp="EQ_CORRELATION" IssuDtTm="2018-01-29" LastUpdateTm="2018-01-17"/>
  <Msr Val="0.470136608840317" ValTyp="Other" MktDataTyp="ASK"/>
</Pnt>


<Pnt Name="USD-NDX 100 IND">
  <Undly ID="EUR-VOWG_P.DE" PxStrctTyp="EQ_CORRELATION" IssuDtTm="2018-01-29" LastUpdateTm="2018-01-24"/>
  <Msr Val="0.578926938511464" ValTyp="Other" MktDataTyp="ASK"/>
</Pnt>


<Pnt Name="USD-KR.N">
  <Undly ID="EUR-VOWG_P.DE" PxStrctTyp="EQ_CORRELATION" IssuDtTm="2018-01-29" LastUpdateTm="2018-01-24"/>
  <Msr Val="0.381678089221868" ValTyp="Other" MktDataTyp="ASK"/>
</Pnt>


<Pnt Name="USD-JWN.N">
  <Undly ID="EUR-VOWG_P.DE" PxStrctTyp="EQ_CORRELATION" IssuDtTm="2018-01-29" LastUpdateTm="2018-01-24"/>
  <Msr Val="0.439107537685508" ValTyp="Other" MktDataTyp="ASK"/>
</Pnt>


<Pnt Name="USD-PM.N">
  <Undly ID="EUR-VOWG_P.DE" PxStrctTyp="EQ_CORRELATION" IssuDtTm="2018-01-29" LastUpdateTm="2018-01-24"/>
  <Msr Val="0.426088829301584" ValTyp="Other" MktDataTyp="ASK"/>
</Pnt>


<Pnt Name="USD-HAL.N">
  <Undly ID="EUR-VOWG_P.DE" PxStrctTyp="EQ_CORRELATION" IssuDtTm="2018-01-29" LastUpdateTm="2018-01-24"/>
  <Msr Val="0.435027144248238" ValTyp="Other" MktDataTyp="ASK"/>
</Pnt>


<Pnt Name="GBP-BT.L">
  <Undly ID="EUR-VOWG_P.DE" PxStrctTyp="EQ_CORRELATION" IssuDtTm="2018-01-29" LastUpdateTm="2018-01-24"/>
  <Msr Val="0.507377712808799" ValTyp="Other" MktDataTyp="ASK"/>
</Pnt>


<Pnt Name="USD-WAG.N">
  <Undly ID="EUR-VOWG_P.DE" PxStrctTyp="EQ_CORRELATION" IssuDtTm="2018-01-29" LastUpdateTm="2018-01-17"/>
  <Msr Val="0.431786872099046" ValTyp="Other" MktDataTyp="ASK"/>
</Pnt>


<Pnt Name="USD-NFLX.OQ">
  <Undly ID="EUR-VOWG_P.DE" PxStrctTyp="EQ_CORRELATION" IssuDtTm="2018-01-29" LastUpdateTm="2018-01-24"/>
  <Msr Val="0.399081655532771" ValTyp="Other" MktDataTyp="ASK"/>
</Pnt>


<Pnt Name="USD-GE.N">
  <Undly ID="EUR-VOWG_P.DE" PxStrctTyp="EQ_CORRELATION" IssuDtTm="2018-01-29" LastUpdateTm="2018-01-24"/>
  <Msr Val="0.49980312703839" ValTyp="Other" MktDataTyp="ASK"/>
</Pnt>


<Pnt Name="USD-SPG.N">
  <Undly ID="EUR-VOWG_P.DE" PxStrctTyp="EQ_CORRELATION" IssuDtTm="2018-01-29" LastUpdateTm="2018-01-17"/>
  <Msr Val="0.375124982760185" ValTyp="Other" MktDataTyp="ASK"/>
</Pnt>


<Pnt Name="EUR-LHA.DE">
  <Undly ID="EUR-VOWG_P.DE" PxStrctTyp="EQ_CORRELATION" IssuDtTm="2018-01-29" LastUpdateTm="2018-01-24"/>
  <Msr Val="0.51200994179333" ValTyp="Other" MktDataTyp="ASK"/>
</Pnt>


<Pnt Name="GBP-GLEN.L">
  <Undly ID="EUR-VOWG_P.DE" PxStrctTyp="EQ_CORRELATION" IssuDtTm="2018-01-29" LastUpdateTm="2018-01-24"/>
  <Msr Val="0.454389356713011" ValTyp="Other" MktDataTyp="ASK"/>
</Pnt>


<Pnt Name="USD-INCY.O">
  <Undly ID="EUR-VOWG_P.DE" PxStrctTyp="EQ_CORRELATION" IssuDtTm="2018-01-29" LastUpdateTm="2018-01-24"/>
  <Msr Val="0.419798345700792" ValTyp="Other" MktDataTyp="ASK"/>
</Pnt>


<Pnt Name="EUR-CAGR.PA">
  <Undly ID="EUR-VOWG_P.DE" PxStrctTyp="EQ_CORRELATION" IssuDtTm="2018-01-29" LastUpdateTm="2018-01-24"/>
  <Msr Val="0.597233718312693" ValTyp="Other" MktDataTyp="ASK"/>
</Pnt>


<Pnt Name="USD-T.N">
  <Undly ID="EUR-VOWG_P.DE" PxStrctTyp="EQ_CORRELATION" IssuDtTm="2018-01-29" LastUpdateTm="2018-01-17"/>
  <Msr Val="0.394754757424471" ValTyp="Other" MktDataTyp="ASK"/>
</Pnt>


<Pnt Name="USD-EXPE.O">
  <Undly ID="EUR-VOWG_P.DE" PxStrctTyp="EQ_CORRELATION" IssuDtTm="2018-01-29" LastUpdateTm="2018-01-24"/>
  <Msr Val="0.456288145783967" ValTyp="Other" MktDataTyp="ASK"/>
</Pnt>


<Pnt Name="USD-HD.N">
  <Undly ID="EUR-VOWG_P.DE" PxStrctTyp="EQ_CORRELATION" IssuDtTm="2018-01-29" LastUpdateTm="2018-01-24"/>
  <Msr Val="0.495059026116652" ValTyp="Other" MktDataTyp="ASK"/>
</Pnt>


<Pnt Name="GBP-FTSE IND">
  <Undly ID="EUR-VOWG_P.DE" PxStrctTyp="EQ_CORRELATION" IssuDtTm="2018-01-29" LastUpdateTm="2018-01-24"/>
  <Msr Val="0.621499653153252" ValTyp="Other" MktDataTyp="ASK"/>
</Pnt>


<Pnt Name="USD-D.N">
  <Undly ID="EUR-VOWG_P.DE" PxStrctTyp="EQ_CORRELATION" IssuDtTm="2018-01-29" LastUpdateTm="2018-01-24"/>
  <Msr Val="0.344956287326732" ValTyp="Other" MktDataTyp="ASK"/>
</Pnt>


<Pnt Name="USD-CELG.O">
  <Undly ID="EUR-VOWG_P.DE" PxStrctTyp="EQ_CORRELATION" IssuDtTm="2018-01-29" LastUpdateTm="2018-01-24"/>
  <Msr Val="0.452114981832267" ValTyp="Other" MktDataTyp="ASK"/>
</Pnt>


<Pnt Name="USD-MPC.N">
  <Undly ID="EUR-VOWG_P.DE" PxStrctTyp="EQ_CORRELATION" IssuDtTm="2018-01-29" LastUpdateTm="2018-01-24"/>
  <Msr Val="0.420447963040978" ValTyp="Other" MktDataTyp="ASK"/>
</Pnt>


<Pnt Name="USD-DIS.N">
  <Undly ID="EUR-VOWG_P.DE" PxStrctTyp="EQ_CORRELATION" IssuDtTm="2018-01-29" LastUpdateTm="2018-01-24"/>
  <Msr Val="0.492988336635321" ValTyp="Other" MktDataTyp="ASK"/>
</Pnt>


<Pnt Name="EUR-ASML.AS">
  <Undly ID="EUR-VOWG_P.DE" PxStrctTyp="EQ_CORRELATION" IssuDtTm="2018-01-29" LastUpdateTm="2018-01-24"/>
  <Msr Val="0.540422387368147" ValTyp="Other" MktDataTyp="ASK"/>
</Pnt>


<Pnt Name="EUR-TOTF.PA">
  <Undly ID="EUR-VOWG_P.DE" PxStrctTyp="EQ_CORRELATION" IssuDtTm="2018-01-29" LastUpdateTm="2018-01-24"/>
  <Msr Val="0.574568776257349" ValTyp="Other" MktDataTyp="ASK"/>
</Pnt>


<Pnt Name="EUR-TKAG.DE">
  <Undly ID="EUR-VOWG_P.DE" PxStrctTyp="EQ_CORRELATION" IssuDtTm="2018-01-29" LastUpdateTm="2018-01-24"/>
  <Msr Val="0.645991402762295" ValTyp="Other" MktDataTyp="ASK"/>
</Pnt>


<Pnt Name="EUROSTOXX50 IND">
  <Undly ID="EUR-VOWG_P.DE" PxStrctTyp="EQ_CORRELATION" IssuDtTm="2018-01-29" LastUpdateTm="2018-01-24"/>
  <Msr Val="0.704473563293024" ValTyp="Other" MktDataTyp="ASK"/>
</Pnt>


<Pnt Name="EUR-ENI.MI">
  <Undly ID="EUR-VOWG_P.DE" PxStrctTyp="EQ_CORRELATION" IssuDtTm="2018-01-29" LastUpdateTm="2018-01-24"/>
  <Msr Val="0.613762935327877" ValTyp="Other" MktDataTyp="ASK"/>
</Pnt>


<Pnt Name="SEK-VOLVB.ST">
  <Undly ID="EUR-VOWG_P.DE" PxStrctTyp="EQ_CORRELATION" IssuDtTm="2018-01-29" LastUpdateTm="2018-01-24"/>
  <Msr Val="0.57031771174547" ValTyp="Other" MktDataTyp="ASK"/>
</Pnt>


<Pnt Name="USD-AMAT.O">
  <Undly ID="EUR-VOWG_P.DE" PxStrctTyp="EQ_CORRELATION" IssuDtTm="2018-01-29" LastUpdateTm="2018-01-24"/>
  <Msr Val="0.477780147646871" ValTyp="Other" MktDataTyp="ASK"/>
</Pnt>


<Pnt Name="USD-KRFTV.O">
  <Undly ID="EUR-VOWG_P.DE" PxStrctTyp="EQ_CORRELATION" IssuDtTm="2018-01-29" LastUpdateTm="2018-01-24"/>
  <Msr Val="0.406713743691582" ValTyp="Other" MktDataTyp="ASK"/>
</Pnt>


<Pnt Name="USD-XLP.N">
  <Undly ID="EUR-VOWG_P.DE" PxStrctTyp="EQ_CORRELATION" IssuDtTm="2018-01-29" LastUpdateTm="2018-01-17"/>
  <Msr Val="0.474007167045379" ValTyp="Other" MktDataTyp="ASK"/>
</Pnt>


<Pnt Name="USD-KORS.N">
  <Undly ID="EUR-VOWG_P.DE" PxStrctTyp="EQ_CORRELATION" IssuDtTm="2018-01-29" LastUpdateTm="2018-01-24"/>
  <Msr Val="0.421300883855827" ValTyp="Other" MktDataTyp="ASK"/>
</Pnt>


<Pnt Name="GBP-PRU.L">
  <Undly ID="EUR-VOWG_P.DE" PxStrctTyp="EQ_CORRELATION" IssuDtTm="2018-01-29" LastUpdateTm="2018-01-24"/>
  <Msr Val="0.611759573881368" ValTyp="Other" MktDataTyp="ASK"/>
</Pnt>


<Pnt Name="EUR-BASF.DE">
  <Undly ID="EUR-VOWG_P.DE" PxStrctTyp="EQ_CORRELATION" IssuDtTm="2018-01-29" LastUpdateTm="2018-01-24"/>
  <Msr Val="0.684132248553653" ValTyp="Other" MktDataTyp="ASK"/>
</Pnt>


<Pnt Name="USD-ABBV-W.N">
  <Undly ID="EUR-VOWG_P.DE" PxStrctTyp="EQ_CORRELATION" IssuDtTm="2018-01-29" LastUpdateTm="2018-01-24"/>
  <Msr Val="0.414415425041176" ValTyp="Other" MktDataTyp="ASK"/>
</Pnt>


<Pnt Name="USD-HYG.P">
  <Undly ID="EUR-VOWG_P.DE" PxStrctTyp="EQ_CORRELATION" IssuDtTm="2018-01-29" LastUpdateTm="2018-01-24"/>
  <Msr Val="0.514543739915413" ValTyp="Other" MktDataTyp="ASK"/>
</Pnt>


<Pnt Name="GBP-VOD.L">
  <Undly ID="EUR-VOWG_P.DE" PxStrctTyp="EQ_CORRELATION" IssuDtTm="2018-01-29" LastUpdateTm="2018-01-24"/>
  <Msr Val="0.486974460098335" ValTyp="Other" MktDataTyp="ASK"/>
</Pnt>


<Pnt Name="USD-SLB.N">
  <Undly ID="EUR-VOWG_P.DE" PxStrctTyp="EQ_CORRELATION" IssuDtTm="2018-01-29" LastUpdateTm="2018-01-17"/>
  <Msr Val="0.481552135468625" ValTyp="Other" MktDataTyp="ASK"/>
</Pnt>


<Pnt Name="AS51 IND">
  <Undly ID="EUR-VOWG_P.DE" PxStrctTyp="EQ_CORRELATION" IssuDtTm="2018-01-29" LastUpdateTm="2018-01-24"/>
  <Msr Val="0.552587833995229" ValTyp="Other" MktDataTyp="ASK"/>
</Pnt>


<Pnt Name="CHF-UBSG.S">
  <Undly ID="EUR-VOWG_P.DE" PxStrctTyp="EQ_CORRELATION" IssuDtTm="2018-01-29" LastUpdateTm="2018-01-24"/>
  <Msr Val="0.589469906536795" ValTyp="Other" MktDataTyp="ASK"/>
</Pnt>


<Pnt Name="EUR-DPW.DE">
  <Undly ID="EUR-VOWG_P.DE" PxStrctTyp="EQ_CORRELATION" IssuDtTm="2018-01-29" LastUpdateTm="2018-01-24"/>
  <Msr Val="0.651955006920434" ValTyp="Other" MktDataTyp="ASK"/>
</Pnt>


<Pnt Name="USD-GD.N">
  <Undly ID="EUR-VOWG_P.DE" PxStrctTyp="EQ_CORRELATION" IssuDtTm="2018-01-29" LastUpdateTm="2018-01-24"/>
  <Msr Val="0.535536168398222" ValTyp="Other" MktDataTyp="ASK"/>
</Pnt>


<Pnt Name="CHF-SRENH.S">
  <Undly ID="EUR-VOWG_P.DE" PxStrctTyp="EQ_CORRELATION" IssuDtTm="2018-01-29" LastUpdateTm="2018-01-24"/>
  <Msr Val="0.60166608717699" ValTyp="Other" MktDataTyp="ASK"/>
</Pnt>


<Pnt Name="EUR-SCHN.PA">
  <Undly ID="EUR-VOWG_P.DE" PxStrctTyp="EQ_CORRELATION" IssuDtTm="2018-01-29" LastUpdateTm="2018-01-24"/>
  <Msr Val="0.64498479135887" ValTyp="Other" MktDataTyp="ASK"/>
</Pnt>


<Pnt Name="USD-PCAR.O">
  <Undly ID="EUR-VOWG_P.DE" PxStrctTyp="EQ_CORRELATION" IssuDtTm="2018-01-29" LastUpdateTm="2018-01-24"/>
  <Msr Val="0.5555329240426" ValTyp="Other" MktDataTyp="ASK"/>
</Pnt>


<Pnt Name="USD-CHTR.O">
  <Undly ID="EUR-VOWG_P.DE" PxStrctTyp="EQ_CORRELATION" IssuDtTm="2018-01-29" LastUpdateTm="2018-01-24"/>
  <Msr Val="0.424188525156829" ValTyp="Other" MktDataTyp="ASK"/>
</Pnt>


<Pnt Name="USD-MMM.N">
  <Undly ID="EUR-VOWG_P.DE" PxStrctTyp="EQ_CORRELATION" IssuDtTm="2018-01-29" LastUpdateTm="2018-01-24"/>
  <Msr Val="0.531356019547657" ValTyp="Other" MktDataTyp="ASK"/>
</Pnt>


<Pnt Name="USD-AMD.N">
  <Undly ID="EUR-VOWG_P.DE" PxStrctTyp="EQ_CORRELATION" IssuDtTm="2018-01-29" LastUpdateTm="2018-01-24"/>
  <Msr Val="0.424900135573634" ValTyp="Other" MktDataTyp="ASK"/>
</Pnt>


<Pnt Name="USD-USB.N">
  <Undly ID="EUR-VOWG_P.DE" PxStrctTyp="EQ_CORRELATION" IssuDtTm="2018-01-29" LastUpdateTm="2018-01-17"/>
  <Msr Val="0.548325894384206" ValTyp="Other" MktDataTyp="ASK"/>
</Pnt>


<Pnt Name="EUR-RENA.PA">
  <Undly ID="EUR-VOWG_P.DE" PxStrctTyp="EQ_CORRELATION" IssuDtTm="2018-01-29" LastUpdateTm="2018-01-24"/>
  <Msr Val="0.767817694459035" ValTyp="Other" MktDataTyp="ASK"/>
</Pnt>


<Pnt Name="USD-CVS.N">
  <Undly ID="EUR-VOWG_P.DE" PxStrctTyp="EQ_CORRELATION" IssuDtTm="2018-01-29" LastUpdateTm="2018-01-24"/>
  <Msr Val="0.43488063216333" ValTyp="Other" MktDataTyp="ASK"/>
</Pnt>


<Pnt Name="EUR-AHLN.AS">
  <Undly ID="EUR-VOWG_P.DE" PxStrctTyp="EQ_CORRELATION" IssuDtTm="2018-01-29" LastUpdateTm="2018-01-24"/>
  <Msr Val="0.52140598900728" ValTyp="Other" MktDataTyp="ASK"/>
</Pnt>


<Pnt Name="EUR-MUVGN.DE">
  <Undly ID="EUR-VOWG_P.DE" PxStrctTyp="EQ_CORRELATION" IssuDtTm="2018-01-29" LastUpdateTm="2018-01-24"/>
  <Msr Val="0.637485429630997" ValTyp="Other" MktDataTyp="ASK"/>
</Pnt>


<Pnt Name="EUR-GASI.MI">
  <Undly ID="EUR-VOWG_P.DE" PxStrctTyp="EQ_CORRELATION" IssuDtTm="2018-01-29" LastUpdateTm="2018-01-24"/>
  <Msr Val="0.609158543780039" ValTyp="Other" MktDataTyp="ASK"/>
</Pnt>


<Pnt Name="USD-FXI.N">
  <Undly ID="EUR-VOWG_P.DE" PxStrctTyp="EQ_CORRELATION" IssuDtTm="2018-01-29" LastUpdateTm="2018-01-24"/>
  <Msr Val="0.511428075768313" ValTyp="Other" MktDataTyp="ASK"/>
</Pnt>


<Pnt Name="GBP-HSBA.L">
  <Undly ID="EUR-VOWG_P.DE" PxStrctTyp="EQ_CORRELATION" IssuDtTm="2018-01-29" LastUpdateTm="2018-01-24"/>
  <Msr Val="0.542525359650363" ValTyp="Other" MktDataTyp="ASK"/>
</Pnt>


<Pnt Name="USD-APA.N">
  <Undly ID="EUR-VOWG_P.DE" PxStrctTyp="EQ_CORRELATION" IssuDtTm="2018-01-29" LastUpdateTm="2018-01-24"/>
  <Msr Val="0.436759105420445" ValTyp="Other" MktDataTyp="ASK"/>
</Pnt>


<Pnt Name="USD-EOG.N">
  <Undly ID="EUR-VOWG_P.DE" PxStrctTyp="EQ_CORRELATION" IssuDtTm="2018-01-29" LastUpdateTm="2018-01-24"/>
  <Msr Val="0.437718599885354" ValTyp="Other" MktDataTyp="ASK"/>
</Pnt>


<Pnt Name="USD-ORCL.O">
  <Undly ID="EUR-VOWG_P.DE" PxStrctTyp="EQ_CORRELATION" IssuDtTm="2018-01-29" LastUpdateTm="2018-01-24"/>
  <Msr Val="0.467394701285036" ValTyp="Other" MktDataTyp="ASK"/>
</Pnt>


<Pnt Name="CHF-SCMN.S">
  <Undly ID="EUR-VOWG_P.DE" PxStrctTyp="EQ_CORRELATION" IssuDtTm="2018-01-29" LastUpdateTm="2018-01-24"/>
  <Msr Val="0.544340781046452" ValTyp="Other" MktDataTyp="ASK"/>
</Pnt>


<Pnt Name="EUR-ADSGN.DE">
  <Undly ID="EUR-VOWG_P.DE" PxStrctTyp="EQ_CORRELATION" IssuDtTm="2018-01-29" LastUpdateTm="2018-01-24"/>
  <Msr Val="0.465018110690389" ValTyp="Other" MktDataTyp="ASK"/>
</Pnt>


<Pnt Name="USD-GOOG.O">
  <Undly ID="EUR-VOWG_P.DE" PxStrctTyp="EQ_CORRELATION" IssuDtTm="2018-01-29" LastUpdateTm="2018-01-24"/>
  <Msr Val="0.444793685021866" ValTyp="Other" MktDataTyp="ASK"/>
</Pnt>


<Pnt Name="USD-CSX.N">
  <Undly ID="EUR-VOWG_P.DE" PxStrctTyp="EQ_CORRELATION" IssuDtTm="2018-01-29" LastUpdateTm="2018-01-24"/>
  <Msr Val="0.502749952457958" ValTyp="Other" MktDataTyp="ASK"/>
</Pnt>


<Pnt Name="EUR-DANO.PA">
  <Undly ID="EUR-VOWG_P.DE" PxStrctTyp="EQ_CORRELATION" IssuDtTm="2018-01-29" LastUpdateTm="2018-01-24"/>
  <Msr Val="0.565455222477313" ValTyp="Other" MktDataTyp="ASK"/>
</Pnt>


<Pnt Name="USD-HAS.N">
  <Undly ID="EUR-VOWG_P.DE" PxStrctTyp="EQ_CORRELATION" IssuDtTm="2018-01-29" LastUpdateTm="2018-01-24"/>
  <Msr Val="0.390469634313592" ValTyp="Other" MktDataTyp="ASK"/>
</Pnt>


<Pnt Name="GBP-BLT.L">
  <Undly ID="EUR-VOWG_P.DE" PxStrctTyp="EQ_CORRELATION" IssuDtTm="2018-01-29" LastUpdateTm="2018-01-24"/>
  <Msr Val="0.46537326590318" ValTyp="Other" MktDataTyp="ASK"/>
</Pnt>


<Pnt Name="USD-IBB.O">
  <Undly ID="EUR-VOWG_P.DE" PxStrctTyp="EQ_CORRELATION" IssuDtTm="2018-01-29" LastUpdateTm="2018-01-24"/>
  <Msr Val="0.477694992702707" ValTyp="Other" MktDataTyp="ASK"/>
</Pnt>


<Pnt Name="EUR-LVMH.PA">
  <Undly ID="EUR-VOWG_P.DE" PxStrctTyp="EQ_CORRELATION" IssuDtTm="2018-01-29" LastUpdateTm="2018-01-24"/>
  <Msr Val="0.626511640094954" ValTyp="Other" MktDataTyp="ASK"/>
</Pnt>


<Pnt Name="USD-CB.N">
  <Undly ID="EUR-VOWG_P.DE" PxStrctTyp="EQ_CORRELATION" IssuDtTm="2018-01-29" LastUpdateTm="2018-01-24"/>
  <Msr Val="0.466419527433984" ValTyp="Other" MktDataTyp="ASK"/>
</Pnt>


<Pnt Name="USD-XLU.N">
  <Undly ID="EUR-VOWG_P.DE" PxStrctTyp="EQ_CORRELATION" IssuDtTm="2018-01-29" LastUpdateTm="2018-01-17"/>
  <Msr Val="0.36364574984636" ValTyp="Other" MktDataTyp="ASK"/>
</Pnt>


<Pnt Name="USD-WLP.N">
  <Undly ID="EUR-VOWG_P.DE" PxStrctTyp="EQ_CORRELATION" IssuDtTm="2018-01-29" LastUpdateTm="2018-01-17"/>
  <Msr Val="0.424622673462262" ValTyp="Other" MktDataTyp="ASK"/>
</Pnt>


<Pnt Name="EUR-EAUG.PA">
  <Undly ID="EUR-VOWG_P.DE" PxStrctTyp="EQ_CORRELATION" IssuDtTm="2018-01-29" LastUpdateTm="2018-01-24"/>
  <Msr Val="0.558909426926714" ValTyp="Other" MktDataTyp="ASK"/>
</Pnt>


<Pnt Name="USD-COF.N">
  <Undly ID="EUR-VOWG_P.DE" PxStrctTyp="EQ_CORRELATION" IssuDtTm="2018-01-29" LastUpdateTm="2018-01-24"/>
  <Msr Val="0.524226504187805" ValTyp="Other" MktDataTyp="ASK"/>
</Pnt>


<Pnt Name="EUR-UNC.AS">
  <Undly ID="EUR-VOWG_P.DE" PxStrctTyp="EQ_CORRELATION" IssuDtTm="2018-01-29" LastUpdateTm="2018-01-24"/>
  <Msr Val="0.533919340029998" ValTyp="Other" MktDataTyp="ASK"/>
</Pnt>


<Pnt Name="USD-BBD.N">
  <Undly ID="EUR-VOWG_P.DE" PxStrctTyp="EQ_CORRELATION" IssuDtTm="2018-01-29" LastUpdateTm="2018-01-24"/>
  <Msr Val="0.433222363893086" ValTyp="Other" MktDataTyp="ASK"/>
</Pnt>


<Pnt Name="USD-MDY.P">
  <Undly ID="EUR-VOWG_P.DE" PxStrctTyp="EQ_CORRELATION" IssuDtTm="2018-01-29" LastUpdateTm="2018-01-24"/>
  <Msr Val="0.5843983701316" ValTyp="Other" MktDataTyp="ASK"/>
</Pnt>


<Pnt Name="USD-ACT.N">
  <Undly ID="EUR-VOWG_P.DE" PxStrctTyp="EQ_CORRELATION" IssuDtTm="2018-01-29" LastUpdateTm="2018-01-24"/>
  <Msr Val="0.414325983043902" ValTyp="Other" MktDataTyp="ASK"/>
</Pnt>


<Pnt Name="USD-XLV.N">
  <Undly ID="EUR-VOWG_P.DE" PxStrctTyp="EQ_CORRELATION" IssuDtTm="2018-01-29" LastUpdateTm="2018-01-17"/>
  <Msr Val="0.512048762156141" ValTyp="Other" MktDataTyp="ASK"/>
</Pnt>


<Pnt Name="EUR-BAYG.DE">
  <Undly ID="EUR-VOWG_P.DE" PxStrctTyp="EQ_CORRELATION" IssuDtTm="2018-01-29" LastUpdateTm="2018-01-24"/>
  <Msr Val="0.627820972283864" ValTyp="Other" MktDataTyp="ASK"/>
</Pnt>


<Pnt Name="EUR-BBV.MC">
  <Undly ID="EUR-VOWG_P.DE" PxStrctTyp="EQ_CORRELATION" IssuDtTm="2018-01-29" LastUpdateTm="2018-01-24"/>
  <Msr Val="0.616986146813203" ValTyp="Other" MktDataTyp="ASK"/>
</Pnt>


<Pnt Name="USD-EWZ.N">
  <Undly ID="EUR-VOWG_P.DE" PxStrctTyp="EQ_CORRELATION" IssuDtTm="2018-01-29" LastUpdateTm="2018-01-24"/>
  <Msr Val="0.446763051967968" ValTyp="Other" MktDataTyp="ASK"/>
</Pnt>


<Pnt Name="EUR-CONG.DE">
  <Undly ID="EUR-VOWG_P.DE" PxStrctTyp="EQ_CORRELATION" IssuDtTm="2018-01-29" LastUpdateTm="2018-01-24"/>
  <Msr Val="0.748060533139317" ValTyp="Other" MktDataTyp="ASK"/>
</Pnt>


<Pnt Name="USD-BK.N">
  <Undly ID="EUR-VOWG_P.DE" PxStrctTyp="EQ_CORRELATION" IssuDtTm="2018-01-29" LastUpdateTm="2018-01-24"/>
  <Msr Val="0.592012789219008" ValTyp="Other" MktDataTyp="ASK"/>
</Pnt>


<Pnt Name="GBP-DGE.L">
  <Undly ID="EUR-VOWG_P.DE" PxStrctTyp="EQ_CORRELATION" IssuDtTm="2018-01-29" LastUpdateTm="2018-01-24"/>
  <Msr Val="0.463633462442436" ValTyp="Other" MktDataTyp="ASK"/>
</Pnt>


<Pnt Name="USD-LLY.N">
  <Undly ID="EUR-VOWG_P.DE" PxStrctTyp="EQ_CORRELATION" IssuDtTm="2018-01-29" LastUpdateTm="2018-01-24"/>
  <Msr Val="0.377631440086249" ValTyp="Other" MktDataTyp="ASK"/>
</Pnt>


<Pnt Name="SEK-HMB.ST">
  <Undly ID="EUR-VOWG_P.DE" PxStrctTyp="EQ_CORRELATION" IssuDtTm="2018-01-29" LastUpdateTm="2018-01-24"/>
  <Msr Val="0.520532847428365" ValTyp="Other" MktDataTyp="ASK"/>
</Pnt>


<Pnt Name="CHF-HOLN.S">
  <Undly ID="EUR-VOWG_P.DE" PxStrctTyp="EQ_CORRELATION" IssuDtTm="2018-01-29" LastUpdateTm="2018-01-24"/>
  <Msr Val="0.602643799134487" ValTyp="Other" MktDataTyp="ASK"/>
</Pnt>


<Pnt Name="USD-VALE.N">
  <Undly ID="EUR-VOWG_P.DE" PxStrctTyp="EQ_CORRELATION" IssuDtTm="2018-01-29" LastUpdateTm="2018-01-17"/>
  <Msr Val="0.421872487925522" ValTyp="Other" MktDataTyp="ASK"/>
</Pnt>


<Pnt Name="EUR-TEF.MC">
  <Undly ID="EUR-VOWG_P.DE" PxStrctTyp="EQ_CORRELATION" IssuDtTm="2018-01-29" LastUpdateTm="2018-01-24"/>
  <Msr Val="0.596585577974132" ValTyp="Other" MktDataTyp="ASK"/>
</Pnt>


<Pnt Name="USD-KEY.N">
  <Undly ID="EUR-VOWG_P.DE" PxStrctTyp="EQ_CORRELATION" IssuDtTm="2018-01-29" LastUpdateTm="2018-01-24"/>
  <Msr Val="0.494900685786255" ValTyp="Other" MktDataTyp="ASK"/>
</Pnt>


<Pnt Name="USD-UNH.N">
  <Undly ID="EUR-VOWG_P.DE" PxStrctTyp="EQ_CORRELATION" IssuDtTm="2018-01-29" LastUpdateTm="2018-01-17"/>
  <Msr Val="0.468360349588545" ValTyp="Other" MktDataTyp="ASK"/>
</Pnt>


<Pnt Name="USD-MRK.N">
  <Undly ID="EUR-VOWG_P.DE" PxStrctTyp="EQ_CORRELATION" IssuDtTm="2018-01-29" LastUpdateTm="2018-01-24"/>
  <Msr Val="0.426410312054347" ValTyp="Other" MktDataTyp="ASK"/>
</Pnt>


<Pnt Name="EUR-SASY.PA">
  <Undly ID="EUR-VOWG_P.DE" PxStrctTyp="EQ_CORRELATION" IssuDtTm="2018-01-29" LastUpdateTm="2018-01-24"/>
  <Msr Val="0.542805960604986" ValTyp="Other" MktDataTyp="ASK"/>
</Pnt>


<Pnt Name="EUR-DBKGN.DE">
  <Undly ID="EUR-VOWG_P.DE" PxStrctTyp="EQ_CORRELATION" IssuDtTm="2018-01-29" LastUpdateTm="2018-01-24"/>
  <Msr Val="0.610673272951269" ValTyp="Other" MktDataTyp="ASK"/>
</Pnt>


<Pnt Name="CHF-ZURN.S">
  <Undly ID="EUR-VOWG_P.DE" PxStrctTyp="EQ_CORRELATION" IssuDtTm="2018-01-29" LastUpdateTm="2018-01-24"/>
  <Msr Val="0.561099793530845" ValTyp="Other" MktDataTyp="ASK"/>
</Pnt>


<Pnt Name="GBP-RDSB.L">
  <Undly ID="EUR-VOWG_P.DE" PxStrctTyp="EQ_CORRELATION" IssuDtTm="2018-01-29" LastUpdateTm="2018-01-24"/>
  <Msr Val="0.452972020412664" ValTyp="Other" MktDataTyp="ASK"/>
</Pnt>


<Pnt Name="USD-GM.N">
  <Undly ID="EUR-VOWG_P.DE" PxStrctTyp="EQ_CORRELATION" IssuDtTm="2018-01-29" LastUpdateTm="2018-01-24"/>
  <Msr Val="0.559337896365152" ValTyp="Other" MktDataTyp="ASK"/>
</Pnt>


<Pnt Name="USD-FCX.N">
  <Undly ID="EUR-VOWG_P.DE" PxStrctTyp="EQ_CORRELATION" IssuDtTm="2018-01-29" LastUpdateTm="2018-01-24"/>
  <Msr Val="0.455553657548546" ValTyp="Other" MktDataTyp="ASK"/>
</Pnt>


<Pnt Name="SEK-SEBA.ST">
  <Undly ID="EUR-VOWG_P.DE" PxStrctTyp="EQ_CORRELATION" IssuDtTm="2018-01-29" LastUpdateTm="2018-01-24"/>
  <Msr Val="0.597928089115998" ValTyp="Other" MktDataTyp="ASK"/>
</Pnt>


<Pnt Name="USD-GG.N">
  <Undly ID="EUR-VOWG_P.DE" PxStrctTyp="EQ_CORRELATION" IssuDtTm="2018-01-29" LastUpdateTm="2018-01-24"/>
  <Msr Val="0.3108773656309" ValTyp="Other" MktDataTyp="ASK"/>
</Pnt>


<Pnt Name="USD-VZ.N">
  <Undly ID="EUR-VOWG_P.DE" PxStrctTyp="EQ_CORRELATION" IssuDtTm="2018-01-29" LastUpdateTm="2018-01-17"/>
  <Msr Val="0.392576734298214" ValTyp="Other" MktDataTyp="ASK"/>
</Pnt>


<Pnt Name="EUR-PERP.PA">
  <Undly ID="EUR-VOWG_P.DE" PxStrctTyp="EQ_CORRELATION" IssuDtTm="2018-01-29" LastUpdateTm="2018-01-24"/>
  <Msr Val="0.567048845455649" ValTyp="Other" MktDataTyp="ASK"/>
</Pnt>


<Pnt Name="USD-HWP.N">
  <Undly ID="EUR-VOWG_P.DE" PxStrctTyp="EQ_CORRELATION" IssuDtTm="2018-01-29" LastUpdateTm="2018-01-24"/>
  <Msr Val="0.4829974680026" ValTyp="Other" MktDataTyp="ASK"/>
</Pnt>


<Pnt Name="USD-MDLZV.O">
  <Undly ID="EUR-VOWG_P.DE" PxStrctTyp="EQ_CORRELATION" IssuDtTm="2018-01-29" LastUpdateTm="2018-01-24"/>
  <Msr Val="0.484188994074564" ValTyp="Other" MktDataTyp="ASK"/>
</Pnt>


<Pnt Name="USD-BRKB.N">
  <Undly ID="EUR-VOWG_P.DE" PxStrctTyp="EQ_CORRELATION" IssuDtTm="2018-01-29" LastUpdateTm="2018-01-24"/>
  <Msr Val="0.532433326699064" ValTyp="Other" MktDataTyp="ASK"/>
</Pnt>


<Pnt Name="USD-GS.N">
  <Undly ID="EUR-VOWG_P.DE" PxStrctTyp="EQ_CORRELATION" IssuDtTm="2018-01-29" LastUpdateTm="2018-01-24"/>
  <Msr Val="0.544733933910251" ValTyp="Other" MktDataTyp="ASK"/>
</Pnt>


<Pnt Name="EUR-HEIG.DE">
  <Undly ID="EUR-VOWG_P.DE" PxStrctTyp="EQ_CORRELATION" IssuDtTm="2018-01-29" LastUpdateTm="2018-01-24"/>
  <Msr Val="0.656551954681633" ValTyp="Other" MktDataTyp="ASK"/>
</Pnt>


<Pnt Name="USD-INTC.O">
  <Undly ID="EUR-VOWG_P.DE" PxStrctTyp="EQ_CORRELATION" IssuDtTm="2018-01-29" LastUpdateTm="2018-01-24"/>
  <Msr Val="0.511197219803451" ValTyp="Other" MktDataTyp="ASK"/>
</Pnt>


<Pnt Name="USD-ISRG.OQ">
  <Undly ID="EUR-VOWG_P.DE" PxStrctTyp="EQ_CORRELATION" IssuDtTm="2018-01-29" LastUpdateTm="2018-01-24"/>
  <Msr Val="0.440823305333111" ValTyp="Other" MktDataTyp="ASK"/>
</Pnt>


<Pnt Name="USD-BA.N">
  <Undly ID="EUR-VOWG_P.DE" PxStrctTyp="EQ_CORRELATION" IssuDtTm="2018-01-29" LastUpdateTm="2018-01-24"/>
  <Msr Val="0.495055789056352" ValTyp="Other" MktDataTyp="ASK"/>
</Pnt>


<Pnt Name="EUR-OREP.PA">
  <Undly ID="EUR-VOWG_P.DE" PxStrctTyp="EQ_CORRELATION" IssuDtTm="2018-01-29" LastUpdateTm="2018-01-24"/>
  <Msr Val="0.544236591854523" ValTyp="Other" MktDataTyp="ASK"/>
</Pnt>


<Pnt Name="USD-F.N">
  <Undly ID="EUR-VOWG_P.DE" PxStrctTyp="EQ_CORRELATION" IssuDtTm="2018-01-29" LastUpdateTm="2018-01-24"/>
  <Msr Val="0.582819529080341" ValTyp="Other" MktDataTyp="ASK"/>
</Pnt>


<Pnt Name="EUR-ALVG.DE">
  <Undly ID="EUR-VOWG_P.DE" PxStrctTyp="EQ_CORRELATION" IssuDtTm="2018-01-29" LastUpdateTm="2018-01-24"/>
  <Msr Val="0.66588976210363" ValTyp="Other" MktDataTyp="ASK"/>
</Pnt>


<Pnt Name="USD-XME.N">
  <Undly ID="EUR-VOWG_P.DE" PxStrctTyp="EQ_CORRELATION" IssuDtTm="2018-01-29" LastUpdateTm="2018-01-17"/>
  <Msr Val="0.454115559187637" ValTyp="Other" MktDataTyp="ASK"/>
</Pnt>


<Pnt Name="USD-CSCO.O">
  <Undly ID="EUR-VOWG_P.DE" PxStrctTyp="EQ_CORRELATION" IssuDtTm="2018-01-29" LastUpdateTm="2018-01-24"/>
  <Msr Val="0.512712026344757" ValTyp="Other" MktDataTyp="ASK"/>
</Pnt>


<Pnt Name="GBP-BARC.L">
  <Undly ID="EUR-VOWG_P.DE" PxStrctTyp="EQ_CORRELATION" IssuDtTm="2018-01-29" LastUpdateTm="2018-01-24"/>
  <Msr Val="0.550708568887306" ValTyp="Other" MktDataTyp="ASK"/>
</Pnt>


<Pnt Name="USD-APC.N">
  <Undly ID="EUR-VOWG_P.DE" PxStrctTyp="EQ_CORRELATION" IssuDtTm="2018-01-29" LastUpdateTm="2018-01-24"/>
  <Msr Val="0.455013253355716" ValTyp="Other" MktDataTyp="ASK"/>
</Pnt>


<Pnt Name="EUR-HNKG_P.DE">
  <Undly ID="EUR-VOWG_P.DE" PxStrctTyp="EQ_CORRELATION" IssuDtTm="2018-01-29" LastUpdateTm="2018-01-24"/>
  <Msr Val="0.570773296125205" ValTyp="Other" MktDataTyp="ASK"/>
</Pnt>


<Pnt Name="USD-FL.N">
  <Undly ID="EUR-VOWG_P.DE" PxStrctTyp="EQ_CORRELATION" IssuDtTm="2018-01-29" LastUpdateTm="2018-01-24"/>
  <Msr Val="0.430635369754232" ValTyp="Other" MktDataTyp="ASK"/>
</Pnt>


<Pnt Name="USD-ESRX.O">
  <Undly ID="EUR-VOWG_P.DE" PxStrctTyp="EQ_CORRELATION" IssuDtTm="2018-01-29" LastUpdateTm="2018-01-24"/>
  <Msr Val="0.472372071534579" ValTyp="Other" MktDataTyp="ASK"/>
</Pnt>


<Pnt Name="USD-DD.N">
  <Undly ID="EUR-VOWG_P.DE" PxStrctTyp="EQ_CORRELATION" IssuDtTm="2018-01-29" LastUpdateTm="2018-01-24"/>
  <Msr Val="0.505757847763416" ValTyp="Other" MktDataTyp="ASK"/>
</Pnt>


<Pnt Name="USD-COST.O">
  <Undly ID="EUR-VOWG_P.DE" PxStrctTyp="EQ_CORRELATION" IssuDtTm="2018-01-29" LastUpdateTm="2018-01-24"/>
  <Msr Val="0.393283087352716" ValTyp="Other" MktDataTyp="ASK"/>
</Pnt>


<Pnt Name="USD-CCL.N">
  <Undly ID="EUR-VOWG_P.DE" PxStrctTyp="EQ_CORRELATION" IssuDtTm="2018-01-29" LastUpdateTm="2018-01-24"/>
  <Msr Val="0.486377178509351" ValTyp="Other" MktDataTyp="ASK"/>
</Pnt>


<Pnt Name="USD-RTY INDEX">
  <Undly ID="EUR-VOWG_P.DE" PxStrctTyp="EQ_CORRELATION" IssuDtTm="2018-01-29" LastUpdateTm="2018-01-24"/>
  <Msr Val="0.566031685240959" ValTyp="Other" MktDataTyp="ASK"/>
</Pnt>


<Pnt Name="USD-AAPL.O">
  <Undly ID="EUR-VOWG_P.DE" PxStrctTyp="EQ_CORRELATION" IssuDtTm="2018-01-29" LastUpdateTm="2018-01-24"/>
  <Msr Val="0.465227890541672" ValTyp="Other" MktDataTyp="ASK"/>
</Pnt>


<Pnt Name="EUR-AEGN.AS">
  <Undly ID="EUR-VOWG_P.DE" PxStrctTyp="EQ_CORRELATION" IssuDtTm="2018-01-29" LastUpdateTm="2018-01-24"/>
  <Msr Val="0.652849930056604" ValTyp="Other" MktDataTyp="ASK"/>
</Pnt>


<Pnt Name="USD-VWO.N">
  <Undly ID="EUR-VOWG_P.DE" PxStrctTyp="EQ_CORRELATION" IssuDtTm="2018-01-29" LastUpdateTm="2018-01-17"/>
  <Msr Val="0.561391249439745" ValTyp="Other" MktDataTyp="ASK"/>
</Pnt>


<Pnt Name="EUR-SGOB.PA">
  <Undly ID="EUR-VOWG_P.DE" PxStrctTyp="EQ_CORRELATION" IssuDtTm="2018-01-29" LastUpdateTm="2018-01-24"/>
  <Msr Val="0.648318329808812" ValTyp="Other" MktDataTyp="ASK"/>
</Pnt>


<Pnt Name="USD-TMUS.N">
  <Undly ID="EUR-VOWG_P.DE" PxStrctTyp="EQ_CORRELATION" IssuDtTm="2018-01-29" LastUpdateTm="2018-01-17"/>
  <Msr Val="0.401210478028719" ValTyp="Other" MktDataTyp="ASK"/>
</Pnt>


<Pnt Name="USD-COP.N">
  <Undly ID="EUR-VOWG_P.DE" PxStrctTyp="EQ_CORRELATION" IssuDtTm="2018-01-29" LastUpdateTm="2018-01-24"/>
  <Msr Val="0.443630006179946" ValTyp="Other" MktDataTyp="ASK"/>
</Pnt>


<Pnt Name="USD-STX.O">
  <Undly ID="EUR-VOWG_P.DE" PxStrctTyp="EQ_CORRELATION" IssuDtTm="2018-01-29" LastUpdateTm="2018-01-17"/>
  <Msr Val="0.45819214506024" ValTyp="Other" MktDataTyp="ASK"/>
</Pnt>


<Pnt Name="GBP-RIO.L">
  <Undly ID="EUR-VOWG_P.DE" PxStrctTyp="EQ_CORRELATION" IssuDtTm="2018-01-29" LastUpdateTm="2018-01-24"/>
  <Msr Val="0.465399988577743" ValTyp="Other" MktDataTyp="ASK"/>
</Pnt>


<Pnt Name="SEK-SWEDA.ST">
  <Undly ID="EUR-VOWG_P.DE" PxStrctTyp="EQ_CORRELATION" IssuDtTm="2018-01-29" LastUpdateTm="2018-01-24"/>
  <Msr Val="0.585209475284183" ValTyp="Other" MktDataTyp="ASK"/>
</Pnt>


<Pnt Name="EUR-EAD.PA">
  <Undly ID="EUR-VOWG_P.DE" PxStrctTyp="EQ_CORRELATION" IssuDtTm="2018-01-29" LastUpdateTm="2018-01-24"/>
  <Msr Val="0.594432467284392" ValTyp="Other" MktDataTyp="ASK"/>
</Pnt>


<Pnt Name="EUR-INTB.BR">
  <Undly ID="EUR-VOWG_P.DE" PxStrctTyp="EQ_CORRELATION" IssuDtTm="2018-01-29" LastUpdateTm="2018-01-24"/>
  <Msr Val="0.545579953258029" ValTyp="Other" MktDataTyp="ASK"/>
</Pnt>


<Pnt Name="USD-MU.O">
  <Undly ID="EUR-VOWG_P.DE" PxStrctTyp="EQ_CORRELATION" IssuDtTm="2018-01-29" LastUpdateTm="2018-01-24"/>
  <Msr Val="0.462270305858754" ValTyp="Other" MktDataTyp="ASK"/>
</Pnt>



<Pnt Name="EUR-AUD">
  <Undly ID="EUR-VOWG_P.DE" PxStrctTyp="EQ_CORRELATION" IssuDtTm="2018-01-29" LastUpdateTm="2018-01-17"/>
  <Msr Val="-0.257807719708554" ValTyp="Other" MktDataTyp="ASK"/>
</Pnt>


<Pnt Name="EUR-GBP">
  <Undly ID="EUR-VOWG_P.DE" PxStrctTyp="EQ_CORRELATION" IssuDtTm="2018-01-29" LastUpdateTm="2018-01-17"/>
  <Msr Val="-0.377637680456366" ValTyp="Other" MktDataTyp="ASK"/>
</Pnt>


<Pnt Name="EUR-CAD">
  <Undly ID="EUR-VOWG_P.DE" PxStrctTyp="EQ_CORRELATION" IssuDtTm="2018-01-29" LastUpdateTm="2018-01-17"/>
  <Msr Val="-0.295819145784054" ValTyp="Other" MktDataTyp="ASK"/>
</Pnt>


<Pnt Name="EUR-MXN">
  <Undly ID="EUR-VOWG_P.DE" PxStrctTyp="EQ_CORRELATION" IssuDtTm="2018-01-29" LastUpdateTm="2018-01-17"/>
  <Msr Val="-0.343155089542443" ValTyp="Other" MktDataTyp="ASK"/>
</Pnt>


<Pnt Name="EUR-USD">
  <Undly ID="EUR-VOWG_P.DE" PxStrctTyp="EQ_CORRELATION" IssuDtTm="2018-01-29" LastUpdateTm="2018-01-16"/>
  <Msr Val="-0.418558256603576" ValTyp="Other" MktDataTyp="ASK"/>
</Pnt>


<Pnt Name="EUR-SEK">
  <Undly ID="EUR-VOWG_P.DE" PxStrctTyp="EQ_CORRELATION" IssuDtTm="2018-01-29" LastUpdateTm="2018-01-17"/>
  <Msr Val="-0.409318604179823" ValTyp="Other" MktDataTyp="ASK"/>
</Pnt>


<Pnt Name="EUR-KRW">
  <Undly ID="EUR-VOWG_P.DE" PxStrctTyp="EQ_CORRELATION" IssuDtTm="2018-01-29" LastUpdateTm="2018-01-17"/>
  <Msr Val="-0.340072203775064" ValTyp="Other" MktDataTyp="ASK"/>
</Pnt>


<Pnt Name="EUR-JPY">
  <Undly ID="EUR-VOWG_P.DE" PxStrctTyp="EQ_CORRELATION" IssuDtTm="2018-01-29" LastUpdateTm="2018-01-17"/>
  <Msr Val="0.0418673151062336" ValTyp="Other" MktDataTyp="ASK"/>
</Pnt>


<Pnt Name="EUR-CHF">
  <Undly ID="EUR-VOWG_P.DE" PxStrctTyp="EQ_CORRELATION" IssuDtTm="2018-01-29" LastUpdateTm="2018-01-17"/>
  <Msr Val="-0.0943524275984565" ValTyp="Other" MktDataTyp="ASK"/>
</Pnt>


<Pnt Name="EUR-HKD">
  <Undly ID="EUR-VOWG_P.DE" PxStrctTyp="EQ_CORRELATION" IssuDtTm="2018-01-29" LastUpdateTm="2018-01-17"/>
  <Msr Val="-0.239631119856743" ValTyp="Other" MktDataTyp="ASK"/>
</Pnt>



</Mkt>
