
<Mkt>
<Curve Name="EUR-AEGN.AS">
  <Undly PxStrctTyp="EQ_DIVIDENDS_YIELD" IssuDtTm="2018-01-29" LastUpdateTm="2018-01-29"/>
  <Msr Val="1" ValTyp="Other" Row="2018-01-29" RowTyp="Other"/>
  <Msr Val="1.0000005480001501" ValTyp="Other" Row="2018-01-30" RowTyp="Other"/>
  <Msr Val="1.000005479467067" ValTyp="Other" Row="2018-02-08" RowTyp="Other"/>
  <Msr Val="1.000013972700357" ValTyp="Other" Row="2018-02-15" RowTyp="Other"/>
  <Msr Val="1.000059453822103" ValTyp="Other" Row="2018-03-01" RowTyp="Other"/>
  <Msr Val="1.0002299015301563" ValTyp="Other" Row="2018-05-02" RowTyp="Other"/>
  <Msr Val="1.000553565676027" ValTyp="Other" Row="2018-08-01" RowTyp="Other"/>
  <Msr Val="1.0008321268475182" ValTyp="Other" Row="2018-11-01" RowTyp="Other"/>
  <Msr Val="1.0012105951932038" ValTyp="Other" Row="2019-02-01" RowTyp="Other"/>
  <Msr Val="1.0016353567699436" ValTyp="Other" Row="2019-05-02" RowTyp="Other"/>
  <Msr Val="1.0021096466701536" ValTyp="Other" Row="2019-08-01" RowTyp="Other"/>
  <Msr Val="1.002643279862725" ValTyp="Other" Row="2019-11-01" RowTyp="Other"/>
  <Msr Val="1.0032271137642164" ValTyp="Other" Row="2020-02-03" RowTyp="Other"/>
  <Msr Val="1.0054406604766493" ValTyp="Other" Row="2021-02-01" RowTyp="Other"/>
  <Msr Val="1.008261903465514" ValTyp="Other" Row="2022-02-01" RowTyp="Other"/>
  <Msr Val="1.011597432235447" ValTyp="Other" Row="2023-02-01" RowTyp="Other"/>
  <Msr Val="1.0163687000253794" ValTyp="Other" Row="2024-02-01" RowTyp="Other"/>
  <Msr Val="1.022029364883553" ValTyp="Other" Row="2025-02-03" RowTyp="Other"/>
  <Msr Val="1.0317670301595434" ValTyp="Other" Row="2026-02-02" RowTyp="Other"/>
  <Msr Val="1.0376475339218956" ValTyp="Other" Row="2027-02-01" RowTyp="Other"/>
  <Msr Val="1.0419106221700096" ValTyp="Other" Row="2028-02-01" RowTyp="Other"/>
  <Msr Val="1.0505012143339043" ValTyp="Other" Row="2030-02-01" RowTyp="Other"/>
  <Msr Val="1.0635141175019382" ValTyp="Other" Row="2033-02-01" RowTyp="Other"/>
  <Msr Val="1.0855533565427122" ValTyp="Other" Row="2038-02-01" RowTyp="Other"/>
  <Msr Val="1.1080617621310789" ValTyp="Other" Row="2043-02-02" RowTyp="Other"/>
</Curve>

<Mtrx Name="EUR-AEGN.AS">
  <Undly PxStrctTyp="EQ_DIVIDENDS" IssuDtTm="2018-01-29" LastUpdateTm="2018-01-29"/>
  <Msr Val="0.89" ValTyp="Other" Col="TAX_RATE" Row="0" ColTyp="Other" RowTyp="Other"/>
  <Msr Val="2018-05-19" ValTyp="Other" Col="EX_DATE" Row="0" ColTyp="Other" RowTyp="Other"/>
  <Msr Val="2018-05-19" ValTyp="Other" Col="PAYMENT_DATE" Row="0" ColTyp="Other" RowTyp="Other"/>
  <Msr Val="0.1201500000000008" ValTyp="Other" Col="VALUE" Row="0" ColTyp="Other" RowTyp="Other"/>
  <Msr Val="false" ValTyp="Other" Col="RELATIVE" Row="0" ColTyp="Other" RowTyp="Other"/>
  <Msr Val="0.89" ValTyp="Other" Col="TAX_RATE" Row="1" ColTyp="Other" RowTyp="Other"/>
  <Msr Val="2018-08-20" ValTyp="Other" Col="EX_DATE" Row="1" ColTyp="Other" RowTyp="Other"/>
  <Msr Val="2018-08-20" ValTyp="Other" Col="PAYMENT_DATE" Row="1" ColTyp="Other" RowTyp="Other"/>
  <Msr Val="0.1201500000000006" ValTyp="Other" Col="VALUE" Row="1" ColTyp="Other" RowTyp="Other"/>
  <Msr Val="false" ValTyp="Other" Col="RELATIVE" Row="1" ColTyp="Other" RowTyp="Other"/>
  <Msr Val="-1" ValTyp="Other" Col="TAX_RATE" Row="2" ColTyp="Other" RowTyp="Other"/>
  <Msr Val="2019-05-19" ValTyp="Other" Col="EX_DATE" Row="2" ColTyp="Other" RowTyp="Other"/>
  <Msr Val="2019-05-19" ValTyp="Other" Col="PAYMENT_DATE" Row="2" ColTyp="Other" RowTyp="Other"/>
  <Msr Val="0.0929549433145125" ValTyp="Other" Col="VALUE" Row="2" ColTyp="Other" RowTyp="Other"/>
  <Msr Val="false" ValTyp="Other" Col="RELATIVE" Row="2" ColTyp="Other" RowTyp="Other"/>
  <Msr Val="-1" ValTyp="Other" Col="TAX_RATE" Row="3" ColTyp="Other" RowTyp="Other"/>
  <Msr Val="2019-05-19" ValTyp="Other" Col="EX_DATE" Row="3" ColTyp="Other" RowTyp="Other"/>
  <Msr Val="2019-05-19" ValTyp="Other" Col="PAYMENT_DATE" Row="3" ColTyp="Other" RowTyp="Other"/>
  <Msr Val="0.0019474971022261" ValTyp="Other" Col="VALUE" Row="3" ColTyp="Other" RowTyp="Other"/>
  <Msr Val="true" ValTyp="Other" Col="RELATIVE" Row="3" ColTyp="Other" RowTyp="Other"/>
  <Msr Val="-1" ValTyp="Other" Col="TAX_RATE" Row="4" ColTyp="Other" RowTyp="Other"/>
  <Msr Val="2019-08-20" ValTyp="Other" Col="EX_DATE" Row="4" ColTyp="Other" RowTyp="Other"/>
  <Msr Val="2019-08-20" ValTyp="Other" Col="PAYMENT_DATE" Row="4" ColTyp="Other" RowTyp="Other"/>
  <Msr Val="0.083326057441483" ValTyp="Other" Col="VALUE" Row="4" ColTyp="Other" RowTyp="Other"/>
  <Msr Val="false" ValTyp="Other" Col="RELATIVE" Row="4" ColTyp="Other" RowTyp="Other"/>
  <Msr Val="-1" ValTyp="Other" Col="TAX_RATE" Row="5" ColTyp="Other" RowTyp="Other"/>
  <Msr Val="2019-08-20" ValTyp="Other" Col="EX_DATE" Row="5" ColTyp="Other" RowTyp="Other"/>
  <Msr Val="2019-08-20" ValTyp="Other" Col="PAYMENT_DATE" Row="5" ColTyp="Other" RowTyp="Other"/>
  <Msr Val="0.0036345579954328" ValTyp="Other" Col="VALUE" Row="5" ColTyp="Other" RowTyp="Other"/>
  <Msr Val="true" ValTyp="Other" Col="RELATIVE" Row="5" ColTyp="Other" RowTyp="Other"/>
  <Msr Val="-1" ValTyp="Other" Col="TAX_RATE" Row="6" ColTyp="Other" RowTyp="Other"/>
  <Msr Val="2020-05-18" ValTyp="Other" Col="EX_DATE" Row="6" ColTyp="Other" RowTyp="Other"/>
  <Msr Val="2020-05-18" ValTyp="Other" Col="PAYMENT_DATE" Row="6" ColTyp="Other" RowTyp="Other"/>
  <Msr Val="0.057056699707624" ValTyp="Other" Col="VALUE" Row="6" ColTyp="Other" RowTyp="Other"/>
  <Msr Val="false" ValTyp="Other" Col="RELATIVE" Row="6" ColTyp="Other" RowTyp="Other"/>
  <Msr Val="-1" ValTyp="Other" Col="TAX_RATE" Row="7" ColTyp="Other" RowTyp="Other"/>
  <Msr Val="2020-05-18" ValTyp="Other" Col="EX_DATE" Row="7" ColTyp="Other" RowTyp="Other"/>
  <Msr Val="2020-05-18" ValTyp="Other" Col="PAYMENT_DATE" Row="7" ColTyp="Other" RowTyp="Other"/>
  <Msr Val="0.0085010761585469" ValTyp="Other" Col="VALUE" Row="7" ColTyp="Other" RowTyp="Other"/>
  <Msr Val="true" ValTyp="Other" Col="RELATIVE" Row="7" ColTyp="Other" RowTyp="Other"/>
  <Msr Val="-1" ValTyp="Other" Col="TAX_RATE" Row="8" ColTyp="Other" RowTyp="Other"/>
  <Msr Val="2020-08-19" ValTyp="Other" Col="EX_DATE" Row="8" ColTyp="Other" RowTyp="Other"/>
  <Msr Val="2020-08-19" ValTyp="Other" Col="PAYMENT_DATE" Row="8" ColTyp="Other" RowTyp="Other"/>
  <Msr Val="0.0474454220023721" ValTyp="Other" Col="VALUE" Row="8" ColTyp="Other" RowTyp="Other"/>
  <Msr Val="false" ValTyp="Other" Col="RELATIVE" Row="8" ColTyp="Other" RowTyp="Other"/>
  <Msr Val="-1" ValTyp="Other" Col="TAX_RATE" Row="9" ColTyp="Other" RowTyp="Other"/>
  <Msr Val="2020-08-19" ValTyp="Other" Col="EX_DATE" Row="9" ColTyp="Other" RowTyp="Other"/>
  <Msr Val="2020-08-19" ValTyp="Other" Col="PAYMENT_DATE" Row="9" ColTyp="Other" RowTyp="Other"/>
  <Msr Val="0.0100802082688247" ValTyp="Other" Col="VALUE" Row="9" ColTyp="Other" RowTyp="Other"/>
  <Msr Val="true" ValTyp="Other" Col="RELATIVE" Row="9" ColTyp="Other" RowTyp="Other"/>
  <Msr Val="-1" ValTyp="Other" Col="TAX_RATE" Row="10" ColTyp="Other" RowTyp="Other"/>
  <Msr Val="2021-05-18" ValTyp="Other" Col="EX_DATE" Row="10" ColTyp="Other" RowTyp="Other"/>
  <Msr Val="2021-05-18" ValTyp="Other" Col="PAYMENT_DATE" Row="10" ColTyp="Other" RowTyp="Other"/>
  <Msr Val="0.0226319830034832" ValTyp="Other" Col="VALUE" Row="10" ColTyp="Other" RowTyp="Other"/>
  <Msr Val="false" ValTyp="Other" Col="RELATIVE" Row="10" ColTyp="Other" RowTyp="Other"/>
  <Msr Val="-1" ValTyp="Other" Col="TAX_RATE" Row="11" ColTyp="Other" RowTyp="Other"/>
  <Msr Val="2021-05-18" ValTyp="Other" Col="EX_DATE" Row="11" ColTyp="Other" RowTyp="Other"/>
  <Msr Val="2021-05-18" ValTyp="Other" Col="PAYMENT_DATE" Row="11" ColTyp="Other" RowTyp="Other"/>
  <Msr Val="0.0147606382594336" ValTyp="Other" Col="VALUE" Row="11" ColTyp="Other" RowTyp="Other"/>
  <Msr Val="true" ValTyp="Other" Col="RELATIVE" Row="11" ColTyp="Other" RowTyp="Other"/>
  <Msr Val="-1" ValTyp="Other" Col="TAX_RATE" Row="12" ColTyp="Other" RowTyp="Other"/>
  <Msr Val="2021-08-19" ValTyp="Other" Col="EX_DATE" Row="12" ColTyp="Other" RowTyp="Other"/>
  <Msr Val="2021-08-19" ValTyp="Other" Col="PAYMENT_DATE" Row="12" ColTyp="Other" RowTyp="Other"/>
  <Msr Val="0.0143379156239536" ValTyp="Other" Col="VALUE" Row="12" ColTyp="Other" RowTyp="Other"/>
  <Msr Val="false" ValTyp="Other" Col="RELATIVE" Row="12" ColTyp="Other" RowTyp="Other"/>
  <Msr Val="-1" ValTyp="Other" Col="TAX_RATE" Row="13" ColTyp="Other" RowTyp="Other"/>
  <Msr Val="2021-08-19" ValTyp="Other" Col="EX_DATE" Row="13" ColTyp="Other" RowTyp="Other"/>
  <Msr Val="2021-08-19" ValTyp="Other" Col="PAYMENT_DATE" Row="13" ColTyp="Other" RowTyp="Other"/>
  <Msr Val="0.016570123454123" ValTyp="Other" Col="VALUE" Row="13" ColTyp="Other" RowTyp="Other"/>
  <Msr Val="true" ValTyp="Other" Col="RELATIVE" Row="13" ColTyp="Other" RowTyp="Other"/>
  <Msr Val="-1" ValTyp="Other" Col="TAX_RATE" Row="14" ColTyp="Other" RowTyp="Other"/>
  <Msr Val="2022-05-18" ValTyp="Other" Col="EX_DATE" Row="14" ColTyp="Other" RowTyp="Other"/>
  <Msr Val="2022-05-18" ValTyp="Other" Col="PAYMENT_DATE" Row="14" ColTyp="Other" RowTyp="Other"/>
  <Msr Val="0.0195906763377022" ValTyp="Other" Col="VALUE" Row="14" ColTyp="Other" RowTyp="Other"/>
  <Msr Val="true" ValTyp="Other" Col="RELATIVE" Row="14" ColTyp="Other" RowTyp="Other"/>
  <Msr Val="-1" ValTyp="Other" Col="TAX_RATE" Row="15" ColTyp="Other" RowTyp="Other"/>
  <Msr Val="2022-08-19" ValTyp="Other" Col="EX_DATE" Row="15" ColTyp="Other" RowTyp="Other"/>
  <Msr Val="2022-08-19" ValTyp="Other" Col="PAYMENT_DATE" Row="15" ColTyp="Other" RowTyp="Other"/>
  <Msr Val="0.0196345545150117" ValTyp="Other" Col="VALUE" Row="15" ColTyp="Other" RowTyp="Other"/>
  <Msr Val="true" ValTyp="Other" Col="RELATIVE" Row="15" ColTyp="Other" RowTyp="Other"/>
  <Msr Val="-1" ValTyp="Other" Col="TAX_RATE" Row="16" ColTyp="Other" RowTyp="Other"/>
  <Msr Val="2023-05-18" ValTyp="Other" Col="EX_DATE" Row="16" ColTyp="Other" RowTyp="Other"/>
  <Msr Val="2023-05-18" ValTyp="Other" Col="PAYMENT_DATE" Row="16" ColTyp="Other" RowTyp="Other"/>
  <Msr Val="0.0195986070526561" ValTyp="Other" Col="VALUE" Row="16" ColTyp="Other" RowTyp="Other"/>
  <Msr Val="true" ValTyp="Other" Col="RELATIVE" Row="16" ColTyp="Other" RowTyp="Other"/>
  <Msr Val="-1" ValTyp="Other" Col="TAX_RATE" Row="17" ColTyp="Other" RowTyp="Other"/>
  <Msr Val="2023-08-19" ValTyp="Other" Col="EX_DATE" Row="17" ColTyp="Other" RowTyp="Other"/>
  <Msr Val="2023-08-19" ValTyp="Other" Col="PAYMENT_DATE" Row="17" ColTyp="Other" RowTyp="Other"/>
  <Msr Val="0.0196426618859478" ValTyp="Other" Col="VALUE" Row="17" ColTyp="Other" RowTyp="Other"/>
  <Msr Val="true" ValTyp="Other" Col="RELATIVE" Row="17" ColTyp="Other" RowTyp="Other"/>
  <Msr Val="-1" ValTyp="Other" Col="TAX_RATE" Row="18" ColTyp="Other" RowTyp="Other"/>
  <Msr Val="2024-05-17" ValTyp="Other" Col="EX_DATE" Row="18" ColTyp="Other" RowTyp="Other"/>
  <Msr Val="2024-05-17" ValTyp="Other" Col="PAYMENT_DATE" Row="18" ColTyp="Other" RowTyp="Other"/>
  <Msr Val="0.0196068617241224" ValTyp="Other" Col="VALUE" Row="18" ColTyp="Other" RowTyp="Other"/>
  <Msr Val="true" ValTyp="Other" Col="RELATIVE" Row="18" ColTyp="Other" RowTyp="Other"/>
  <Msr Val="-1" ValTyp="Other" Col="TAX_RATE" Row="19" ColTyp="Other" RowTyp="Other"/>
  <Msr Val="2024-08-18" ValTyp="Other" Col="EX_DATE" Row="19" ColTyp="Other" RowTyp="Other"/>
  <Msr Val="2024-08-18" ValTyp="Other" Col="PAYMENT_DATE" Row="19" ColTyp="Other" RowTyp="Other"/>
  <Msr Val="0.0196511005688075" ValTyp="Other" Col="VALUE" Row="19" ColTyp="Other" RowTyp="Other"/>
  <Msr Val="true" ValTyp="Other" Col="RELATIVE" Row="19" ColTyp="Other" RowTyp="Other"/>
  <Msr Val="-1" ValTyp="Other" Col="TAX_RATE" Row="20" ColTyp="Other" RowTyp="Other"/>
  <Msr Val="2025-05-17" ValTyp="Other" Col="EX_DATE" Row="20" ColTyp="Other" RowTyp="Other"/>
  <Msr Val="2025-05-17" ValTyp="Other" Col="PAYMENT_DATE" Row="20" ColTyp="Other" RowTyp="Other"/>
  <Msr Val="0.019615453872041" ValTyp="Other" Col="VALUE" Row="20" ColTyp="Other" RowTyp="Other"/>
  <Msr Val="true" ValTyp="Other" Col="RELATIVE" Row="20" ColTyp="Other" RowTyp="Other"/>
  <Msr Val="-1" ValTyp="Other" Col="TAX_RATE" Row="21" ColTyp="Other" RowTyp="Other"/>
  <Msr Val="2025-08-18" ValTyp="Other" Col="EX_DATE" Row="21" ColTyp="Other" RowTyp="Other"/>
  <Msr Val="2025-08-18" ValTyp="Other" Col="PAYMENT_DATE" Row="21" ColTyp="Other" RowTyp="Other"/>
  <Msr Val="0.0196598844020129" ValTyp="Other" Col="VALUE" Row="21" ColTyp="Other" RowTyp="Other"/>
  <Msr Val="true" ValTyp="Other" Col="RELATIVE" Row="21" ColTyp="Other" RowTyp="Other"/>
  <Msr Val="-1" ValTyp="Other" Col="TAX_RATE" Row="22" ColTyp="Other" RowTyp="Other"/>
  <Msr Val="2026-05-17" ValTyp="Other" Col="EX_DATE" Row="22" ColTyp="Other" RowTyp="Other"/>
  <Msr Val="2026-05-17" ValTyp="Other" Col="PAYMENT_DATE" Row="22" ColTyp="Other" RowTyp="Other"/>
  <Msr Val="0.0196243976042952" ValTyp="Other" Col="VALUE" Row="22" ColTyp="Other" RowTyp="Other"/>
  <Msr Val="true" ValTyp="Other" Col="RELATIVE" Row="22" ColTyp="Other" RowTyp="Other"/>
  <Msr Val="-1" ValTyp="Other" Col="TAX_RATE" Row="23" ColTyp="Other" RowTyp="Other"/>
  <Msr Val="2026-08-18" ValTyp="Other" Col="EX_DATE" Row="23" ColTyp="Other" RowTyp="Other"/>
  <Msr Val="2026-08-18" ValTyp="Other" Col="PAYMENT_DATE" Row="23" ColTyp="Other" RowTyp="Other"/>
  <Msr Val="0.0196690278267163" ValTyp="Other" Col="VALUE" Row="23" ColTyp="Other" RowTyp="Other"/>
  <Msr Val="true" ValTyp="Other" Col="RELATIVE" Row="23" ColTyp="Other" RowTyp="Other"/>
  <Msr Val="-1" ValTyp="Other" Col="TAX_RATE" Row="24" ColTyp="Other" RowTyp="Other"/>
  <Msr Val="2027-05-17" ValTyp="Other" Col="EX_DATE" Row="24" ColTyp="Other" RowTyp="Other"/>
  <Msr Val="2027-05-17" ValTyp="Other" Col="PAYMENT_DATE" Row="24" ColTyp="Other" RowTyp="Other"/>
  <Msr Val="0.019633707644223" ValTyp="Other" Col="VALUE" Row="24" ColTyp="Other" RowTyp="Other"/>
  <Msr Val="true" ValTyp="Other" Col="RELATIVE" Row="24" ColTyp="Other" RowTyp="Other"/>
  <Msr Val="-1" ValTyp="Other" Col="TAX_RATE" Row="25" ColTyp="Other" RowTyp="Other"/>
  <Msr Val="2027-08-18" ValTyp="Other" Col="EX_DATE" Row="25" ColTyp="Other" RowTyp="Other"/>
  <Msr Val="2027-08-18" ValTyp="Other" Col="PAYMENT_DATE" Row="25" ColTyp="Other" RowTyp="Other"/>
  <Msr Val="0.019678545915101" ValTyp="Other" Col="VALUE" Row="25" ColTyp="Other" RowTyp="Other"/>
  <Msr Val="true" ValTyp="Other" Col="RELATIVE" Row="25" ColTyp="Other" RowTyp="Other"/>
  <Msr Val="-1" ValTyp="Other" Col="TAX_RATE" Row="26" ColTyp="Other" RowTyp="Other"/>
  <Msr Val="2028-05-16" ValTyp="Other" Col="EX_DATE" Row="26" ColTyp="Other" RowTyp="Other"/>
  <Msr Val="2028-05-16" ValTyp="Other" Col="PAYMENT_DATE" Row="26" ColTyp="Other" RowTyp="Other"/>
  <Msr Val="0.0196433993595947" ValTyp="Other" Col="VALUE" Row="26" ColTyp="Other" RowTyp="Other"/>
  <Msr Val="true" ValTyp="Other" Col="RELATIVE" Row="26" ColTyp="Other" RowTyp="Other"/>
  <Msr Val="-1" ValTyp="Other" Col="TAX_RATE" Row="27" ColTyp="Other" RowTyp="Other"/>
  <Msr Val="2028-08-17" ValTyp="Other" Col="EX_DATE" Row="27" ColTyp="Other" RowTyp="Other"/>
  <Msr Val="2028-08-17" ValTyp="Other" Col="PAYMENT_DATE" Row="27" ColTyp="Other" RowTyp="Other"/>
  <Msr Val="0.0196884544001543" ValTyp="Other" Col="VALUE" Row="27" ColTyp="Other" RowTyp="Other"/>
  <Msr Val="true" ValTyp="Other" Col="RELATIVE" Row="27" ColTyp="Other" RowTyp="Other"/>
  <Msr Val="-1" ValTyp="Other" Col="TAX_RATE" Row="28" ColTyp="Other" RowTyp="Other"/>
  <Msr Val="2029-05-16" ValTyp="Other" Col="EX_DATE" Row="28" ColTyp="Other" RowTyp="Other"/>
  <Msr Val="2029-05-16" ValTyp="Other" Col="PAYMENT_DATE" Row="28" ColTyp="Other" RowTyp="Other"/>
  <Msr Val="0.0196534887931055" ValTyp="Other" Col="VALUE" Row="28" ColTyp="Other" RowTyp="Other"/>
  <Msr Val="true" ValTyp="Other" Col="RELATIVE" Row="28" ColTyp="Other" RowTyp="Other"/>
  <Msr Val="-1" ValTyp="Other" Col="TAX_RATE" Row="29" ColTyp="Other" RowTyp="Other"/>
  <Msr Val="2029-08-17" ValTyp="Other" Col="EX_DATE" Row="29" ColTyp="Other" RowTyp="Other"/>
  <Msr Val="2029-08-17" ValTyp="Other" Col="PAYMENT_DATE" Row="29" ColTyp="Other" RowTyp="Other"/>
  <Msr Val="0.0196987697070417" ValTyp="Other" Col="VALUE" Row="29" ColTyp="Other" RowTyp="Other"/>
  <Msr Val="true" ValTyp="Other" Col="RELATIVE" Row="29" ColTyp="Other" RowTyp="Other"/>
  <Msr Val="-1" ValTyp="Other" Col="TAX_RATE" Row="30" ColTyp="Other" RowTyp="Other"/>
  <Msr Val="2030-05-16" ValTyp="Other" Col="EX_DATE" Row="30" ColTyp="Other" RowTyp="Other"/>
  <Msr Val="2030-05-16" ValTyp="Other" Col="PAYMENT_DATE" Row="30" ColTyp="Other" RowTyp="Other"/>
  <Msr Val="0.0196639926945139" ValTyp="Other" Col="VALUE" Row="30" ColTyp="Other" RowTyp="Other"/>
  <Msr Val="true" ValTyp="Other" Col="RELATIVE" Row="30" ColTyp="Other" RowTyp="Other"/>
  <Msr Val="-1" ValTyp="Other" Col="TAX_RATE" Row="31" ColTyp="Other" RowTyp="Other"/>
  <Msr Val="2030-08-17" ValTyp="Other" Col="EX_DATE" Row="31" ColTyp="Other" RowTyp="Other"/>
  <Msr Val="2030-08-17" ValTyp="Other" Col="PAYMENT_DATE" Row="31" ColTyp="Other" RowTyp="Other"/>
  <Msr Val="0.0197095089861571" ValTyp="Other" Col="VALUE" Row="31" ColTyp="Other" RowTyp="Other"/>
  <Msr Val="true" ValTyp="Other" Col="RELATIVE" Row="31" ColTyp="Other" RowTyp="Other"/>
</Mtrx>

<Mtrx Name="EUR-AEGN.AS">
  <Undly PxStrctTyp="EQ_ORC_PARAMS" IssuDtTm="2018-01-29" LastUpdateTm="2018-01-19"/>
  <Msr Val="0.3364722366212129" ValTyp="Other" Col="UP_CUT" Row="2027-01-29" ColTyp="Other" RowTyp="Other"/>
  <Msr Val="1.0600427171061453" ValTyp="Other" Col="UP_SMOOTH_RT" Row="2027-01-29" ColTyp="Other" RowTyp="Other"/>
  <Msr Val="0" ValTyp="Other" Col="VOL_CH_RT" Row="2027-01-29" ColTyp="Other" RowTyp="Other"/>
  <Msr Val="0.2890061679825512" ValTyp="Other" Col="VOL_REF" Row="2027-01-29" ColTyp="Other" RowTyp="Other"/>
  <Msr Val="_" ValTyp="Other" Col="FEEDCODE" Row="2027-01-29" ColTyp="Other" RowTyp="Other"/>
  <Msr Val="EUR-AEGN.AS" ValTyp="Other" Col="NAME_ORC" Row="2026-01-29" ColTyp="Other" RowTyp="Other"/>
  <Msr Val="EUR-AEGN.AS" ValTyp="Other" Col="NAME_MUREX" Row="2026-01-29" ColTyp="Other" RowTyp="Other"/>
  <Msr Val="2026-01-29" ValTyp="Other" Col="EXPIRY" Row="2026-01-29" ColTyp="Other" RowTyp="Other"/>
  <Msr Val="-0.5108256237659907" ValTyp="Other" Col="DOWN_CUT" Row="2025-01-29" ColTyp="Other" RowTyp="Other"/>
  <Msr Val="5.2" ValTyp="Other" Col="ATM_FWD" Row="2026-01-29" ColTyp="Other" RowTyp="Other"/>
  <Msr Val="5.2" ValTyp="Other" Col="REF_FWD" Row="2026-01-29" ColTyp="Other" RowTyp="Other"/>
  <Msr Val="0.0631085830729363" ValTyp="Other" Col="CALL_CURV" Row="2026-01-29" ColTyp="Other" RowTyp="Other"/>
  <Msr Val="-0.5108256237659907" ValTyp="Other" Col="DOWN_CUT" Row="2026-01-29" ColTyp="Other" RowTyp="Other"/>
  <Msr Val="3.507575551943848" ValTyp="Other" Col="DOWN_SMOOTH_RT" Row="2026-01-29" ColTyp="Other" RowTyp="Other"/>
  <Msr Val="0.0374540011407891" ValTyp="Other" Col="PUT_CURV" Row="2026-01-29" ColTyp="Other" RowTyp="Other"/>
  <Msr Val="0" ValTyp="Other" Col="SLOPE_CH_RT" Row="2026-01-29" ColTyp="Other" RowTyp="Other"/>
  <Msr Val="-0.0243779958167902" ValTyp="Other" Col="SLOPE_REF" Row="2026-01-29" ColTyp="Other" RowTyp="Other"/>
  <Msr Val="0" ValTyp="Other" Col="SLOPE_SWIMM_RT" Row="2026-01-29" ColTyp="Other" RowTyp="Other"/>
  <Msr Val="0.3364722366212129" ValTyp="Other" Col="UP_CUT" Row="2026-01-29" ColTyp="Other" RowTyp="Other"/>
  <Msr Val="1.0600427171061453" ValTyp="Other" Col="UP_SMOOTH_RT" Row="2026-01-29" ColTyp="Other" RowTyp="Other"/>
  <Msr Val="0" ValTyp="Other" Col="VOL_CH_RT" Row="2026-01-29" ColTyp="Other" RowTyp="Other"/>
  <Msr Val="0.2870138106428866" ValTyp="Other" Col="VOL_REF" Row="2026-01-29" ColTyp="Other" RowTyp="Other"/>
  <Msr Val="_" ValTyp="Other" Col="FEEDCODE" Row="2026-01-29" ColTyp="Other" RowTyp="Other"/>
  <Msr Val="EUR-AEGN.AS" ValTyp="Other" Col="NAME_ORC" Row="2024-01-29" ColTyp="Other" RowTyp="Other"/>
  <Msr Val="EUR-AEGN.AS" ValTyp="Other" Col="NAME_MUREX" Row="2024-01-29" ColTyp="Other" RowTyp="Other"/>
  <Msr Val="2024-01-29" ValTyp="Other" Col="EXPIRY" Row="2024-01-29" ColTyp="Other" RowTyp="Other"/>
  <Msr Val="5.2" ValTyp="Other" Col="ATM_FWD" Row="2024-01-29" ColTyp="Other" RowTyp="Other"/>
  <Msr Val="5.2" ValTyp="Other" Col="REF_FWD" Row="2024-01-29" ColTyp="Other" RowTyp="Other"/>
  <Msr Val="0.0728798292456838" ValTyp="Other" Col="CALL_CURV" Row="2024-01-29" ColTyp="Other" RowTyp="Other"/>
  <Msr Val="-0.5108256237659907" ValTyp="Other" Col="DOWN_CUT" Row="2024-01-29" ColTyp="Other" RowTyp="Other"/>
  <Msr Val="3.507575551943848" ValTyp="Other" Col="DOWN_SMOOTH_RT" Row="2024-01-29" ColTyp="Other" RowTyp="Other"/>
  <Msr Val="0.0432530897509398" ValTyp="Other" Col="PUT_CURV" Row="2024-01-29" ColTyp="Other" RowTyp="Other"/>
  <Msr Val="0" ValTyp="Other" Col="SLOPE_CH_RT" Row="2024-01-29" ColTyp="Other" RowTyp="Other"/>
  <Msr Val="-0.0281524966330859" ValTyp="Other" Col="SLOPE_REF" Row="2024-01-29" ColTyp="Other" RowTyp="Other"/>
  <Msr Val="0" ValTyp="Other" Col="SLOPE_SWIMM_RT" Row="2024-01-29" ColTyp="Other" RowTyp="Other"/>
  <Msr Val="0.3364722366212129" ValTyp="Other" Col="UP_CUT" Row="2024-01-29" ColTyp="Other" RowTyp="Other"/>
  <Msr Val="1.0600427171061453" ValTyp="Other" Col="UP_SMOOTH_RT" Row="2024-01-29" ColTyp="Other" RowTyp="Other"/>
  <Msr Val="0" ValTyp="Other" Col="VOL_CH_RT" Row="2024-01-29" ColTyp="Other" RowTyp="Other"/>
  <Msr Val="0.2805549098594786" ValTyp="Other" Col="VOL_REF" Row="2024-01-29" ColTyp="Other" RowTyp="Other"/>
  <Msr Val="_" ValTyp="Other" Col="FEEDCODE" Row="2024-01-29" ColTyp="Other" RowTyp="Other"/>
  <Msr Val="EUR-AEGN.AS" ValTyp="Other" Col="NAME_ORC" Row="2025-01-29" ColTyp="Other" RowTyp="Other"/>
  <Msr Val="EUR-AEGN.AS" ValTyp="Other" Col="NAME_MUREX" Row="2025-01-29" ColTyp="Other" RowTyp="Other"/>
  <Msr Val="2025-01-29" ValTyp="Other" Col="EXPIRY" Row="2025-01-29" ColTyp="Other" RowTyp="Other"/>
  <Msr Val="5.2" ValTyp="Other" Col="ATM_FWD" Row="2025-01-29" ColTyp="Other" RowTyp="Other"/>
  <Msr Val="5.2" ValTyp="Other" Col="REF_FWD" Row="2025-01-29" ColTyp="Other" RowTyp="Other"/>
  <Msr Val="0.0674661170464533" ValTyp="Other" Col="CALL_CURV" Row="2025-01-29" ColTyp="Other" RowTyp="Other"/>
  <Msr Val="3.507575551943848" ValTyp="Other" Col="DOWN_SMOOTH_RT" Row="2025-01-29" ColTyp="Other" RowTyp="Other"/>
  <Msr Val="0.0400398925575859" ValTyp="Other" Col="PUT_CURV" Row="2025-01-29" ColTyp="Other" RowTyp="Other"/>
  <Msr Val="0" ValTyp="Other" Col="SLOPE_CH_RT" Row="2025-01-29" ColTyp="Other" RowTyp="Other"/>
  <Msr Val="-0.0260548054053281" ValTyp="Other" Col="SLOPE_REF" Row="2025-01-29" ColTyp="Other" RowTyp="Other"/>
  <Msr Val="0" ValTyp="Other" Col="SLOPE_SWIMM_RT" Row="2025-01-29" ColTyp="Other" RowTyp="Other"/>
  <Msr Val="0.3364722366212129" ValTyp="Other" Col="UP_CUT" Row="2025-01-29" ColTyp="Other" RowTyp="Other"/>
  <Msr Val="1.0600427171061453" ValTyp="Other" Col="UP_SMOOTH_RT" Row="2025-01-29" ColTyp="Other" RowTyp="Other"/>
  <Msr Val="0" ValTyp="Other" Col="VOL_CH_RT" Row="2025-01-29" ColTyp="Other" RowTyp="Other"/>
  <Msr Val="0.2842367946374674" ValTyp="Other" Col="VOL_REF" Row="2025-01-29" ColTyp="Other" RowTyp="Other"/>
  <Msr Val="_" ValTyp="Other" Col="FEEDCODE" Row="2025-01-29" ColTyp="Other" RowTyp="Other"/>
  <Msr Val="EUR-AEGN.AS" ValTyp="Other" Col="NAME_ORC" Row="2018-04-30" ColTyp="Other" RowTyp="Other"/>
  <Msr Val="EUR-AEGN.AS" ValTyp="Other" Col="NAME_MUREX" Row="2018-04-30" ColTyp="Other" RowTyp="Other"/>
  <Msr Val="2018-04-30" ValTyp="Other" Col="EXPIRY" Row="2018-04-30" ColTyp="Other" RowTyp="Other"/>
  <Msr Val="5.2" ValTyp="Other" Col="ATM_FWD" Row="2018-04-30" ColTyp="Other" RowTyp="Other"/>
  <Msr Val="5.2" ValTyp="Other" Col="REF_FWD" Row="2018-04-30" ColTyp="Other" RowTyp="Other"/>
  <Msr Val="0.6314588867892588" ValTyp="Other" Col="CALL_CURV" Row="2018-04-30" ColTyp="Other" RowTyp="Other"/>
  <Msr Val="-0.5108256237659907" ValTyp="Other" Col="DOWN_CUT" Row="2018-04-30" ColTyp="Other" RowTyp="Other"/>
  <Msr Val="3.507575551943848" ValTyp="Other" Col="DOWN_SMOOTH_RT" Row="2018-04-30" ColTyp="Other" RowTyp="Other"/>
  <Msr Val="0.4387538644454208" ValTyp="Other" Col="PUT_CURV" Row="2018-04-30" ColTyp="Other" RowTyp="Other"/>
  <Msr Val="0" ValTyp="Other" Col="SLOPE_CH_RT" Row="2018-04-30" ColTyp="Other" RowTyp="Other"/>
  <Msr Val="-0.175461531716013" ValTyp="Other" Col="SLOPE_REF" Row="2018-04-30" ColTyp="Other" RowTyp="Other"/>
  <Msr Val="0" ValTyp="Other" Col="SLOPE_SWIMM_RT" Row="2018-04-30" ColTyp="Other" RowTyp="Other"/>
  <Msr Val="0.3364722366212129" ValTyp="Other" Col="UP_CUT" Row="2018-04-30" ColTyp="Other" RowTyp="Other"/>
  <Msr Val="1.0600427171061453" ValTyp="Other" Col="UP_SMOOTH_RT" Row="2018-04-30" ColTyp="Other" RowTyp="Other"/>
  <Msr Val="0" ValTyp="Other" Col="VOL_CH_RT" Row="2018-04-30" ColTyp="Other" RowTyp="Other"/>
  <Msr Val="0.2276254511865702" ValTyp="Other" Col="VOL_REF" Row="2018-04-30" ColTyp="Other" RowTyp="Other"/>
  <Msr Val="_" ValTyp="Other" Col="FEEDCODE" Row="2018-04-30" ColTyp="Other" RowTyp="Other"/>
  <Msr Val="EUR-AEGN.AS" ValTyp="Other" Col="NAME_ORC" Row="2021-01-29" ColTyp="Other" RowTyp="Other"/>
  <Msr Val="EUR-AEGN.AS" ValTyp="Other" Col="NAME_MUREX" Row="2021-01-29" ColTyp="Other" RowTyp="Other"/>
  <Msr Val="2021-01-29" ValTyp="Other" Col="EXPIRY" Row="2021-01-29" ColTyp="Other" RowTyp="Other"/>
  <Msr Val="5.2" ValTyp="Other" Col="ATM_FWD" Row="2021-01-29" ColTyp="Other" RowTyp="Other"/>
  <Msr Val="5.2" ValTyp="Other" Col="REF_FWD" Row="2021-01-29" ColTyp="Other" RowTyp="Other"/>
  <Msr Val="0.1156293647381538" ValTyp="Other" Col="CALL_CURV" Row="2021-01-29" ColTyp="Other" RowTyp="Other"/>
  <Msr Val="-0.5108256237659907" ValTyp="Other" Col="DOWN_CUT" Row="2021-01-29" ColTyp="Other" RowTyp="Other"/>
  <Msr Val="3.507575551943848" ValTyp="Other" Col="DOWN_SMOOTH_RT" Row="2021-01-29" ColTyp="Other" RowTyp="Other"/>
  <Msr Val="0.0724222709950515" ValTyp="Other" Col="PUT_CURV" Row="2021-01-29" ColTyp="Other" RowTyp="Other"/>
  <Msr Val="0" ValTyp="Other" Col="SLOPE_CH_RT" Row="2021-01-29" ColTyp="Other" RowTyp="Other"/>
  <Msr Val="-0.0398045599381232" ValTyp="Other" Col="SLOPE_REF" Row="2021-01-29" ColTyp="Other" RowTyp="Other"/>
  <Msr Val="0" ValTyp="Other" Col="SLOPE_SWIMM_RT" Row="2021-01-29" ColTyp="Other" RowTyp="Other"/>
  <Msr Val="0.3364722366212129" ValTyp="Other" Col="UP_CUT" Row="2021-01-29" ColTyp="Other" RowTyp="Other"/>
  <Msr Val="1.0600427171061453" ValTyp="Other" Col="UP_SMOOTH_RT" Row="2021-01-29" ColTyp="Other" RowTyp="Other"/>
  <Msr Val="0" ValTyp="Other" Col="VOL_CH_RT" Row="2021-01-29" ColTyp="Other" RowTyp="Other"/>
  <Msr Val="0.2684880387363011" ValTyp="Other" Col="VOL_REF" Row="2021-01-29" ColTyp="Other" RowTyp="Other"/>
  <Msr Val="_" ValTyp="Other" Col="FEEDCODE" Row="2021-01-29" ColTyp="Other" RowTyp="Other"/>
  <Msr Val="0.126088110280164" ValTyp="Other" Col="CALL_CURV" Row="2020-01-29" ColTyp="Other" RowTyp="Other"/>
  <Msr Val="EUR-AEGN.AS" ValTyp="Other" Col="NAME_ORC" Row="2020-01-29" ColTyp="Other" RowTyp="Other"/>
  <Msr Val="EUR-AEGN.AS" ValTyp="Other" Col="NAME_MUREX" Row="2020-01-29" ColTyp="Other" RowTyp="Other"/>
  <Msr Val="2020-01-29" ValTyp="Other" Col="EXPIRY" Row="2020-01-29" ColTyp="Other" RowTyp="Other"/>
  <Msr Val="5.2" ValTyp="Other" Col="ATM_FWD" Row="2020-01-29" ColTyp="Other" RowTyp="Other"/>
  <Msr Val="5.2" ValTyp="Other" Col="REF_FWD" Row="2020-01-29" ColTyp="Other" RowTyp="Other"/>
  <Msr Val="-0.5108256237659907" ValTyp="Other" Col="DOWN_CUT" Row="2020-01-29" ColTyp="Other" RowTyp="Other"/>
  <Msr Val="3.507575551943848" ValTyp="Other" Col="DOWN_SMOOTH_RT" Row="2020-01-29" ColTyp="Other" RowTyp="Other"/>
  <Msr Val="0.075236615356504" ValTyp="Other" Col="PUT_CURV" Row="2020-01-29" ColTyp="Other" RowTyp="Other"/>
  <Msr Val="0" ValTyp="Other" Col="SLOPE_CH_RT" Row="2020-01-29" ColTyp="Other" RowTyp="Other"/>
  <Msr Val="-0.0487393143655592" ValTyp="Other" Col="SLOPE_REF" Row="2020-01-29" ColTyp="Other" RowTyp="Other"/>
  <Msr Val="0" ValTyp="Other" Col="SLOPE_SWIMM_RT" Row="2020-01-29" ColTyp="Other" RowTyp="Other"/>
  <Msr Val="0.3364722366212129" ValTyp="Other" Col="UP_CUT" Row="2020-01-29" ColTyp="Other" RowTyp="Other"/>
  <Msr Val="1.0600427171061453" ValTyp="Other" Col="UP_SMOOTH_RT" Row="2020-01-29" ColTyp="Other" RowTyp="Other"/>
  <Msr Val="0" ValTyp="Other" Col="VOL_CH_RT" Row="2020-01-29" ColTyp="Other" RowTyp="Other"/>
  <Msr Val="0.2630427282611723" ValTyp="Other" Col="VOL_REF" Row="2020-01-29" ColTyp="Other" RowTyp="Other"/>
  <Msr Val="_" ValTyp="Other" Col="FEEDCODE" Row="2020-01-29" ColTyp="Other" RowTyp="Other"/>
  <Msr Val="EUR-AEGN.AS" ValTyp="Other" Col="NAME_ORC" Row="2019-01-29" ColTyp="Other" RowTyp="Other"/>
  <Msr Val="EUR-AEGN.AS" ValTyp="Other" Col="NAME_MUREX" Row="2019-01-29" ColTyp="Other" RowTyp="Other"/>
  <Msr Val="2019-01-29" ValTyp="Other" Col="EXPIRY" Row="2019-01-29" ColTyp="Other" RowTyp="Other"/>
  <Msr Val="5.2" ValTyp="Other" Col="ATM_FWD" Row="2019-01-29" ColTyp="Other" RowTyp="Other"/>
  <Msr Val="5.2" ValTyp="Other" Col="REF_FWD" Row="2019-01-29" ColTyp="Other" RowTyp="Other"/>
  <Msr Val="0.2159009913089245" ValTyp="Other" Col="CALL_CURV" Row="2019-01-29" ColTyp="Other" RowTyp="Other"/>
  <Msr Val="-0.5108256237659907" ValTyp="Other" Col="DOWN_CUT" Row="2019-01-29" ColTyp="Other" RowTyp="Other"/>
  <Msr Val="3.507575551943848" ValTyp="Other" Col="DOWN_SMOOTH_RT" Row="2019-01-29" ColTyp="Other" RowTyp="Other"/>
  <Msr Val="0.1273644792621411" ValTyp="Other" Col="PUT_CURV" Row="2019-01-29" ColTyp="Other" RowTyp="Other"/>
  <Msr Val="0" ValTyp="Other" Col="SLOPE_CH_RT" Row="2019-01-29" ColTyp="Other" RowTyp="Other"/>
  <Msr Val="-0.0779829029848947" ValTyp="Other" Col="SLOPE_REF" Row="2019-01-29" ColTyp="Other" RowTyp="Other"/>
  <Msr Val="0" ValTyp="Other" Col="SLOPE_SWIMM_RT" Row="2019-01-29" ColTyp="Other" RowTyp="Other"/>
  <Msr Val="0.3364722366212129" ValTyp="Other" Col="UP_CUT" Row="2019-01-29" ColTyp="Other" RowTyp="Other"/>
  <Msr Val="1.0600427171061453" ValTyp="Other" Col="UP_SMOOTH_RT" Row="2019-01-29" ColTyp="Other" RowTyp="Other"/>
  <Msr Val="0" ValTyp="Other" Col="VOL_CH_RT" Row="2019-01-29" ColTyp="Other" RowTyp="Other"/>
  <Msr Val="0.2465144834129835" ValTyp="Other" Col="VOL_REF" Row="2019-01-29" ColTyp="Other" RowTyp="Other"/>
  <Msr Val="_" ValTyp="Other" Col="FEEDCODE" Row="2019-01-29" ColTyp="Other" RowTyp="Other"/>
  <Msr Val="EUR-AEGN.AS" ValTyp="Other" Col="NAME_ORC" Row="2022-01-31" ColTyp="Other" RowTyp="Other"/>
  <Msr Val="EUR-AEGN.AS" ValTyp="Other" Col="NAME_MUREX" Row="2022-01-31" ColTyp="Other" RowTyp="Other"/>
  <Msr Val="2022-01-31" ValTyp="Other" Col="EXPIRY" Row="2022-01-31" ColTyp="Other" RowTyp="Other"/>
  <Msr Val="5.2" ValTyp="Other" Col="ATM_FWD" Row="2022-01-31" ColTyp="Other" RowTyp="Other"/>
  <Msr Val="5.2" ValTyp="Other" Col="REF_FWD" Row="2022-01-31" ColTyp="Other" RowTyp="Other"/>
  <Msr Val="0.0415330471606848" ValTyp="Other" Col="CALL_CURV" Row="2022-01-31" ColTyp="Other" RowTyp="Other"/>
  <Msr Val="-0.5108256237659907" ValTyp="Other" Col="DOWN_CUT" Row="2022-01-31" ColTyp="Other" RowTyp="Other"/>
  <Msr Val="3.507575551943848" ValTyp="Other" Col="DOWN_SMOOTH_RT" Row="2022-01-31" ColTyp="Other" RowTyp="Other"/>
  <Msr Val="0.0448291420969779" ValTyp="Other" Col="PUT_CURV" Row="2022-01-31" ColTyp="Other" RowTyp="Other"/>
  <Msr Val="0" ValTyp="Other" Col="SLOPE_CH_RT" Row="2022-01-31" ColTyp="Other" RowTyp="Other"/>
  <Msr Val="-0.0344756923075793" ValTyp="Other" Col="SLOPE_REF" Row="2022-01-31" ColTyp="Other" RowTyp="Other"/>
  <Msr Val="0" ValTyp="Other" Col="SLOPE_SWIMM_RT" Row="2022-01-31" ColTyp="Other" RowTyp="Other"/>
  <Msr Val="0.3364722366212129" ValTyp="Other" Col="UP_CUT" Row="2022-01-31" ColTyp="Other" RowTyp="Other"/>
  <Msr Val="1.0600427171061453" ValTyp="Other" Col="UP_SMOOTH_RT" Row="2022-01-31" ColTyp="Other" RowTyp="Other"/>
  <Msr Val="0" ValTyp="Other" Col="VOL_CH_RT" Row="2022-01-31" ColTyp="Other" RowTyp="Other"/>
  <Msr Val="0.2730011764924207" ValTyp="Other" Col="VOL_REF" Row="2022-01-31" ColTyp="Other" RowTyp="Other"/>
  <Msr Val="_" ValTyp="Other" Col="FEEDCODE" Row="2022-01-31" ColTyp="Other" RowTyp="Other"/>
  <Msr Val="EUR-AEGN.AS" ValTyp="Other" Col="NAME_ORC" Row="2023-01-30" ColTyp="Other" RowTyp="Other"/>
  <Msr Val="EUR-AEGN.AS" ValTyp="Other" Col="NAME_MUREX" Row="2023-01-30" ColTyp="Other" RowTyp="Other"/>
  <Msr Val="2023-01-30" ValTyp="Other" Col="EXPIRY" Row="2023-01-30" ColTyp="Other" RowTyp="Other"/>
  <Msr Val="5.2" ValTyp="Other" Col="ATM_FWD" Row="2023-01-30" ColTyp="Other" RowTyp="Other"/>
  <Msr Val="5.2" ValTyp="Other" Col="REF_FWD" Row="2023-01-30" ColTyp="Other" RowTyp="Other"/>
  <Msr Val="0.0798045559256183" ValTyp="Other" Col="CALL_CURV" Row="2023-01-30" ColTyp="Other" RowTyp="Other"/>
  <Msr Val="-0.5108256237659907" ValTyp="Other" Col="DOWN_CUT" Row="2023-01-30" ColTyp="Other" RowTyp="Other"/>
  <Msr Val="3.507575551943848" ValTyp="Other" Col="DOWN_SMOOTH_RT" Row="2023-01-30" ColTyp="Other" RowTyp="Other"/>
  <Msr Val="0.0473632090439683" ValTyp="Other" Col="PUT_CURV" Row="2023-01-30" ColTyp="Other" RowTyp="Other"/>
  <Msr Val="0" ValTyp="Other" Col="SLOPE_CH_RT" Row="2023-01-30" ColTyp="Other" RowTyp="Other"/>
  <Msr Val="-0.0308381074541062" ValTyp="Other" Col="SLOPE_REF" Row="2023-01-30" ColTyp="Other" RowTyp="Other"/>
  <Msr Val="0" ValTyp="Other" Col="SLOPE_SWIMM_RT" Row="2023-01-30" ColTyp="Other" RowTyp="Other"/>
  <Msr Val="0.3364722366212129" ValTyp="Other" Col="UP_CUT" Row="2023-01-30" ColTyp="Other" RowTyp="Other"/>
  <Msr Val="1.0600427171061453" ValTyp="Other" Col="UP_SMOOTH_RT" Row="2023-01-30" ColTyp="Other" RowTyp="Other"/>
  <Msr Val="0" ValTyp="Other" Col="VOL_CH_RT" Row="2023-01-30" ColTyp="Other" RowTyp="Other"/>
  <Msr Val="0.2767863668724769" ValTyp="Other" Col="VOL_REF" Row="2023-01-30" ColTyp="Other" RowTyp="Other"/>
  <Msr Val="_" ValTyp="Other" Col="FEEDCODE" Row="2023-01-30" ColTyp="Other" RowTyp="Other"/>
  <Msr Val="EUR-AEGN.AS" ValTyp="Other" Col="NAME_ORC" Row="2028-01-31" ColTyp="Other" RowTyp="Other"/>
  <Msr Val="EUR-AEGN.AS" ValTyp="Other" Col="NAME_MUREX" Row="2028-01-31" ColTyp="Other" RowTyp="Other"/>
  <Msr Val="2028-01-31" ValTyp="Other" Col="EXPIRY" Row="2028-01-31" ColTyp="Other" RowTyp="Other"/>
  <Msr Val="5.2" ValTyp="Other" Col="ATM_FWD" Row="2028-01-31" ColTyp="Other" RowTyp="Other"/>
  <Msr Val="5.2" ValTyp="Other" Col="REF_FWD" Row="2028-01-31" ColTyp="Other" RowTyp="Other"/>
  <Msr Val="0.0564303426645858" ValTyp="Other" Col="CALL_CURV" Row="2028-01-31" ColTyp="Other" RowTyp="Other"/>
  <Msr Val="-0.5108256237659907" ValTyp="Other" Col="DOWN_CUT" Row="2028-01-31" ColTyp="Other" RowTyp="Other"/>
  <Msr Val="3.507575551943848" ValTyp="Other" Col="DOWN_SMOOTH_RT" Row="2028-01-31" ColTyp="Other" RowTyp="Other"/>
  <Msr Val="0.033490846293746" ValTyp="Other" Col="PUT_CURV" Row="2028-01-31" ColTyp="Other" RowTyp="Other"/>
  <Msr Val="0" ValTyp="Other" Col="SLOPE_CH_RT" Row="2028-01-31" ColTyp="Other" RowTyp="Other"/>
  <Msr Val="-0.0218058348997579" ValTyp="Other" Col="SLOPE_REF" Row="2028-01-31" ColTyp="Other" RowTyp="Other"/>
  <Msr Val="0" ValTyp="Other" Col="SLOPE_SWIMM_RT" Row="2028-01-31" ColTyp="Other" RowTyp="Other"/>
  <Msr Val="0.3364722366212129" ValTyp="Other" Col="UP_CUT" Row="2028-01-31" ColTyp="Other" RowTyp="Other"/>
  <Msr Val="1.0600427171061453" ValTyp="Other" Col="UP_SMOOTH_RT" Row="2028-01-31" ColTyp="Other" RowTyp="Other"/>
  <Msr Val="0" ValTyp="Other" Col="VOL_CH_RT" Row="2028-01-31" ColTyp="Other" RowTyp="Other"/>
  <Msr Val="0.2903216580995939" ValTyp="Other" Col="VOL_REF" Row="2028-01-31" ColTyp="Other" RowTyp="Other"/>
  <Msr Val="_" ValTyp="Other" Col="FEEDCODE" Row="2028-01-31" ColTyp="Other" RowTyp="Other"/>
  <Msr Val="EUR-AEGN.AS" ValTyp="Other" Col="NAME_ORC" Row="2018-10-29" ColTyp="Other" RowTyp="Other"/>
  <Msr Val="EUR-AEGN.AS" ValTyp="Other" Col="NAME_MUREX" Row="2018-10-29" ColTyp="Other" RowTyp="Other"/>
  <Msr Val="2018-10-29" ValTyp="Other" Col="EXPIRY" Row="2018-10-29" ColTyp="Other" RowTyp="Other"/>
  <Msr Val="5.2" ValTyp="Other" Col="ATM_FWD" Row="2018-10-29" ColTyp="Other" RowTyp="Other"/>
  <Msr Val="5.2" ValTyp="Other" Col="REF_FWD" Row="2018-10-29" ColTyp="Other" RowTyp="Other"/>
  <Msr Val="0.23183702175244" ValTyp="Other" Col="CALL_CURV" Row="2018-10-29" ColTyp="Other" RowTyp="Other"/>
  <Msr Val="-0.5108256237659907" ValTyp="Other" Col="DOWN_CUT" Row="2018-10-29" ColTyp="Other" RowTyp="Other"/>
  <Msr Val="3.507575551943848" ValTyp="Other" Col="DOWN_SMOOTH_RT" Row="2018-10-29" ColTyp="Other" RowTyp="Other"/>
  <Msr Val="0.1560784686769108" ValTyp="Other" Col="PUT_CURV" Row="2018-10-29" ColTyp="Other" RowTyp="Other"/>
  <Msr Val="0" ValTyp="Other" Col="SLOPE_CH_RT" Row="2018-10-29" ColTyp="Other" RowTyp="Other"/>
  <Msr Val="-0.1072264916042302" ValTyp="Other" Col="SLOPE_REF" Row="2018-10-29" ColTyp="Other" RowTyp="Other"/>
  <Msr Val="0" ValTyp="Other" Col="SLOPE_SWIMM_RT" Row="2018-10-29" ColTyp="Other" RowTyp="Other"/>
  <Msr Val="0.3364722366212129" ValTyp="Other" Col="UP_CUT" Row="2018-10-29" ColTyp="Other" RowTyp="Other"/>
  <Msr Val="1.0600427171061453" ValTyp="Other" Col="UP_SMOOTH_RT" Row="2018-10-29" ColTyp="Other" RowTyp="Other"/>
  <Msr Val="0" ValTyp="Other" Col="VOL_CH_RT" Row="2018-10-29" ColTyp="Other" RowTyp="Other"/>
  <Msr Val="0.2408118033807464" ValTyp="Other" Col="VOL_REF" Row="2018-10-29" ColTyp="Other" RowTyp="Other"/>
  <Msr Val="_" ValTyp="Other" Col="FEEDCODE" Row="2018-10-29" ColTyp="Other" RowTyp="Other"/>
  <Msr Val="EUR-AEGN.AS" ValTyp="Other" Col="NAME_ORC" Row="2018-02-28" ColTyp="Other" RowTyp="Other"/>
  <Msr Val="EUR-AEGN.AS" ValTyp="Other" Col="NAME_MUREX" Row="2018-02-28" ColTyp="Other" RowTyp="Other"/>
  <Msr Val="2018-02-28" ValTyp="Other" Col="EXPIRY" Row="2018-02-28" ColTyp="Other" RowTyp="Other"/>
  <Msr Val="5.2" ValTyp="Other" Col="ATM_FWD" Row="2018-02-28" ColTyp="Other" RowTyp="Other"/>
  <Msr Val="5.2" ValTyp="Other" Col="REF_FWD" Row="2018-02-28" ColTyp="Other" RowTyp="Other"/>
  <Msr Val="1.0357986497655167" ValTyp="Other" Col="CALL_CURV" Row="2018-02-28" ColTyp="Other" RowTyp="Other"/>
  <Msr Val="-0.5108256237659907" ValTyp="Other" Col="DOWN_CUT" Row="2018-02-28" ColTyp="Other" RowTyp="Other"/>
  <Msr Val="3.507575551943848" ValTyp="Other" Col="DOWN_SMOOTH_RT" Row="2018-02-28" ColTyp="Other" RowTyp="Other"/>
  <Msr Val="0.7153746448295788" ValTyp="Other" Col="PUT_CURV" Row="2018-02-28" ColTyp="Other" RowTyp="Other"/>
  <Msr Val="0" ValTyp="Other" Col="SLOPE_CH_RT" Row="2018-02-28" ColTyp="Other" RowTyp="Other"/>
  <Msr Val="-0.2436965718277959" ValTyp="Other" Col="SLOPE_REF" Row="2018-02-28" ColTyp="Other" RowTyp="Other"/>
  <Msr Val="0" ValTyp="Other" Col="SLOPE_SWIMM_RT" Row="2018-02-28" ColTyp="Other" RowTyp="Other"/>
  <Msr Val="0.3364722366212129" ValTyp="Other" Col="UP_CUT" Row="2018-02-28" ColTyp="Other" RowTyp="Other"/>
  <Msr Val="1.0600427171061453" ValTyp="Other" Col="UP_SMOOTH_RT" Row="2018-02-28" ColTyp="Other" RowTyp="Other"/>
  <Msr Val="0" ValTyp="Other" Col="VOL_CH_RT" Row="2018-02-28" ColTyp="Other" RowTyp="Other"/>
  <Msr Val="0.2463281680594503" ValTyp="Other" Col="VOL_REF" Row="2018-02-28" ColTyp="Other" RowTyp="Other"/>
  <Msr Val="_" ValTyp="Other" Col="FEEDCODE" Row="2018-02-28" ColTyp="Other" RowTyp="Other"/>
  <Msr Val="EUR-AEGN.AS" ValTyp="Other" Col="NAME_ORC" Row="2018-07-30" ColTyp="Other" RowTyp="Other"/>
  <Msr Val="EUR-AEGN.AS" ValTyp="Other" Col="NAME_MUREX" Row="2018-07-30" ColTyp="Other" RowTyp="Other"/>
  <Msr Val="2018-07-30" ValTyp="Other" Col="EXPIRY" Row="2018-07-30" ColTyp="Other" RowTyp="Other"/>
  <Msr Val="5.2" ValTyp="Other" Col="ATM_FWD" Row="2018-07-30" ColTyp="Other" RowTyp="Other"/>
  <Msr Val="5.2" ValTyp="Other" Col="REF_FWD" Row="2018-07-30" ColTyp="Other" RowTyp="Other"/>
  <Msr Val="0.3893591521996466" ValTyp="Other" Col="CALL_CURV" Row="2018-07-30" ColTyp="Other" RowTyp="Other"/>
  <Msr Val="-0.5108256237659907" ValTyp="Other" Col="DOWN_CUT" Row="2018-07-30" ColTyp="Other" RowTyp="Other"/>
  <Msr Val="3.507575551943848" ValTyp="Other" Col="DOWN_SMOOTH_RT" Row="2018-07-30" ColTyp="Other" RowTyp="Other"/>
  <Msr Val="0.2688644889375709" ValTyp="Other" Col="PUT_CURV" Row="2018-07-30" ColTyp="Other" RowTyp="Other"/>
  <Msr Val="0" ValTyp="Other" Col="SLOPE_CH_RT" Row="2018-07-30" ColTyp="Other" RowTyp="Other"/>
  <Msr Val="-0.1267222173504539" ValTyp="Other" Col="SLOPE_REF" Row="2018-07-30" ColTyp="Other" RowTyp="Other"/>
  <Msr Val="0" ValTyp="Other" Col="SLOPE_SWIMM_RT" Row="2018-07-30" ColTyp="Other" RowTyp="Other"/>
  <Msr Val="0.3364722366212129" ValTyp="Other" Col="UP_CUT" Row="2018-07-30" ColTyp="Other" RowTyp="Other"/>
  <Msr Val="1.0600427171061453" ValTyp="Other" Col="UP_SMOOTH_RT" Row="2018-07-30" ColTyp="Other" RowTyp="Other"/>
  <Msr Val="0" ValTyp="Other" Col="VOL_CH_RT" Row="2018-07-30" ColTyp="Other" RowTyp="Other"/>
  <Msr Val="0.237481546933712" ValTyp="Other" Col="VOL_REF" Row="2018-07-30" ColTyp="Other" RowTyp="Other"/>
  <Msr Val="_" ValTyp="Other" Col="FEEDCODE" Row="2018-07-30" ColTyp="Other" RowTyp="Other"/>
  <Msr Val="EUR-AEGN.AS" ValTyp="Other" Col="NAME_ORC" Row="2027-01-29" ColTyp="Other" RowTyp="Other"/>
  <Msr Val="EUR-AEGN.AS" ValTyp="Other" Col="NAME_MUREX" Row="2027-01-29" ColTyp="Other" RowTyp="Other"/>
  <Msr Val="2027-01-29" ValTyp="Other" Col="EXPIRY" Row="2027-01-29" ColTyp="Other" RowTyp="Other"/>
  <Msr Val="5.2" ValTyp="Other" Col="ATM_FWD" Row="2027-01-29" ColTyp="Other" RowTyp="Other"/>
  <Msr Val="5.2" ValTyp="Other" Col="REF_FWD" Row="2027-01-29" ColTyp="Other" RowTyp="Other"/>
  <Msr Val="0.0595016053561317" ValTyp="Other" Col="CALL_CURV" Row="2027-01-29" ColTyp="Other" RowTyp="Other"/>
  <Msr Val="-0.5108256237659907" ValTyp="Other" Col="DOWN_CUT" Row="2027-01-29" ColTyp="Other" RowTyp="Other"/>
  <Msr Val="3.507575551943848" ValTyp="Other" Col="DOWN_SMOOTH_RT" Row="2027-01-29" ColTyp="Other" RowTyp="Other"/>
  <Msr Val="0.0353133137581574" ValTyp="Other" Col="PUT_CURV" Row="2027-01-29" ColTyp="Other" RowTyp="Other"/>
  <Msr Val="0" ValTyp="Other" Col="SLOPE_CH_RT" Row="2027-01-29" ColTyp="Other" RowTyp="Other"/>
  <Msr Val="-0.0229846688965852" ValTyp="Other" Col="SLOPE_REF" Row="2027-01-29" ColTyp="Other" RowTyp="Other"/>
  <Msr Val="0" ValTyp="Other" Col="SLOPE_SWIMM_RT" Row="2027-01-29" ColTyp="Other" RowTyp="Other"/>
</Mtrx>

  <Mtrx Name="EUR-AEGN.AS">
                    
    <Msr Col="VOL" ColTyp="Other" Row="2020-12-18" RowTyp="Other" Val="0.2679545365420457" ValTyp="Other"/>
                    
    <Msr Col="STRIKE" ColTyp="Other" Row="2020-12-18" RowTyp="Other" Val="5.2" ValTyp="Other"/>
                    
    <Msr Col="VOL" ColTyp="Other" Row="2021-12-17" RowTyp="Other" Val="0.2725769860362053" ValTyp="Other"/>
                    
    <Msr Col="STRIKE" ColTyp="Other" Row="2021-12-17" RowTyp="Other" Val="5.2" ValTyp="Other"/>
                    
    <Msr Col="VOL" ColTyp="Other" Row="2022-12-16" RowTyp="Other" Val="0.2763682888671051" ValTyp="Other"/>
                    
    <Msr Col="STRIKE" ColTyp="Other" Row="2022-12-16" RowTyp="Other" Val="5.2" ValTyp="Other"/>
                    
    <Msr Col="VOL" ColTyp="Other" Row="2023-12-15" RowTyp="Other" Val="0.2801362780129927" ValTyp="Other"/>
                    
    <Msr Col="STRIKE" ColTyp="Other" Row="2023-12-15" RowTyp="Other" Val="5.2" ValTyp="Other"/>
                    
    <Msr Col="VOL" ColTyp="Other" Row="2018-04-20" RowTyp="Other" Val="0.2275215626844448" ValTyp="Other"/>
                    
    <Msr Col="STRIKE" ColTyp="Other" Row="2018-04-20" RowTyp="Other" Val="5.2" ValTyp="Other"/>
                    
    <Msr Col="VOL" ColTyp="Other" Row="2018-02-16" RowTyp="Other" Val="0.2493551408000039" ValTyp="Other"/>
                    
    <Msr Col="STRIKE" ColTyp="Other" Row="2018-02-16" RowTyp="Other" Val="5.2" ValTyp="Other"/>
                    
    <Msr Col="VOL" ColTyp="Other" Row="2018-09-21" RowTyp="Other" Val="0.2388883647076942" ValTyp="Other"/>
                    
    <Msr Col="STRIKE" ColTyp="Other" Row="2018-09-21" RowTyp="Other" Val="5.2" ValTyp="Other"/>
                    
    <Msr Col="VOL" ColTyp="Other" Row="2019-03-15" RowTyp="Other" Val="0.25" ValTyp="Other"/>
                    
    <Msr Col="STRIKE" ColTyp="Other" Row="2019-03-15" RowTyp="Other" Val="5.2" ValTyp="Other"/>
                    
    <Msr Col="VOL" ColTyp="Other" Row="2019-12-20" RowTyp="Other" Val="0.262340272914878" ValTyp="Other"/>
                    
    <Msr Col="STRIKE" ColTyp="Other" Row="2019-12-20" RowTyp="Other" Val="5.2" ValTyp="Other"/>
                    
    <Msr Col="VOL" ColTyp="Other" Row="2028-12-15" RowTyp="Other" Val="0.2913022634201744" ValTyp="Other"/>
                    
    <Msr Col="STRIKE" ColTyp="Other" Row="2028-12-15" RowTyp="Other" Val="5.2" ValTyp="Other"/>
                    
    <Msr Col="VOL" ColTyp="Other" Row="2018-03-16" RowTyp="Other" Val="0.2332934138520717" ValTyp="Other"/>
                    
    <Msr Col="STRIKE" ColTyp="Other" Row="2018-03-16" RowTyp="Other" Val="5.2" ValTyp="Other"/>
                    
    <Msr Col="VOL" ColTyp="Other" Row="2018-12-21" RowTyp="Other" Val="0.2439345945954999" ValTyp="Other"/>
                    
    <Msr Col="STRIKE" ColTyp="Other" Row="2018-12-21" RowTyp="Other" Val="5.2" ValTyp="Other"/>
                    
    <Msr Col="VOL" ColTyp="Other" Row="2019-06-21" RowTyp="Other" Val="0.2578758742906956" ValTyp="Other"/>
                    
    <Msr Col="STRIKE" ColTyp="Other" Row="2019-06-21" RowTyp="Other" Val="5.2" ValTyp="Other"/>
                    
    <Msr Col="VOL" ColTyp="Other" Row="2024-12-20" RowTyp="Other" Val="0.2839605199543039" ValTyp="Other"/>
                    
    <Msr Col="STRIKE" ColTyp="Other" Row="2024-12-20" RowTyp="Other" Val="5.2" ValTyp="Other"/>
                    
    <Msr Col="VOL" ColTyp="Other" Row="2018-06-15" RowTyp="Other" Val="0.236228934066933" ValTyp="Other"/>
                    
    <Msr Col="STRIKE" ColTyp="Other" Row="2018-06-15" RowTyp="Other" Val="5.2" ValTyp="Other"/>
                    
    <Msr Col="VOL" ColTyp="Other" Row="2025-12-19" RowTyp="Other" Val="0.2868178793927303" ValTyp="Other"/>
                    
    <Msr Col="STRIKE" ColTyp="Other" Row="2025-12-19" RowTyp="Other" Val="5.2" ValTyp="Other"/>
                    
    <Msr Col="VOL" ColTyp="Other" Row="2026-12-18" RowTyp="Other" Val="0.2888764472959112" ValTyp="Other"/>
                    
    <Msr Col="STRIKE" ColTyp="Other" Row="2026-12-18" RowTyp="Other" Val="5.2" ValTyp="Other"/>
             
    <Undly PxStrctTyp="EQ_ATM_VOL" IssuDtTm="2018-01-29" LastUpdateTm="--"/>
  </Mtrx>
<Pnt Name="EUR-AEGN.AS">
  <Undly PxStrctTyp="EQ_SPOT" IssuDtTm="2018-01-29" LastUpdateTm="2018-01-29"/>
  <Msr Val="5.63" ValTyp="Other" MktDataTyp="MID"/>
</Pnt>

<Pnt Name="EUR-AEGN.AS">
  <Undly PxStrctTyp="EQ_LIQUIDITY" IssuDtTm="2018-01-29" LastUpdateTm="2018-01-29"/>
  <Msr Val="40000000" ValTyp="Other" MktDataTyp="MID"/>
</Pnt>


</Mkt>
