
<Mkt>
<Curve Name="HKD :Std">
  <Undly PxStrctTyp="IR_ZERO_CURVE" IssuDtTm="2018-01-29" LastUpdateTm="2018-01-29"/>
  <Msr Val="1" ValTyp="Other" Row="2018-01-29" RowTyp="Other"/>
  <Msr Val="0.9999865656599359" ValTyp="Other" Row="2018-01-30" RowTyp="Other"/>
  <Msr Val="0.9969873590921907" ValTyp="Other" Row="2018-04-30" RowTyp="Other"/>
  <Msr Val="0.9933236073767256" ValTyp="Other" Row="2018-07-30" RowTyp="Other"/>
  <Msr Val="0.9891217723122211" ValTyp="Other" Row="2018-10-29" RowTyp="Other"/>
  <Msr Val="0.984442664328793" ValTyp="Other" Row="2019-01-29" RowTyp="Other"/>
  <Msr Val="0.9749151349259307" ValTyp="Other" Row="2019-07-29" RowTyp="Other"/>
  <Msr Val="0.9636882814715334" ValTyp="Other" Row="2020-01-29" RowTyp="Other"/>
  <Msr Val="0.9409691759946267" ValTyp="Other" Row="2021-01-29" RowTyp="Other"/>
  <Msr Val="0.9176893378032434" ValTyp="Other" Row="2022-01-31" RowTyp="Other"/>
  <Msr Val="0.8941475751268204" ValTyp="Other" Row="2023-01-30" RowTyp="Other"/>
  <Msr Val="0.8487186157779127" ValTyp="Other" Row="2025-01-28" RowTyp="Other"/>
  <Msr Val="0.7813819035266912" ValTyp="Other" Row="2028-01-31" RowTyp="Other"/>
  <Msr Val="0.7380873856745324" ValTyp="Other" Row="2030-01-29" RowTyp="Other"/>
  <Msr Val="0.6678706492511404" ValTyp="Other" Row="2033-01-28" RowTyp="Other"/>
  <Msr Val="0.5585448396452164" ValTyp="Other" Row="2038-01-29" RowTyp="Other"/>
</Curve>

</Mkt>
