
<Mkt>
<Curve Name="EUR-SIEGN.DE">
  <Undly PxStrctTyp="EQ_DIVIDENDS_YIELD" IssuDtTm="2018-01-29" LastUpdateTm="2018-01-29"/>
  <Msr Val="1" ValTyp="Other" Row="2018-01-29" RowTyp="Other"/>
  <Msr Val="1" ValTyp="Other" Row="2018-01-30" RowTyp="Other"/>
  <Msr Val="1" ValTyp="Other" Row="2018-02-08" RowTyp="Other"/>
  <Msr Val="1.000004657545093" ValTyp="Other" Row="2018-02-15" RowTyp="Other"/>
  <Msr Val="1.0000424666551075" ValTyp="Other" Row="2018-03-01" RowTyp="Other"/>
  <Msr Val="1.000178932209198" ValTyp="Other" Row="2018-05-02" RowTyp="Other"/>
  <Msr Val="1.0004526930318376" ValTyp="Other" Row="2018-08-01" RowTyp="Other"/>
  <Msr Val="1.0006807795704995" ValTyp="Other" Row="2018-11-01" RowTyp="Other"/>
  <Msr Val="1.0010087276018909" ValTyp="Other" Row="2019-02-01" RowTyp="Other"/>
  <Msr Val="1.0013840189975363" ValTyp="Other" Row="2019-05-02" RowTyp="Other"/>
  <Msr Val="1.0018082354622098" ValTyp="Other" Row="2019-08-01" RowTyp="Other"/>
  <Msr Val="1.0022911804172927" ValTyp="Other" Row="2019-11-01" RowTyp="Other"/>
  <Msr Val="1.0028231557017155" ValTyp="Other" Row="2020-02-03" RowTyp="Other"/>
  <Msr Val="1.0048366181308497" ValTyp="Other" Row="2021-02-01" RowTyp="Other"/>
  <Msr Val="1.0076565787697032" ValTyp="Other" Row="2022-02-01" RowTyp="Other"/>
  <Msr Val="1.011090651902779" ValTyp="Other" Row="2023-02-01" RowTyp="Other"/>
  <Msr Val="1.0157579485551407" ValTyp="Other" Row="2024-02-01" RowTyp="Other"/>
  <Msr Val="1.0213122359840345" ValTyp="Other" Row="2025-02-03" RowTyp="Other"/>
  <Msr Val="1.0309402519151414" ValTyp="Other" Row="2026-02-02" RowTyp="Other"/>
  <Msr Val="1.0367126511072822" ValTyp="Other" Row="2027-02-01" RowTyp="Other"/>
  <Msr Val="1.0408678064822554" ValTyp="Other" Row="2028-02-01" RowTyp="Other"/>
  <Msr Val="1.0492396441562095" ValTyp="Other" Row="2030-02-01" RowTyp="Other"/>
  <Msr Val="1.061918005624033" ValTyp="Other" Row="2033-02-01" RowTyp="Other"/>
  <Msr Val="1.0833820449510676" ValTyp="Other" Row="2038-02-01" RowTyp="Other"/>
  <Msr Val="1.1052920393334666" ValTyp="Other" Row="2043-02-02" RowTyp="Other"/>
</Curve>

<Mtrx Name="EUR-SIEGN.DE">
  <Undly PxStrctTyp="EQ_DIVIDENDS" IssuDtTm="2018-01-29" LastUpdateTm="2018-01-29"/>
  <Msr Val="0.87" ValTyp="Other" Col="TAX_RATE" Row="0" ColTyp="Other" RowTyp="Other"/>
  <Msr Val="2018-02-01" ValTyp="Other" Col="EX_DATE" Row="0" ColTyp="Other" RowTyp="Other"/>
  <Msr Val="2018-02-01" ValTyp="Other" Col="PAYMENT_DATE" Row="0" ColTyp="Other" RowTyp="Other"/>
  <Msr Val="3.2189999999999865" ValTyp="Other" Col="VALUE" Row="0" ColTyp="Other" RowTyp="Other"/>
  <Msr Val="false" ValTyp="Other" Col="RELATIVE" Row="0" ColTyp="Other" RowTyp="Other"/>
  <Msr Val="0.85" ValTyp="Other" Col="TAX_RATE" Row="1" ColTyp="Other" RowTyp="Other"/>
  <Msr Val="2019-01-29" ValTyp="Other" Col="EX_DATE" Row="1" ColTyp="Other" RowTyp="Other"/>
  <Msr Val="2019-01-29" ValTyp="Other" Col="PAYMENT_DATE" Row="1" ColTyp="Other" RowTyp="Other"/>
  <Msr Val="3.2299999999999565" ValTyp="Other" Col="VALUE" Row="1" ColTyp="Other" RowTyp="Other"/>
  <Msr Val="false" ValTyp="Other" Col="RELATIVE" Row="1" ColTyp="Other" RowTyp="Other"/>
  <Msr Val="0.8" ValTyp="Other" Col="TAX_RATE" Row="2" ColTyp="Other" RowTyp="Other"/>
  <Msr Val="2020-01-29" ValTyp="Other" Col="EX_DATE" Row="2" ColTyp="Other" RowTyp="Other"/>
  <Msr Val="2020-01-29" ValTyp="Other" Col="PAYMENT_DATE" Row="2" ColTyp="Other" RowTyp="Other"/>
  <Msr Val="2.059200000000016" ValTyp="Other" Col="VALUE" Row="2" ColTyp="Other" RowTyp="Other"/>
  <Msr Val="false" ValTyp="Other" Col="RELATIVE" Row="2" ColTyp="Other" RowTyp="Other"/>
  <Msr Val="0.8" ValTyp="Other" Col="TAX_RATE" Row="3" ColTyp="Other" RowTyp="Other"/>
  <Msr Val="2020-01-29" ValTyp="Other" Col="EX_DATE" Row="3" ColTyp="Other" RowTyp="Other"/>
  <Msr Val="2020-01-29" ValTyp="Other" Col="PAYMENT_DATE" Row="3" ColTyp="Other" RowTyp="Other"/>
  <Msr Val="0.0092377421675758" ValTyp="Other" Col="VALUE" Row="3" ColTyp="Other" RowTyp="Other"/>
  <Msr Val="true" ValTyp="Other" Col="RELATIVE" Row="3" ColTyp="Other" RowTyp="Other"/>
  <Msr Val="0.8" ValTyp="Other" Col="TAX_RATE" Row="4" ColTyp="Other" RowTyp="Other"/>
  <Msr Val="2021-01-29" ValTyp="Other" Col="EX_DATE" Row="4" ColTyp="Other" RowTyp="Other"/>
  <Msr Val="2021-01-29" ValTyp="Other" Col="PAYMENT_DATE" Row="4" ColTyp="Other" RowTyp="Other"/>
  <Msr Val="1.0072923007262835" ValTyp="Other" Col="VALUE" Row="4" ColTyp="Other" RowTyp="Other"/>
  <Msr Val="false" ValTyp="Other" Col="RELATIVE" Row="4" ColTyp="Other" RowTyp="Other"/>
  <Msr Val="0.8" ValTyp="Other" Col="TAX_RATE" Row="5" ColTyp="Other" RowTyp="Other"/>
  <Msr Val="2021-01-29" ValTyp="Other" Col="EX_DATE" Row="5" ColTyp="Other" RowTyp="Other"/>
  <Msr Val="2021-01-29" ValTyp="Other" Col="PAYMENT_DATE" Row="5" ColTyp="Other" RowTyp="Other"/>
  <Msr Val="0.0182037860361051" ValTyp="Other" Col="VALUE" Row="5" ColTyp="Other" RowTyp="Other"/>
  <Msr Val="true" ValTyp="Other" Col="RELATIVE" Row="5" ColTyp="Other" RowTyp="Other"/>
  <Msr Val="0.8" ValTyp="Other" Col="TAX_RATE" Row="6" ColTyp="Other" RowTyp="Other"/>
  <Msr Val="2022-01-29" ValTyp="Other" Col="EX_DATE" Row="6" ColTyp="Other" RowTyp="Other"/>
  <Msr Val="2022-01-29" ValTyp="Other" Col="PAYMENT_DATE" Row="6" ColTyp="Other" RowTyp="Other"/>
  <Msr Val="0.0271698299046343" ValTyp="Other" Col="VALUE" Row="6" ColTyp="Other" RowTyp="Other"/>
  <Msr Val="true" ValTyp="Other" Col="RELATIVE" Row="6" ColTyp="Other" RowTyp="Other"/>
  <Msr Val="0.8" ValTyp="Other" Col="TAX_RATE" Row="7" ColTyp="Other" RowTyp="Other"/>
  <Msr Val="2023-01-29" ValTyp="Other" Col="EX_DATE" Row="7" ColTyp="Other" RowTyp="Other"/>
  <Msr Val="2023-01-29" ValTyp="Other" Col="PAYMENT_DATE" Row="7" ColTyp="Other" RowTyp="Other"/>
  <Msr Val="0.0271698299046342" ValTyp="Other" Col="VALUE" Row="7" ColTyp="Other" RowTyp="Other"/>
  <Msr Val="true" ValTyp="Other" Col="RELATIVE" Row="7" ColTyp="Other" RowTyp="Other"/>
  <Msr Val="0.8" ValTyp="Other" Col="TAX_RATE" Row="8" ColTyp="Other" RowTyp="Other"/>
  <Msr Val="2024-01-29" ValTyp="Other" Col="EX_DATE" Row="8" ColTyp="Other" RowTyp="Other"/>
  <Msr Val="2024-01-29" ValTyp="Other" Col="PAYMENT_DATE" Row="8" ColTyp="Other" RowTyp="Other"/>
  <Msr Val="0.0271698299046346" ValTyp="Other" Col="VALUE" Row="8" ColTyp="Other" RowTyp="Other"/>
  <Msr Val="true" ValTyp="Other" Col="RELATIVE" Row="8" ColTyp="Other" RowTyp="Other"/>
  <Msr Val="0.8" ValTyp="Other" Col="TAX_RATE" Row="9" ColTyp="Other" RowTyp="Other"/>
  <Msr Val="2025-01-29" ValTyp="Other" Col="EX_DATE" Row="9" ColTyp="Other" RowTyp="Other"/>
  <Msr Val="2025-01-29" ValTyp="Other" Col="PAYMENT_DATE" Row="9" ColTyp="Other" RowTyp="Other"/>
  <Msr Val="0.0271698299046345" ValTyp="Other" Col="VALUE" Row="9" ColTyp="Other" RowTyp="Other"/>
  <Msr Val="true" ValTyp="Other" Col="RELATIVE" Row="9" ColTyp="Other" RowTyp="Other"/>
  <Msr Val="0.8" ValTyp="Other" Col="TAX_RATE" Row="10" ColTyp="Other" RowTyp="Other"/>
  <Msr Val="2026-01-29" ValTyp="Other" Col="EX_DATE" Row="10" ColTyp="Other" RowTyp="Other"/>
  <Msr Val="2026-01-29" ValTyp="Other" Col="PAYMENT_DATE" Row="10" ColTyp="Other" RowTyp="Other"/>
  <Msr Val="0.0271698299046345" ValTyp="Other" Col="VALUE" Row="10" ColTyp="Other" RowTyp="Other"/>
  <Msr Val="true" ValTyp="Other" Col="RELATIVE" Row="10" ColTyp="Other" RowTyp="Other"/>
  <Msr Val="0.8" ValTyp="Other" Col="TAX_RATE" Row="11" ColTyp="Other" RowTyp="Other"/>
  <Msr Val="2027-01-29" ValTyp="Other" Col="EX_DATE" Row="11" ColTyp="Other" RowTyp="Other"/>
  <Msr Val="2027-01-29" ValTyp="Other" Col="PAYMENT_DATE" Row="11" ColTyp="Other" RowTyp="Other"/>
  <Msr Val="0.0271698299046343" ValTyp="Other" Col="VALUE" Row="11" ColTyp="Other" RowTyp="Other"/>
  <Msr Val="true" ValTyp="Other" Col="RELATIVE" Row="11" ColTyp="Other" RowTyp="Other"/>
  <Msr Val="0.8" ValTyp="Other" Col="TAX_RATE" Row="12" ColTyp="Other" RowTyp="Other"/>
  <Msr Val="2028-01-29" ValTyp="Other" Col="EX_DATE" Row="12" ColTyp="Other" RowTyp="Other"/>
  <Msr Val="2028-01-29" ValTyp="Other" Col="PAYMENT_DATE" Row="12" ColTyp="Other" RowTyp="Other"/>
  <Msr Val="0.0271698299046346" ValTyp="Other" Col="VALUE" Row="12" ColTyp="Other" RowTyp="Other"/>
  <Msr Val="true" ValTyp="Other" Col="RELATIVE" Row="12" ColTyp="Other" RowTyp="Other"/>
  <Msr Val="0.8" ValTyp="Other" Col="TAX_RATE" Row="13" ColTyp="Other" RowTyp="Other"/>
  <Msr Val="2029-01-29" ValTyp="Other" Col="EX_DATE" Row="13" ColTyp="Other" RowTyp="Other"/>
  <Msr Val="2029-01-29" ValTyp="Other" Col="PAYMENT_DATE" Row="13" ColTyp="Other" RowTyp="Other"/>
  <Msr Val="0.0271698299046346" ValTyp="Other" Col="VALUE" Row="13" ColTyp="Other" RowTyp="Other"/>
  <Msr Val="true" ValTyp="Other" Col="RELATIVE" Row="13" ColTyp="Other" RowTyp="Other"/>
  <Msr Val="0.8" ValTyp="Other" Col="TAX_RATE" Row="14" ColTyp="Other" RowTyp="Other"/>
  <Msr Val="2030-01-29" ValTyp="Other" Col="EX_DATE" Row="14" ColTyp="Other" RowTyp="Other"/>
  <Msr Val="2030-01-29" ValTyp="Other" Col="PAYMENT_DATE" Row="14" ColTyp="Other" RowTyp="Other"/>
  <Msr Val="0.0271698299046346" ValTyp="Other" Col="VALUE" Row="14" ColTyp="Other" RowTyp="Other"/>
  <Msr Val="true" ValTyp="Other" Col="RELATIVE" Row="14" ColTyp="Other" RowTyp="Other"/>
</Mtrx>

<Mtrx Name="EUR-SIEGN.DE">
  <Undly PxStrctTyp="EQ_ORC_PARAMS" IssuDtTm="2018-01-29" LastUpdateTm="2018-01-24"/>
  <Msr Val="EUR-SIEGN.DE" ValTyp="Other" Col="NAME_ORC" Row="2021-01-29" ColTyp="Other" RowTyp="Other"/>
  <Msr Val="EUR-SIEGN.DE" ValTyp="Other" Col="NAME_MUREX" Row="2021-01-29" ColTyp="Other" RowTyp="Other"/>
  <Msr Val="2021-01-29" ValTyp="Other" Col="EXPIRY" Row="2021-01-29" ColTyp="Other" RowTyp="Other"/>
  <Msr Val="125" ValTyp="Other" Col="ATM_FWD" Row="2021-01-29" ColTyp="Other" RowTyp="Other"/>
  <Msr Val="125" ValTyp="Other" Col="REF_FWD" Row="2021-01-29" ColTyp="Other" RowTyp="Other"/>
  <Msr Val="0.092515735820898" ValTyp="Other" Col="CALL_CURV" Row="2021-01-29" ColTyp="Other" RowTyp="Other"/>
  <Msr Val="-0.4307829160924542" ValTyp="Other" Col="DOWN_CUT" Row="2021-01-29" ColTyp="Other" RowTyp="Other"/>
  <Msr Val="3.40388862700099" ValTyp="Other" Col="DOWN_SMOOTH_RT" Row="2021-01-29" ColTyp="Other" RowTyp="Other"/>
  <Msr Val="0.0239833778331542" ValTyp="Other" Col="PUT_CURV" Row="2021-01-29" ColTyp="Other" RowTyp="Other"/>
  <Msr Val="0" ValTyp="Other" Col="SLOPE_CH_RT" Row="2021-01-29" ColTyp="Other" RowTyp="Other"/>
  <Msr Val="-0.0448401692163144" ValTyp="Other" Col="SLOPE_REF" Row="2021-01-29" ColTyp="Other" RowTyp="Other"/>
  <Msr Val="0" ValTyp="Other" Col="SLOPE_SWIMM_RT" Row="2021-01-29" ColTyp="Other" RowTyp="Other"/>
  <Msr Val="0.1823215567939546" ValTyp="Other" Col="UP_CUT" Row="2021-01-29" ColTyp="Other" RowTyp="Other"/>
  <Msr Val="2.8017840169239308" ValTyp="Other" Col="UP_SMOOTH_RT" Row="2021-01-29" ColTyp="Other" RowTyp="Other"/>
  <Msr Val="0" ValTyp="Other" Col="VOL_CH_RT" Row="2021-01-29" ColTyp="Other" RowTyp="Other"/>
  <Msr Val="0.203408848015149" ValTyp="Other" Col="VOL_REF" Row="2021-01-29" ColTyp="Other" RowTyp="Other"/>
  <Msr Val="_" ValTyp="Other" Col="FEEDCODE" Row="2021-01-29" ColTyp="Other" RowTyp="Other"/>
  <Msr Val="EUR-SIEGN.DE" ValTyp="Other" Col="NAME_ORC" Row="2020-01-29" ColTyp="Other" RowTyp="Other"/>
  <Msr Val="EUR-SIEGN.DE" ValTyp="Other" Col="NAME_MUREX" Row="2020-01-29" ColTyp="Other" RowTyp="Other"/>
  <Msr Val="2020-01-29" ValTyp="Other" Col="EXPIRY" Row="2020-01-29" ColTyp="Other" RowTyp="Other"/>
  <Msr Val="125" ValTyp="Other" Col="ATM_FWD" Row="2020-01-29" ColTyp="Other" RowTyp="Other"/>
  <Msr Val="125" ValTyp="Other" Col="REF_FWD" Row="2020-01-29" ColTyp="Other" RowTyp="Other"/>
  <Msr Val="0.1476490461116281" ValTyp="Other" Col="CALL_CURV" Row="2020-01-29" ColTyp="Other" RowTyp="Other"/>
  <Msr Val="-0.4307829160924542" ValTyp="Other" Col="DOWN_CUT" Row="2020-01-29" ColTyp="Other" RowTyp="Other"/>
  <Msr Val="3.40388862700099" ValTyp="Other" Col="DOWN_SMOOTH_RT" Row="2020-01-29" ColTyp="Other" RowTyp="Other"/>
  <Msr Val="0.0438615098694606" ValTyp="Other" Col="PUT_CURV" Row="2020-01-29" ColTyp="Other" RowTyp="Other"/>
  <Msr Val="0" ValTyp="Other" Col="SLOPE_CH_RT" Row="2020-01-29" ColTyp="Other" RowTyp="Other"/>
  <Msr Val="-0.0565376046640486" ValTyp="Other" Col="SLOPE_REF" Row="2020-01-29" ColTyp="Other" RowTyp="Other"/>
  <Msr Val="0" ValTyp="Other" Col="SLOPE_SWIMM_RT" Row="2020-01-29" ColTyp="Other" RowTyp="Other"/>
  <Msr Val="0.1823215567939546" ValTyp="Other" Col="UP_CUT" Row="2020-01-29" ColTyp="Other" RowTyp="Other"/>
  <Msr Val="2.8017840169239308" ValTyp="Other" Col="UP_SMOOTH_RT" Row="2020-01-29" ColTyp="Other" RowTyp="Other"/>
  <Msr Val="0" ValTyp="Other" Col="VOL_CH_RT" Row="2020-01-29" ColTyp="Other" RowTyp="Other"/>
  <Msr Val="0.1991338033449253" ValTyp="Other" Col="VOL_REF" Row="2020-01-29" ColTyp="Other" RowTyp="Other"/>
  <Msr Val="_" ValTyp="Other" Col="FEEDCODE" Row="2020-01-29" ColTyp="Other" RowTyp="Other"/>
  <Msr Val="EUR-SIEGN.DE" ValTyp="Other" Col="NAME_ORC" Row="2019-01-29" ColTyp="Other" RowTyp="Other"/>
  <Msr Val="EUR-SIEGN.DE" ValTyp="Other" Col="NAME_MUREX" Row="2019-01-29" ColTyp="Other" RowTyp="Other"/>
  <Msr Val="2019-01-29" ValTyp="Other" Col="EXPIRY" Row="2019-01-29" ColTyp="Other" RowTyp="Other"/>
  <Msr Val="125" ValTyp="Other" Col="ATM_FWD" Row="2019-01-29" ColTyp="Other" RowTyp="Other"/>
  <Msr Val="125" ValTyp="Other" Col="REF_FWD" Row="2019-01-29" ColTyp="Other" RowTyp="Other"/>
  <Msr Val="0.3234429895367696" ValTyp="Other" Col="CALL_CURV" Row="2019-01-29" ColTyp="Other" RowTyp="Other"/>
  <Msr Val="-0.4307829160924542" ValTyp="Other" Col="DOWN_CUT" Row="2019-01-29" ColTyp="Other" RowTyp="Other"/>
  <Msr Val="3.40388862700099" ValTyp="Other" Col="DOWN_SMOOTH_RT" Row="2019-01-29" ColTyp="Other" RowTyp="Other"/>
  <Msr Val="0.0844238743079516" ValTyp="Other" Col="PUT_CURV" Row="2019-01-29" ColTyp="Other" RowTyp="Other"/>
  <Msr Val="0" ValTyp="Other" Col="SLOPE_CH_RT" Row="2019-01-29" ColTyp="Other" RowTyp="Other"/>
  <Msr Val="-0.0721341852610276" ValTyp="Other" Col="SLOPE_REF" Row="2019-01-29" ColTyp="Other" RowTyp="Other"/>
  <Msr Val="0" ValTyp="Other" Col="SLOPE_SWIMM_RT" Row="2019-01-29" ColTyp="Other" RowTyp="Other"/>
  <Msr Val="0.1823215567939546" ValTyp="Other" Col="UP_CUT" Row="2019-01-29" ColTyp="Other" RowTyp="Other"/>
  <Msr Val="2.8017840169239308" ValTyp="Other" Col="UP_SMOOTH_RT" Row="2019-01-29" ColTyp="Other" RowTyp="Other"/>
  <Msr Val="0" ValTyp="Other" Col="VOL_CH_RT" Row="2019-01-29" ColTyp="Other" RowTyp="Other"/>
  <Msr Val="0.1926545513974905" ValTyp="Other" Col="VOL_REF" Row="2019-01-29" ColTyp="Other" RowTyp="Other"/>
  <Msr Val="_" ValTyp="Other" Col="FEEDCODE" Row="2019-01-29" ColTyp="Other" RowTyp="Other"/>
  <Msr Val="EUR-SIEGN.DE" ValTyp="Other" Col="NAME_ORC" Row="2022-01-31" ColTyp="Other" RowTyp="Other"/>
  <Msr Val="EUR-SIEGN.DE" ValTyp="Other" Col="NAME_MUREX" Row="2022-01-31" ColTyp="Other" RowTyp="Other"/>
  <Msr Val="2022-01-31" ValTyp="Other" Col="EXPIRY" Row="2022-01-31" ColTyp="Other" RowTyp="Other"/>
  <Msr Val="125" ValTyp="Other" Col="ATM_FWD" Row="2022-01-31" ColTyp="Other" RowTyp="Other"/>
  <Msr Val="125" ValTyp="Other" Col="REF_FWD" Row="2022-01-31" ColTyp="Other" RowTyp="Other"/>
  <Msr Val="0.0560880487173701" ValTyp="Other" Col="CALL_CURV" Row="2022-01-31" ColTyp="Other" RowTyp="Other"/>
  <Msr Val="-0.4307829160924542" ValTyp="Other" Col="DOWN_CUT" Row="2022-01-31" ColTyp="Other" RowTyp="Other"/>
  <Msr Val="3.40388862700099" ValTyp="Other" Col="DOWN_SMOOTH_RT" Row="2022-01-31" ColTyp="Other" RowTyp="Other"/>
  <Msr Val="0.0053074580581242" ValTyp="Other" Col="PUT_CURV" Row="2022-01-31" ColTyp="Other" RowTyp="Other"/>
  <Msr Val="0" ValTyp="Other" Col="SLOPE_CH_RT" Row="2022-01-31" ColTyp="Other" RowTyp="Other"/>
  <Msr Val="-0.0409410240670697" ValTyp="Other" Col="SLOPE_REF" Row="2022-01-31" ColTyp="Other" RowTyp="Other"/>
  <Msr Val="0" ValTyp="Other" Col="SLOPE_SWIMM_RT" Row="2022-01-31" ColTyp="Other" RowTyp="Other"/>
  <Msr Val="0.1823215567939546" ValTyp="Other" Col="UP_CUT" Row="2022-01-31" ColTyp="Other" RowTyp="Other"/>
  <Msr Val="2.8017840169239308" ValTyp="Other" Col="UP_SMOOTH_RT" Row="2022-01-31" ColTyp="Other" RowTyp="Other"/>
  <Msr Val="0" ValTyp="Other" Col="VOL_CH_RT" Row="2022-01-31" ColTyp="Other" RowTyp="Other"/>
  <Msr Val="0.2062342707601064" ValTyp="Other" Col="VOL_REF" Row="2022-01-31" ColTyp="Other" RowTyp="Other"/>
  <Msr Val="_" ValTyp="Other" Col="FEEDCODE" Row="2022-01-31" ColTyp="Other" RowTyp="Other"/>
  <Msr Val="EUR-SIEGN.DE" ValTyp="Other" Col="NAME_ORC" Row="2023-01-30" ColTyp="Other" RowTyp="Other"/>
  <Msr Val="EUR-SIEGN.DE" ValTyp="Other" Col="NAME_MUREX" Row="2023-01-30" ColTyp="Other" RowTyp="Other"/>
  <Msr Val="2023-01-30" ValTyp="Other" Col="EXPIRY" Row="2023-01-30" ColTyp="Other" RowTyp="Other"/>
  <Msr Val="125" ValTyp="Other" Col="ATM_FWD" Row="2023-01-30" ColTyp="Other" RowTyp="Other"/>
  <Msr Val="125" ValTyp="Other" Col="REF_FWD" Row="2023-01-30" ColTyp="Other" RowTyp="Other"/>
  <Msr Val="0.034701959119357" ValTyp="Other" Col="CALL_CURV" Row="2023-01-30" ColTyp="Other" RowTyp="Other"/>
  <Msr Val="-0.4307829160924542" ValTyp="Other" Col="DOWN_CUT" Row="2023-01-30" ColTyp="Other" RowTyp="Other"/>
  <Msr Val="3.40388862700099" ValTyp="Other" Col="DOWN_SMOOTH_RT" Row="2023-01-30" ColTyp="Other" RowTyp="Other"/>
  <Msr Val="-0.0033268985811325" ValTyp="Other" Col="PUT_CURV" Row="2023-01-30" ColTyp="Other" RowTyp="Other"/>
  <Msr Val="0" ValTyp="Other" Col="SLOPE_CH_RT" Row="2023-01-30" ColTyp="Other" RowTyp="Other"/>
  <Msr Val="-0.037041878917825" ValTyp="Other" Col="SLOPE_REF" Row="2023-01-30" ColTyp="Other" RowTyp="Other"/>
  <Msr Val="0" ValTyp="Other" Col="SLOPE_SWIMM_RT" Row="2023-01-30" ColTyp="Other" RowTyp="Other"/>
  <Msr Val="0.1823215567939546" ValTyp="Other" Col="UP_CUT" Row="2023-01-30" ColTyp="Other" RowTyp="Other"/>
  <Msr Val="2.8017840169239308" ValTyp="Other" Col="UP_SMOOTH_RT" Row="2023-01-30" ColTyp="Other" RowTyp="Other"/>
  <Msr Val="0" ValTyp="Other" Col="VOL_CH_RT" Row="2023-01-30" ColTyp="Other" RowTyp="Other"/>
  <Msr Val="0.2079835990007514" ValTyp="Other" Col="VOL_REF" Row="2023-01-30" ColTyp="Other" RowTyp="Other"/>
  <Msr Val="_" ValTyp="Other" Col="FEEDCODE" Row="2023-01-30" ColTyp="Other" RowTyp="Other"/>
  <Msr Val="EUR-SIEGN.DE" ValTyp="Other" Col="NAME_ORC" Row="2028-01-31" ColTyp="Other" RowTyp="Other"/>
  <Msr Val="EUR-SIEGN.DE" ValTyp="Other" Col="NAME_MUREX" Row="2028-01-31" ColTyp="Other" RowTyp="Other"/>
  <Msr Val="2028-01-31" ValTyp="Other" Col="EXPIRY" Row="2028-01-31" ColTyp="Other" RowTyp="Other"/>
  <Msr Val="125" ValTyp="Other" Col="ATM_FWD" Row="2028-01-31" ColTyp="Other" RowTyp="Other"/>
  <Msr Val="125" ValTyp="Other" Col="REF_FWD" Row="2028-01-31" ColTyp="Other" RowTyp="Other"/>
  <Msr Val="-0.020103498081081" ValTyp="Other" Col="CALL_CURV" Row="2028-01-31" ColTyp="Other" RowTyp="Other"/>
  <Msr Val="-0.4307829160924542" ValTyp="Other" Col="DOWN_CUT" Row="2028-01-31" ColTyp="Other" RowTyp="Other"/>
  <Msr Val="3.40388862700099" ValTyp="Other" Col="DOWN_SMOOTH_RT" Row="2028-01-31" ColTyp="Other" RowTyp="Other"/>
  <Msr Val="-0.0105540487238729" ValTyp="Other" Col="PUT_CURV" Row="2028-01-31" ColTyp="Other" RowTyp="Other"/>
  <Msr Val="0" ValTyp="Other" Col="SLOPE_CH_RT" Row="2028-01-31" ColTyp="Other" RowTyp="Other"/>
  <Msr Val="-0.0292435886193355" ValTyp="Other" Col="SLOPE_REF" Row="2028-01-31" ColTyp="Other" RowTyp="Other"/>
  <Msr Val="0" ValTyp="Other" Col="SLOPE_SWIMM_RT" Row="2028-01-31" ColTyp="Other" RowTyp="Other"/>
  <Msr Val="0.1823215567939546" ValTyp="Other" Col="UP_CUT" Row="2028-01-31" ColTyp="Other" RowTyp="Other"/>
  <Msr Val="2.8017840169239308" ValTyp="Other" Col="UP_SMOOTH_RT" Row="2028-01-31" ColTyp="Other" RowTyp="Other"/>
  <Msr Val="0" ValTyp="Other" Col="VOL_CH_RT" Row="2028-01-31" ColTyp="Other" RowTyp="Other"/>
  <Msr Val="0.2116791885307995" ValTyp="Other" Col="VOL_REF" Row="2028-01-31" ColTyp="Other" RowTyp="Other"/>
  <Msr Val="_" ValTyp="Other" Col="FEEDCODE" Row="2028-01-31" ColTyp="Other" RowTyp="Other"/>
  <Msr Val="EUR-SIEGN.DE" ValTyp="Other" Col="NAME_ORC" Row="2018-10-29" ColTyp="Other" RowTyp="Other"/>
  <Msr Val="EUR-SIEGN.DE" ValTyp="Other" Col="NAME_MUREX" Row="2018-10-29" ColTyp="Other" RowTyp="Other"/>
  <Msr Val="2018-10-29" ValTyp="Other" Col="EXPIRY" Row="2018-10-29" ColTyp="Other" RowTyp="Other"/>
  <Msr Val="125" ValTyp="Other" Col="ATM_FWD" Row="2018-10-29" ColTyp="Other" RowTyp="Other"/>
  <Msr Val="125" ValTyp="Other" Col="REF_FWD" Row="2018-10-29" ColTyp="Other" RowTyp="Other"/>
  <Msr Val="0.3852774658545268" ValTyp="Other" Col="CALL_CURV" Row="2018-10-29" ColTyp="Other" RowTyp="Other"/>
  <Msr Val="-0.4307829160924542" ValTyp="Other" Col="DOWN_CUT" Row="2018-10-29" ColTyp="Other" RowTyp="Other"/>
  <Msr Val="3.40388862700099" ValTyp="Other" Col="DOWN_SMOOTH_RT" Row="2018-10-29" ColTyp="Other" RowTyp="Other"/>
  <Msr Val="0.113844960467013" ValTyp="Other" Col="PUT_CURV" Row="2018-10-29" ColTyp="Other" RowTyp="Other"/>
  <Msr Val="0" ValTyp="Other" Col="SLOPE_CH_RT" Row="2018-10-29" ColTyp="Other" RowTyp="Other"/>
  <Msr Val="-0.07408375783565" ValTyp="Other" Col="SLOPE_REF" Row="2018-10-29" ColTyp="Other" RowTyp="Other"/>
  <Msr Val="0" ValTyp="Other" Col="SLOPE_SWIMM_RT" Row="2018-10-29" ColTyp="Other" RowTyp="Other"/>
  <Msr Val="0.1823215567939546" ValTyp="Other" Col="UP_CUT" Row="2018-10-29" ColTyp="Other" RowTyp="Other"/>
  <Msr Val="2.8017840169239308" ValTyp="Other" Col="UP_SMOOTH_RT" Row="2018-10-29" ColTyp="Other" RowTyp="Other"/>
  <Msr Val="0" ValTyp="Other" Col="VOL_CH_RT" Row="2018-10-29" ColTyp="Other" RowTyp="Other"/>
  <Msr Val="0.1892691382556892" ValTyp="Other" Col="VOL_REF" Row="2018-10-29" ColTyp="Other" RowTyp="Other"/>
  <Msr Val="_" ValTyp="Other" Col="FEEDCODE" Row="2018-10-29" ColTyp="Other" RowTyp="Other"/>
  <Msr Val="EUR-SIEGN.DE" ValTyp="Other" Col="NAME_ORC" Row="2018-02-28" ColTyp="Other" RowTyp="Other"/>
  <Msr Val="EUR-SIEGN.DE" ValTyp="Other" Col="NAME_MUREX" Row="2018-02-28" ColTyp="Other" RowTyp="Other"/>
  <Msr Val="2018-02-28" ValTyp="Other" Col="EXPIRY" Row="2018-02-28" ColTyp="Other" RowTyp="Other"/>
  <Msr Val="125" ValTyp="Other" Col="ATM_FWD" Row="2018-02-28" ColTyp="Other" RowTyp="Other"/>
  <Msr Val="125" ValTyp="Other" Col="REF_FWD" Row="2018-02-28" ColTyp="Other" RowTyp="Other"/>
  <Msr Val="0.2366160396277854" ValTyp="Other" Col="CALL_CURV" Row="2018-02-28" ColTyp="Other" RowTyp="Other"/>
  <Msr Val="-0.4307829160924542" ValTyp="Other" Col="DOWN_CUT" Row="2018-02-28" ColTyp="Other" RowTyp="Other"/>
  <Msr Val="3.40388862700099" ValTyp="Other" Col="DOWN_SMOOTH_RT" Row="2018-02-28" ColTyp="Other" RowTyp="Other"/>
  <Msr Val="0.4936349178095598" ValTyp="Other" Col="PUT_CURV" Row="2018-02-28" ColTyp="Other" RowTyp="Other"/>
  <Msr Val="0" ValTyp="Other" Col="SLOPE_CH_RT" Row="2018-02-28" ColTyp="Other" RowTyp="Other"/>
  <Msr Val="-0.0233948708954684" ValTyp="Other" Col="SLOPE_REF" Row="2018-02-28" ColTyp="Other" RowTyp="Other"/>
  <Msr Val="0" ValTyp="Other" Col="SLOPE_SWIMM_RT" Row="2018-02-28" ColTyp="Other" RowTyp="Other"/>
  <Msr Val="0.1823215567939546" ValTyp="Other" Col="UP_CUT" Row="2018-02-28" ColTyp="Other" RowTyp="Other"/>
  <Msr Val="2.8017840169239308" ValTyp="Other" Col="UP_SMOOTH_RT" Row="2018-02-28" ColTyp="Other" RowTyp="Other"/>
  <Msr Val="0" ValTyp="Other" Col="VOL_CH_RT" Row="2018-02-28" ColTyp="Other" RowTyp="Other"/>
  <Msr Val="0.2003937884629797" ValTyp="Other" Col="VOL_REF" Row="2018-02-28" ColTyp="Other" RowTyp="Other"/>
  <Msr Val="_" ValTyp="Other" Col="FEEDCODE" Row="2018-02-28" ColTyp="Other" RowTyp="Other"/>
  <Msr Val="EUR-SIEGN.DE" ValTyp="Other" Col="NAME_ORC" Row="2018-07-30" ColTyp="Other" RowTyp="Other"/>
  <Msr Val="EUR-SIEGN.DE" ValTyp="Other" Col="NAME_MUREX" Row="2018-07-30" ColTyp="Other" RowTyp="Other"/>
  <Msr Val="2018-07-30" ValTyp="Other" Col="EXPIRY" Row="2018-07-30" ColTyp="Other" RowTyp="Other"/>
  <Msr Val="125" ValTyp="Other" Col="ATM_FWD" Row="2018-07-30" ColTyp="Other" RowTyp="Other"/>
  <Msr Val="125" ValTyp="Other" Col="REF_FWD" Row="2018-07-30" ColTyp="Other" RowTyp="Other"/>
  <Msr Val="0.4528007280841976" ValTyp="Other" Col="CALL_CURV" Row="2018-07-30" ColTyp="Other" RowTyp="Other"/>
  <Msr Val="-0.4307829160924542" ValTyp="Other" Col="DOWN_CUT" Row="2018-07-30" ColTyp="Other" RowTyp="Other"/>
  <Msr Val="3.40388862700099" ValTyp="Other" Col="DOWN_SMOOTH_RT" Row="2018-07-30" ColTyp="Other" RowTyp="Other"/>
  <Msr Val="0.1747979425299101" ValTyp="Other" Col="PUT_CURV" Row="2018-07-30" ColTyp="Other" RowTyp="Other"/>
  <Msr Val="0" ValTyp="Other" Col="SLOPE_CH_RT" Row="2018-07-30" ColTyp="Other" RowTyp="Other"/>
  <Msr Val="-0.0721341852610276" ValTyp="Other" Col="SLOPE_REF" Row="2018-07-30" ColTyp="Other" RowTyp="Other"/>
  <Msr Val="0" ValTyp="Other" Col="SLOPE_SWIMM_RT" Row="2018-07-30" ColTyp="Other" RowTyp="Other"/>
  <Msr Val="0.1823215567939546" ValTyp="Other" Col="UP_CUT" Row="2018-07-30" ColTyp="Other" RowTyp="Other"/>
  <Msr Val="2.8017840169239308" ValTyp="Other" Col="UP_SMOOTH_RT" Row="2018-07-30" ColTyp="Other" RowTyp="Other"/>
  <Msr Val="0" ValTyp="Other" Col="VOL_CH_RT" Row="2018-07-30" ColTyp="Other" RowTyp="Other"/>
  <Msr Val="0.1858550962749352" ValTyp="Other" Col="VOL_REF" Row="2018-07-30" ColTyp="Other" RowTyp="Other"/>
  <Msr Val="_" ValTyp="Other" Col="FEEDCODE" Row="2018-07-30" ColTyp="Other" RowTyp="Other"/>
  <Msr Val="EUR-SIEGN.DE" ValTyp="Other" Col="NAME_ORC" Row="2027-01-29" ColTyp="Other" RowTyp="Other"/>
  <Msr Val="EUR-SIEGN.DE" ValTyp="Other" Col="NAME_MUREX" Row="2027-01-29" ColTyp="Other" RowTyp="Other"/>
  <Msr Val="2027-01-29" ValTyp="Other" Col="EXPIRY" Row="2027-01-29" ColTyp="Other" RowTyp="Other"/>
  <Msr Val="125" ValTyp="Other" Col="ATM_FWD" Row="2027-01-29" ColTyp="Other" RowTyp="Other"/>
  <Msr Val="125" ValTyp="Other" Col="REF_FWD" Row="2027-01-29" ColTyp="Other" RowTyp="Other"/>
  <Msr Val="-0.017095178579978" ValTyp="Other" Col="CALL_CURV" Row="2027-01-29" ColTyp="Other" RowTyp="Other"/>
  <Msr Val="-0.4307829160924542" ValTyp="Other" Col="DOWN_CUT" Row="2027-01-29" ColTyp="Other" RowTyp="Other"/>
  <Msr Val="3.40388862700099" ValTyp="Other" Col="DOWN_SMOOTH_RT" Row="2027-01-29" ColTyp="Other" RowTyp="Other"/>
  <Msr Val="-0.0105540487238729" ValTyp="Other" Col="PUT_CURV" Row="2027-01-29" ColTyp="Other" RowTyp="Other"/>
  <Msr Val="0" ValTyp="Other" Col="SLOPE_CH_RT" Row="2027-01-29" ColTyp="Other" RowTyp="Other"/>
  <Msr Val="-0.0292435886193355" ValTyp="Other" Col="SLOPE_REF" Row="2027-01-29" ColTyp="Other" RowTyp="Other"/>
  <Msr Val="0" ValTyp="Other" Col="SLOPE_SWIMM_RT" Row="2027-01-29" ColTyp="Other" RowTyp="Other"/>
  <Msr Val="0.1823215567939546" ValTyp="Other" Col="UP_CUT" Row="2027-01-29" ColTyp="Other" RowTyp="Other"/>
  <Msr Val="2.8017840169239308" ValTyp="Other" Col="UP_SMOOTH_RT" Row="2027-01-29" ColTyp="Other" RowTyp="Other"/>
  <Msr Val="0" ValTyp="Other" Col="VOL_CH_RT" Row="2027-01-29" ColTyp="Other" RowTyp="Other"/>
  <Msr Val="0.2114398965075169" ValTyp="Other" Col="VOL_REF" Row="2027-01-29" ColTyp="Other" RowTyp="Other"/>
  <Msr Val="_" ValTyp="Other" Col="FEEDCODE" Row="2027-01-29" ColTyp="Other" RowTyp="Other"/>
  <Msr Val="EUR-SIEGN.DE" ValTyp="Other" Col="NAME_ORC" Row="2026-01-29" ColTyp="Other" RowTyp="Other"/>
  <Msr Val="EUR-SIEGN.DE" ValTyp="Other" Col="NAME_MUREX" Row="2026-01-29" ColTyp="Other" RowTyp="Other"/>
  <Msr Val="2026-01-29" ValTyp="Other" Col="EXPIRY" Row="2026-01-29" ColTyp="Other" RowTyp="Other"/>
  <Msr Val="125" ValTyp="Other" Col="ATM_FWD" Row="2026-01-29" ColTyp="Other" RowTyp="Other"/>
  <Msr Val="125" ValTyp="Other" Col="REF_FWD" Row="2026-01-29" ColTyp="Other" RowTyp="Other"/>
  <Msr Val="-0.014086859078875" ValTyp="Other" Col="CALL_CURV" Row="2026-01-29" ColTyp="Other" RowTyp="Other"/>
  <Msr Val="-0.4307829160924542" ValTyp="Other" Col="DOWN_CUT" Row="2026-01-29" ColTyp="Other" RowTyp="Other"/>
  <Msr Val="3.40388862700099" ValTyp="Other" Col="DOWN_SMOOTH_RT" Row="2026-01-29" ColTyp="Other" RowTyp="Other"/>
  <Msr Val="-0.0105540487238729" ValTyp="Other" Col="PUT_CURV" Row="2026-01-29" ColTyp="Other" RowTyp="Other"/>
  <Msr Val="0" ValTyp="Other" Col="SLOPE_CH_RT" Row="2026-01-29" ColTyp="Other" RowTyp="Other"/>
  <Msr Val="-0.0292435886193355" ValTyp="Other" Col="SLOPE_REF" Row="2026-01-29" ColTyp="Other" RowTyp="Other"/>
  <Msr Val="0" ValTyp="Other" Col="SLOPE_SWIMM_RT" Row="2026-01-29" ColTyp="Other" RowTyp="Other"/>
  <Msr Val="0.1823215567939546" ValTyp="Other" Col="UP_CUT" Row="2026-01-29" ColTyp="Other" RowTyp="Other"/>
  <Msr Val="2.8017840169239308" ValTyp="Other" Col="UP_SMOOTH_RT" Row="2026-01-29" ColTyp="Other" RowTyp="Other"/>
  <Msr Val="0" ValTyp="Other" Col="VOL_CH_RT" Row="2026-01-29" ColTyp="Other" RowTyp="Other"/>
  <Msr Val="0.2110420845087449" ValTyp="Other" Col="VOL_REF" Row="2026-01-29" ColTyp="Other" RowTyp="Other"/>
  <Msr Val="_" ValTyp="Other" Col="FEEDCODE" Row="2026-01-29" ColTyp="Other" RowTyp="Other"/>
  <Msr Val="EUR-SIEGN.DE" ValTyp="Other" Col="NAME_ORC" Row="2024-01-29" ColTyp="Other" RowTyp="Other"/>
  <Msr Val="EUR-SIEGN.DE" ValTyp="Other" Col="NAME_MUREX" Row="2024-01-29" ColTyp="Other" RowTyp="Other"/>
  <Msr Val="2024-01-29" ValTyp="Other" Col="EXPIRY" Row="2024-01-29" ColTyp="Other" RowTyp="Other"/>
  <Msr Val="125" ValTyp="Other" Col="ATM_FWD" Row="2024-01-29" ColTyp="Other" RowTyp="Other"/>
  <Msr Val="125" ValTyp="Other" Col="REF_FWD" Row="2024-01-29" ColTyp="Other" RowTyp="Other"/>
  <Msr Val="0.0179922753181446" ValTyp="Other" Col="CALL_CURV" Row="2024-01-29" ColTyp="Other" RowTyp="Other"/>
  <Msr Val="-0.4307829160924542" ValTyp="Other" Col="DOWN_CUT" Row="2024-01-29" ColTyp="Other" RowTyp="Other"/>
  <Msr Val="3.40388862700099" ValTyp="Other" Col="DOWN_SMOOTH_RT" Row="2024-01-29" ColTyp="Other" RowTyp="Other"/>
  <Msr Val="-0.0126648584686475" ValTyp="Other" Col="PUT_CURV" Row="2024-01-29" ColTyp="Other" RowTyp="Other"/>
  <Msr Val="0" ValTyp="Other" Col="SLOPE_CH_RT" Row="2024-01-29" ColTyp="Other" RowTyp="Other"/>
  <Msr Val="-0.0350923063432026" ValTyp="Other" Col="SLOPE_REF" Row="2024-01-29" ColTyp="Other" RowTyp="Other"/>
  <Msr Val="0" ValTyp="Other" Col="SLOPE_SWIMM_RT" Row="2024-01-29" ColTyp="Other" RowTyp="Other"/>
  <Msr Val="0.1823215567939546" ValTyp="Other" Col="UP_CUT" Row="2024-01-29" ColTyp="Other" RowTyp="Other"/>
  <Msr Val="2.8017840169239308" ValTyp="Other" Col="UP_SMOOTH_RT" Row="2024-01-29" ColTyp="Other" RowTyp="Other"/>
  <Msr Val="0" ValTyp="Other" Col="VOL_CH_RT" Row="2024-01-29" ColTyp="Other" RowTyp="Other"/>
  <Msr Val="0.209169919857854" ValTyp="Other" Col="VOL_REF" Row="2024-01-29" ColTyp="Other" RowTyp="Other"/>
  <Msr Val="_" ValTyp="Other" Col="FEEDCODE" Row="2024-01-29" ColTyp="Other" RowTyp="Other"/>
  <Msr Val="EUR-SIEGN.DE" ValTyp="Other" Col="NAME_ORC" Row="2025-01-29" ColTyp="Other" RowTyp="Other"/>
  <Msr Val="EUR-SIEGN.DE" ValTyp="Other" Col="NAME_MUREX" Row="2025-01-29" ColTyp="Other" RowTyp="Other"/>
  <Msr Val="2025-01-29" ValTyp="Other" Col="EXPIRY" Row="2025-01-29" ColTyp="Other" RowTyp="Other"/>
  <Msr Val="125" ValTyp="Other" Col="ATM_FWD" Row="2025-01-29" ColTyp="Other" RowTyp="Other"/>
  <Msr Val="125" ValTyp="Other" Col="REF_FWD" Row="2025-01-29" ColTyp="Other" RowTyp="Other"/>
  <Msr Val="0.004290911018035" ValTyp="Other" Col="CALL_CURV" Row="2025-01-29" ColTyp="Other" RowTyp="Other"/>
  <Msr Val="-0.4307829160924542" ValTyp="Other" Col="DOWN_CUT" Row="2025-01-29" ColTyp="Other" RowTyp="Other"/>
  <Msr Val="3.40388862700099" ValTyp="Other" Col="DOWN_SMOOTH_RT" Row="2025-01-29" ColTyp="Other" RowTyp="Other"/>
  <Msr Val="-0.0119612552203893" ValTyp="Other" Col="PUT_CURV" Row="2025-01-29" ColTyp="Other" RowTyp="Other"/>
  <Msr Val="0" ValTyp="Other" Col="SLOPE_CH_RT" Row="2025-01-29" ColTyp="Other" RowTyp="Other"/>
  <Msr Val="-0.0331427337685802" ValTyp="Other" Col="SLOPE_REF" Row="2025-01-29" ColTyp="Other" RowTyp="Other"/>
  <Msr Val="0" ValTyp="Other" Col="SLOPE_SWIMM_RT" Row="2025-01-29" ColTyp="Other" RowTyp="Other"/>
  <Msr Val="0.1823215567939546" ValTyp="Other" Col="UP_CUT" Row="2025-01-29" ColTyp="Other" RowTyp="Other"/>
  <Msr Val="2.8017840169239308" ValTyp="Other" Col="UP_SMOOTH_RT" Row="2025-01-29" ColTyp="Other" RowTyp="Other"/>
  <Msr Val="0" ValTyp="Other" Col="VOL_CH_RT" Row="2025-01-29" ColTyp="Other" RowTyp="Other"/>
  <Msr Val="0.210056557768198" ValTyp="Other" Col="VOL_REF" Row="2025-01-29" ColTyp="Other" RowTyp="Other"/>
  <Msr Val="_" ValTyp="Other" Col="FEEDCODE" Row="2025-01-29" ColTyp="Other" RowTyp="Other"/>
  <Msr Val="EUR-SIEGN.DE" ValTyp="Other" Col="NAME_ORC" Row="2018-04-30" ColTyp="Other" RowTyp="Other"/>
  <Msr Val="EUR-SIEGN.DE" ValTyp="Other" Col="NAME_MUREX" Row="2018-04-30" ColTyp="Other" RowTyp="Other"/>
  <Msr Val="2018-04-30" ValTyp="Other" Col="EXPIRY" Row="2018-04-30" ColTyp="Other" RowTyp="Other"/>
  <Msr Val="125" ValTyp="Other" Col="ATM_FWD" Row="2018-04-30" ColTyp="Other" RowTyp="Other"/>
  <Msr Val="125" ValTyp="Other" Col="REF_FWD" Row="2018-04-30" ColTyp="Other" RowTyp="Other"/>
  <Msr Val="0.4063645232064842" ValTyp="Other" Col="CALL_CURV" Row="2018-04-30" ColTyp="Other" RowTyp="Other"/>
  <Msr Val="-0.4307829160924542" ValTyp="Other" Col="DOWN_CUT" Row="2018-04-30" ColTyp="Other" RowTyp="Other"/>
  <Msr Val="3.40388862700099" ValTyp="Other" Col="DOWN_SMOOTH_RT" Row="2018-04-30" ColTyp="Other" RowTyp="Other"/>
  <Msr Val="0.2808423998737072" ValTyp="Other" Col="PUT_CURV" Row="2018-04-30" ColTyp="Other" RowTyp="Other"/>
  <Msr Val="0" ValTyp="Other" Col="SLOPE_CH_RT" Row="2018-04-30" ColTyp="Other" RowTyp="Other"/>
  <Msr Val="-0.0565376046640486" ValTyp="Other" Col="SLOPE_REF" Row="2018-04-30" ColTyp="Other" RowTyp="Other"/>
  <Msr Val="0" ValTyp="Other" Col="SLOPE_SWIMM_RT" Row="2018-04-30" ColTyp="Other" RowTyp="Other"/>
  <Msr Val="0.1823215567939546" ValTyp="Other" Col="UP_CUT" Row="2018-04-30" ColTyp="Other" RowTyp="Other"/>
  <Msr Val="2.8017840169239308" ValTyp="Other" Col="UP_SMOOTH_RT" Row="2018-04-30" ColTyp="Other" RowTyp="Other"/>
  <Msr Val="0" ValTyp="Other" Col="VOL_CH_RT" Row="2018-04-30" ColTyp="Other" RowTyp="Other"/>
  <Msr Val="0.1804552268261823" ValTyp="Other" Col="VOL_REF" Row="2018-04-30" ColTyp="Other" RowTyp="Other"/>
  <Msr Val="_" ValTyp="Other" Col="FEEDCODE" Row="2018-04-30" ColTyp="Other" RowTyp="Other"/>
</Mtrx>

  <Mtrx Name="EUR-SIEGN.DE">
                    
    <Msr Col="VOL" ColTyp="Other" Row="2018-02-16" RowTyp="Other" Val="0.2125" ValTyp="Other"/>
                    
    <Msr Col="STRIKE" ColTyp="Other" Row="2018-02-16" RowTyp="Other" Val="125" ValTyp="Other"/>
                    
    <Msr Col="VOL" ColTyp="Other" Row="2018-04-20" RowTyp="Other" Val="0.18" ValTyp="Other"/>
                    
    <Msr Col="STRIKE" ColTyp="Other" Row="2018-04-20" RowTyp="Other" Val="125" ValTyp="Other"/>
                    
    <Msr Col="VOL" ColTyp="Other" Row="2023-12-15" RowTyp="Other" Val="0.2090602638114708" ValTyp="Other"/>
                    
    <Msr Col="STRIKE" ColTyp="Other" Row="2023-12-15" RowTyp="Other" Val="125" ValTyp="Other"/>
                    
    <Msr Col="VOL" ColTyp="Other" Row="2022-12-16" RowTyp="Other" Val="0.2078276210703938" ValTyp="Other"/>
                    
    <Msr Col="STRIKE" ColTyp="Other" Row="2022-12-16" RowTyp="Other" Val="125" ValTyp="Other"/>
                    
    <Msr Col="VOL" ColTyp="Other" Row="2021-12-17" RowTyp="Other" Val="0.206" ValTyp="Other"/>
                    
    <Msr Col="STRIKE" ColTyp="Other" Row="2021-12-17" RowTyp="Other" Val="125" ValTyp="Other"/>
                    
    <Msr Col="VOL" ColTyp="Other" Row="2020-12-18" RowTyp="Other" Val="0.203" ValTyp="Other"/>
                    
    <Msr Col="STRIKE" ColTyp="Other" Row="2020-12-18" RowTyp="Other" Val="125" ValTyp="Other"/>
                    
    <Msr Col="VOL" ColTyp="Other" Row="2026-12-18" RowTyp="Other" Val="0.2114118077601382" ValTyp="Other"/>
                    
    <Msr Col="STRIKE" ColTyp="Other" Row="2026-12-18" RowTyp="Other" Val="125" ValTyp="Other"/>
                    
    <Msr Col="VOL" ColTyp="Other" Row="2025-12-19" RowTyp="Other" Val="0.2109935042263252" ValTyp="Other"/>
                    
    <Msr Col="STRIKE" ColTyp="Other" Row="2025-12-19" RowTyp="Other" Val="125" ValTyp="Other"/>
                    
    <Msr Col="VOL" ColTyp="Other" Row="2018-06-15" RowTyp="Other" Val="0.184" ValTyp="Other"/>
                    
    <Msr Col="STRIKE" ColTyp="Other" Row="2018-06-15" RowTyp="Other" Val="125" ValTyp="Other"/>
                    
    <Msr Col="VOL" ColTyp="Other" Row="2024-12-20" RowTyp="Other" Val="0.2099422110030221" ValTyp="Other"/>
                    
    <Msr Col="STRIKE" ColTyp="Other" Row="2024-12-20" RowTyp="Other" Val="125" ValTyp="Other"/>
                    
    <Msr Col="VOL" ColTyp="Other" Row="2019-06-21" RowTyp="Other" Val="0.1965" ValTyp="Other"/>
                    
    <Msr Col="STRIKE" ColTyp="Other" Row="2019-06-21" RowTyp="Other" Val="125" ValTyp="Other"/>
                    
    <Msr Col="VOL" ColTyp="Other" Row="2018-03-16" RowTyp="Other" Val="0.19" ValTyp="Other"/>
                    
    <Msr Col="STRIKE" ColTyp="Other" Row="2018-03-16" RowTyp="Other" Val="125" ValTyp="Other"/>
                    
    <Msr Col="VOL" ColTyp="Other" Row="2018-12-21" RowTyp="Other" Val="0.1915" ValTyp="Other"/>
                    
    <Msr Col="STRIKE" ColTyp="Other" Row="2018-12-21" RowTyp="Other" Val="125" ValTyp="Other"/>
                    
    <Msr Col="VOL" ColTyp="Other" Row="2019-12-20" RowTyp="Other" Val="0.1985" ValTyp="Other"/>
                    
    <Msr Col="STRIKE" ColTyp="Other" Row="2019-12-20" RowTyp="Other" Val="125" ValTyp="Other"/>
                    
    <Msr Col="VOL" ColTyp="Other" Row="2019-03-15" RowTyp="Other" Val="0.194" ValTyp="Other"/>
                    
    <Msr Col="STRIKE" ColTyp="Other" Row="2019-03-15" RowTyp="Other" Val="125" ValTyp="Other"/>
                    
    <Msr Col="VOL" ColTyp="Other" Row="2028-12-15" RowTyp="Other" Val="0.2118561523279082" ValTyp="Other"/>
                    
    <Msr Col="STRIKE" ColTyp="Other" Row="2028-12-15" RowTyp="Other" Val="125" ValTyp="Other"/>
                    
    <Msr Col="VOL" ColTyp="Other" Row="2018-09-21" RowTyp="Other" Val="0.1875" ValTyp="Other"/>
                    
    <Msr Col="STRIKE" ColTyp="Other" Row="2018-09-21" RowTyp="Other" Val="125" ValTyp="Other"/>
             
    <Undly PxStrctTyp="EQ_ATM_VOL" IssuDtTm="2018-01-29" LastUpdateTm="--"/>
  </Mtrx>
<Pnt Name="EUR-SIEGN.DE">
  <Undly PxStrctTyp="EQ_SPOT" IssuDtTm="2018-01-29" LastUpdateTm="2018-01-29"/>
  <Msr Val="121.72" ValTyp="Other" MktDataTyp="MID"/>
</Pnt>

<Pnt Name="EUR-SIEGN.DE">
  <Undly PxStrctTyp="EQ_LIQUIDITY" IssuDtTm="2018-01-29" LastUpdateTm="2018-01-29"/>
  <Msr Val="170000000" ValTyp="Other" MktDataTyp="MID"/>
</Pnt>


</Mkt>
