
<Mkt>

<Pnt Name="USD-BIIB.O">
  <Undly ID="KOSPI 200 IND" PxStrctTyp="EQ_CORRELATION" IssuDtTm="2018-01-29" LastUpdateTm="2018-01-24"/>
  <Msr Val="0.464146552084581" ValTyp="Other" MktDataTyp="ASK"/>
</Pnt>


<Pnt Name="USD-ABT.N">
  <Undly ID="KOSPI 200 IND" PxStrctTyp="EQ_CORRELATION" IssuDtTm="2018-01-29" LastUpdateTm="2018-01-24"/>
  <Msr Val="0.469287489028138" ValTyp="Other" MktDataTyp="ASK"/>
</Pnt>


<Pnt Name="CHF-ADEN.S">
  <Undly ID="KOSPI 200 IND" PxStrctTyp="EQ_CORRELATION" IssuDtTm="2018-01-29" LastUpdateTm="2018-01-24"/>
  <Msr Val="0.593320661358979" ValTyp="Other" MktDataTyp="ASK"/>
</Pnt>


<Pnt Name="USD-UTX.N">
  <Undly ID="KOSPI 200 IND" PxStrctTyp="EQ_CORRELATION" IssuDtTm="2018-01-29" LastUpdateTm="2018-01-17"/>
  <Msr Val="0.518809805675321" ValTyp="Other" MktDataTyp="ASK"/>
</Pnt>


<Pnt Name="USD-KO.N">
  <Undly ID="KOSPI 200 IND" PxStrctTyp="EQ_CORRELATION" IssuDtTm="2018-01-29" LastUpdateTm="2018-01-24"/>
  <Msr Val="0.419894103094582" ValTyp="Other" MktDataTyp="ASK"/>
</Pnt>


<Pnt Name="USD-CL.N">
  <Undly ID="KOSPI 200 IND" PxStrctTyp="EQ_CORRELATION" IssuDtTm="2018-01-29" LastUpdateTm="2018-01-24"/>
  <Msr Val="0.418858397355826" ValTyp="Other" MktDataTyp="ASK"/>
</Pnt>


<Pnt Name="USD-PXD.N">
  <Undly ID="KOSPI 200 IND" PxStrctTyp="EQ_CORRELATION" IssuDtTm="2018-01-29" LastUpdateTm="2018-01-24"/>
  <Msr Val="0.433361187062083" ValTyp="Other" MktDataTyp="ASK"/>
</Pnt>


<Pnt Name="EUR-REP.MC">
  <Undly ID="KOSPI 200 IND" PxStrctTyp="EQ_CORRELATION" IssuDtTm="2018-01-29" LastUpdateTm="2018-01-24"/>
  <Msr Val="0.593209006236125" ValTyp="Other" MktDataTyp="ASK"/>
</Pnt>


<Pnt Name="USD-AAL.OQ">
  <Undly ID="KOSPI 200 IND" PxStrctTyp="EQ_CORRELATION" IssuDtTm="2018-01-29" LastUpdateTm="2018-01-24"/>
  <Msr Val="0.464444036211815" ValTyp="Other" MktDataTyp="ASK"/>
</Pnt>


<Pnt Name="JPY-NIKKEI 225">
  <Undly ID="KOSPI 200 IND" PxStrctTyp="EQ_CORRELATION" IssuDtTm="2018-01-29" LastUpdateTm="2018-01-24"/>
  <Msr Val="0.690027397260274" ValTyp="Other" MktDataTyp="ASK"/>
</Pnt>


<Pnt Name="EUR-FTE.PA">
  <Undly ID="KOSPI 200 IND" PxStrctTyp="EQ_CORRELATION" IssuDtTm="2018-01-29" LastUpdateTm="2018-01-24"/>
  <Msr Val="0.534216769864188" ValTyp="Other" MktDataTyp="ASK"/>
</Pnt>


<Pnt Name="USD-PRU.N">
  <Undly ID="KOSPI 200 IND" PxStrctTyp="EQ_CORRELATION" IssuDtTm="2018-01-29" LastUpdateTm="2018-01-24"/>
  <Msr Val="0.475075983274819" ValTyp="Other" MktDataTyp="ASK"/>
</Pnt>


<Pnt Name="USD-CVX.N">
  <Undly ID="KOSPI 200 IND" PxStrctTyp="EQ_CORRELATION" IssuDtTm="2018-01-29" LastUpdateTm="2018-01-24"/>
  <Msr Val="0.503348415263059" ValTyp="Other" MktDataTyp="ASK"/>
</Pnt>


<Pnt Name="USD-M.N">
  <Undly ID="KOSPI 200 IND" PxStrctTyp="EQ_CORRELATION" IssuDtTm="2018-01-29" LastUpdateTm="2018-01-24"/>
  <Msr Val="0.428748961046572" ValTyp="Other" MktDataTyp="ASK"/>
</Pnt>


<Pnt Name="USD-PFE.N">
  <Undly ID="KOSPI 200 IND" PxStrctTyp="EQ_CORRELATION" IssuDtTm="2018-01-29" LastUpdateTm="2018-01-24"/>
  <Msr Val="0.460251537555281" ValTyp="Other" MktDataTyp="ASK"/>
</Pnt>


<Pnt Name="GBP-AAL.L">
  <Undly ID="KOSPI 200 IND" PxStrctTyp="EQ_CORRELATION" IssuDtTm="2018-01-29" LastUpdateTm="2018-01-24"/>
  <Msr Val="0.496973254102959" ValTyp="Other" MktDataTyp="ASK"/>
</Pnt>


<Pnt Name="EUR-CBKG.DE">
  <Undly ID="KOSPI 200 IND" PxStrctTyp="EQ_CORRELATION" IssuDtTm="2018-01-29" LastUpdateTm="2018-01-24"/>
  <Msr Val="0.510159887157017" ValTyp="Other" MktDataTyp="ASK"/>
</Pnt>


<Pnt Name="EUR-SAPG.DE">
  <Undly ID="KOSPI 200 IND" PxStrctTyp="EQ_CORRELATION" IssuDtTm="2018-01-29" LastUpdateTm="2018-01-24"/>
  <Msr Val="0.540869011010533" ValTyp="Other" MktDataTyp="ASK"/>
</Pnt>


<Pnt Name="USD-WFC.N">
  <Undly ID="KOSPI 200 IND" PxStrctTyp="EQ_CORRELATION" IssuDtTm="2018-01-29" LastUpdateTm="2018-01-17"/>
  <Msr Val="0.470558748176133" ValTyp="Other" MktDataTyp="ASK"/>
</Pnt>


<Pnt Name="USD-CX.N">
  <Undly ID="KOSPI 200 IND" PxStrctTyp="EQ_CORRELATION" IssuDtTm="2018-01-29" LastUpdateTm="2018-01-24"/>
  <Msr Val="0.500700572489188" ValTyp="Other" MktDataTyp="ASK"/>
</Pnt>


<Pnt Name="USD-CAT.N">
  <Undly ID="KOSPI 200 IND" PxStrctTyp="EQ_CORRELATION" IssuDtTm="2018-01-29" LastUpdateTm="2018-01-24"/>
  <Msr Val="0.542588381017026" ValTyp="Other" MktDataTyp="ASK"/>
</Pnt>


<Pnt Name="USD-SO.N">
  <Undly ID="KOSPI 200 IND" PxStrctTyp="EQ_CORRELATION" IssuDtTm="2018-01-29" LastUpdateTm="2018-01-17"/>
  <Msr Val="0.347164770417549" ValTyp="Other" MktDataTyp="ASK"/>
</Pnt>


<Pnt Name="EUR-PHG.AS">
  <Undly ID="KOSPI 200 IND" PxStrctTyp="EQ_CORRELATION" IssuDtTm="2018-01-29" LastUpdateTm="2018-01-24"/>
  <Msr Val="0.57834191075324" ValTyp="Other" MktDataTyp="ASK"/>
</Pnt>


<Pnt Name="EUR-ISPA.AS">
  <Undly ID="KOSPI 200 IND" PxStrctTyp="EQ_CORRELATION" IssuDtTm="2018-01-29" LastUpdateTm="2018-01-24"/>
  <Msr Val="0.530657149219571" ValTyp="Other" MktDataTyp="ASK"/>
</Pnt>


<Pnt Name="USD-TWTR.N">
  <Undly ID="KOSPI 200 IND" PxStrctTyp="EQ_CORRELATION" IssuDtTm="2018-01-29" LastUpdateTm="2018-01-17"/>
  <Msr Val="0.401626603333064" ValTyp="Other" MktDataTyp="ASK"/>
</Pnt>


<Pnt Name="SEK-OMX INDEX">
  <Undly ID="KOSPI 200 IND" PxStrctTyp="EQ_CORRELATION" IssuDtTm="2018-01-29" LastUpdateTm="2018-01-24"/>
  <Msr Val="0.715295516509701" ValTyp="Other" MktDataTyp="ASK"/>
</Pnt>


<Pnt Name="GBP-GSK.L">
  <Undly ID="KOSPI 200 IND" PxStrctTyp="EQ_CORRELATION" IssuDtTm="2018-01-29" LastUpdateTm="2018-01-24"/>
  <Msr Val="0.459029775994786" ValTyp="Other" MktDataTyp="ASK"/>
</Pnt>


<Pnt Name="USD-XLF.N">
  <Undly ID="KOSPI 200 IND" PxStrctTyp="EQ_CORRELATION" IssuDtTm="2018-01-29" LastUpdateTm="2018-01-17"/>
  <Msr Val="0.631147907784889" ValTyp="Other" MktDataTyp="ASK"/>
</Pnt>


<Pnt Name="EUROSTOXX BANK">
  <Undly ID="KOSPI 200 IND" PxStrctTyp="EQ_CORRELATION" IssuDtTm="2018-01-29" LastUpdateTm="2018-01-24"/>
  <Msr Val="0.683758809812342" ValTyp="Other" MktDataTyp="ASK"/>
</Pnt>


<Pnt Name="USD-XLB.N">
  <Undly ID="KOSPI 200 IND" PxStrctTyp="EQ_CORRELATION" IssuDtTm="2018-01-29" LastUpdateTm="2018-01-17"/>
  <Msr Val="0.650693959587649" ValTyp="Other" MktDataTyp="ASK"/>
</Pnt>


<Pnt Name="USD-EWJ.N">
  <Undly ID="KOSPI 200 IND" PxStrctTyp="EQ_CORRELATION" IssuDtTm="2018-01-29" LastUpdateTm="2018-01-24"/>
  <Msr Val="0.675099886577055" ValTyp="Other" MktDataTyp="ASK"/>
</Pnt>


<Pnt Name="CHF-SLHN.S">
  <Undly ID="KOSPI 200 IND" PxStrctTyp="EQ_CORRELATION" IssuDtTm="2018-01-29" LastUpdateTm="2018-01-24"/>
  <Msr Val="0.585854598693406" ValTyp="Other" MktDataTyp="ASK"/>
</Pnt>


<Pnt Name="USD-MWD.N">
  <Undly ID="KOSPI 200 IND" PxStrctTyp="EQ_CORRELATION" IssuDtTm="2018-01-29" LastUpdateTm="2018-01-24"/>
  <Msr Val="0.485078769169152" ValTyp="Other" MktDataTyp="ASK"/>
</Pnt>


<Pnt Name="USD-MA.N">
  <Undly ID="KOSPI 200 IND" PxStrctTyp="EQ_CORRELATION" IssuDtTm="2018-01-29" LastUpdateTm="2018-01-24"/>
  <Msr Val="0.494221728037334" ValTyp="Other" MktDataTyp="ASK"/>
</Pnt>


<Pnt Name="USD-GILD.O">
  <Undly ID="KOSPI 200 IND" PxStrctTyp="EQ_CORRELATION" IssuDtTm="2018-01-29" LastUpdateTm="2018-01-24"/>
  <Msr Val="0.418516167547025" ValTyp="Other" MktDataTyp="ASK"/>
</Pnt>


<Pnt Name="CHF-UHR.S">
  <Undly ID="KOSPI 200 IND" PxStrctTyp="EQ_CORRELATION" IssuDtTm="2018-01-29" LastUpdateTm="2018-01-24"/>
  <Msr Val="0.526583402073058" ValTyp="Other" MktDataTyp="ASK"/>
</Pnt>


<Pnt Name="USD-K.N">
  <Undly ID="KOSPI 200 IND" PxStrctTyp="EQ_CORRELATION" IssuDtTm="2018-01-29" LastUpdateTm="2018-01-24"/>
  <Msr Val="0.404405592270203" ValTyp="Other" MktDataTyp="ASK"/>
</Pnt>


<Pnt Name="USD-BLK.N">
  <Undly ID="KOSPI 200 IND" PxStrctTyp="EQ_CORRELATION" IssuDtTm="2018-01-29" LastUpdateTm="2018-01-24"/>
  <Msr Val="0.5513188774029" ValTyp="Other" MktDataTyp="ASK"/>
</Pnt>


<Pnt Name="USD-EWW.N">
  <Undly ID="KOSPI 200 IND" PxStrctTyp="EQ_CORRELATION" IssuDtTm="2018-01-29" LastUpdateTm="2018-01-24"/>
  <Msr Val="0.743762847618007" ValTyp="Other" MktDataTyp="ASK"/>
</Pnt>


<Pnt Name="USD-YHOO.O">
  <Undly ID="KOSPI 200 IND" PxStrctTyp="EQ_CORRELATION" IssuDtTm="2018-01-29" LastUpdateTm="2017-10-16"/>
  <Msr Val="0.55219911956487" ValTyp="Other" MktDataTyp="ASK"/>
</Pnt>


<Pnt Name="USD-CRM.N">
  <Undly ID="KOSPI 200 IND" PxStrctTyp="EQ_CORRELATION" IssuDtTm="2018-01-29" LastUpdateTm="2018-01-24"/>
  <Msr Val="0.440901631808231" ValTyp="Other" MktDataTyp="ASK"/>
</Pnt>


<Pnt Name="USD-EEM.N">
  <Undly ID="KOSPI 200 IND" PxStrctTyp="EQ_CORRELATION" IssuDtTm="2018-01-29" LastUpdateTm="2018-01-24"/>
  <Msr Val="0.813392696110929" ValTyp="Other" MktDataTyp="ASK"/>
</Pnt>


<Pnt Name="USD-HESS.N">
  <Undly ID="KOSPI 200 IND" PxStrctTyp="EQ_CORRELATION" IssuDtTm="2018-01-29" LastUpdateTm="2018-01-24"/>
  <Msr Val="0.51123658664423" ValTyp="Other" MktDataTyp="ASK"/>
</Pnt>


<Pnt Name="USD-AXP.N">
  <Undly ID="KOSPI 200 IND" PxStrctTyp="EQ_CORRELATION" IssuDtTm="2018-01-29" LastUpdateTm="2018-01-24"/>
  <Msr Val="0.478263979619108" ValTyp="Other" MktDataTyp="ASK"/>
</Pnt>


<Pnt Name="EUR-HEIN.AS">
  <Undly ID="KOSPI 200 IND" PxStrctTyp="EQ_CORRELATION" IssuDtTm="2018-01-29" LastUpdateTm="2018-01-24"/>
  <Msr Val="0.52346196300291" ValTyp="Other" MktDataTyp="ASK"/>
</Pnt>


<Pnt Name="USD-ADP.O">
  <Undly ID="KOSPI 200 IND" PxStrctTyp="EQ_CORRELATION" IssuDtTm="2018-01-29" LastUpdateTm="2018-01-24"/>
  <Msr Val="0.462848949040107" ValTyp="Other" MktDataTyp="ASK"/>
</Pnt>


<Pnt Name="USD-MO.N">
  <Undly ID="KOSPI 200 IND" PxStrctTyp="EQ_CORRELATION" IssuDtTm="2018-01-29" LastUpdateTm="2018-01-24"/>
  <Msr Val="0.375031239107947" ValTyp="Other" MktDataTyp="ASK"/>
</Pnt>


<Pnt Name="USD-CMCSA.O">
  <Undly ID="KOSPI 200 IND" PxStrctTyp="EQ_CORRELATION" IssuDtTm="2018-01-29" LastUpdateTm="2018-01-24"/>
  <Msr Val="0.419843386918962" ValTyp="Other" MktDataTyp="ASK"/>
</Pnt>


<Pnt Name="USD-POT.N">
  <Undly ID="KOSPI 200 IND" PxStrctTyp="EQ_CORRELATION" IssuDtTm="2018-01-29" LastUpdateTm="2018-01-24"/>
  <Msr Val="0.489139538298881" ValTyp="Other" MktDataTyp="ASK"/>
</Pnt>


<Pnt Name="USD-MSFT.O">
  <Undly ID="KOSPI 200 IND" PxStrctTyp="EQ_CORRELATION" IssuDtTm="2018-01-29" LastUpdateTm="2018-01-24"/>
  <Msr Val="0.489956483339987" ValTyp="Other" MktDataTyp="ASK"/>
</Pnt>


<Pnt Name="USD-LMT.N">
  <Undly ID="KOSPI 200 IND" PxStrctTyp="EQ_CORRELATION" IssuDtTm="2018-01-29" LastUpdateTm="2018-01-24"/>
  <Msr Val="0.439351944364477" ValTyp="Other" MktDataTyp="ASK"/>
</Pnt>


<Pnt Name="USD-BMY.N">
  <Undly ID="KOSPI 200 IND" PxStrctTyp="EQ_CORRELATION" IssuDtTm="2018-01-29" LastUpdateTm="2018-01-24"/>
  <Msr Val="0.453610734206193" ValTyp="Other" MktDataTyp="ASK"/>
</Pnt>


<Pnt Name="USD-SPX 500 IND">
  <Undly ID="KOSPI 200 IND" PxStrctTyp="EQ_CORRELATION" IssuDtTm="2018-01-29" LastUpdateTm="2018-01-17"/>
  <Msr Val="0.68" ValTyp="Other" MktDataTyp="ASK"/>
</Pnt>


<Pnt Name="IPC">
  <Undly ID="KOSPI 200 IND" PxStrctTyp="EQ_CORRELATION" IssuDtTm="2018-01-29" LastUpdateTm="2018-01-24"/>
  <Msr Val="0.733934260786759" ValTyp="Other" MktDataTyp="ASK"/>
</Pnt>


<Pnt Name="USD-WDC.P">
  <Undly ID="KOSPI 200 IND" PxStrctTyp="EQ_CORRELATION" IssuDtTm="2018-01-29" LastUpdateTm="2018-01-17"/>
  <Msr Val="0.454758585854538" ValTyp="Other" MktDataTyp="ASK"/>
</Pnt>


<Pnt Name="USD-MAR.N">
  <Undly ID="KOSPI 200 IND" PxStrctTyp="EQ_CORRELATION" IssuDtTm="2018-01-29" LastUpdateTm="2018-01-24"/>
  <Msr Val="0.51106665136279" ValTyp="Other" MktDataTyp="ASK"/>
</Pnt>


<Pnt Name="CHF-ROCZG.S">
  <Undly ID="KOSPI 200 IND" PxStrctTyp="EQ_CORRELATION" IssuDtTm="2018-01-29" LastUpdateTm="2018-01-24"/>
  <Msr Val="0.533924171715594" ValTyp="Other" MktDataTyp="ASK"/>
</Pnt>


<Pnt Name="GBP-BATS.L">
  <Undly ID="KOSPI 200 IND" PxStrctTyp="EQ_CORRELATION" IssuDtTm="2018-01-29" LastUpdateTm="2018-01-24"/>
  <Msr Val="0.481188271418419" ValTyp="Other" MktDataTyp="ASK"/>
</Pnt>


<Pnt Name="USD-GOOAV.O">
  <Undly ID="KOSPI 200 IND" PxStrctTyp="EQ_CORRELATION" IssuDtTm="2018-01-29" LastUpdateTm="2018-01-24"/>
  <Msr Val="0.510575307875036" ValTyp="Other" MktDataTyp="ASK"/>
</Pnt>


<Pnt Name="EUR-CAC IND">
  <Undly ID="KOSPI 200 IND" PxStrctTyp="EQ_CORRELATION" IssuDtTm="2018-01-29" LastUpdateTm="2018-01-24"/>
  <Msr Val="0.75684046568196" ValTyp="Other" MktDataTyp="ASK"/>
</Pnt>


<Pnt Name="USD-XOM.N">
  <Undly ID="KOSPI 200 IND" PxStrctTyp="EQ_CORRELATION" IssuDtTm="2018-01-29" LastUpdateTm="2018-01-17"/>
  <Msr Val="0.507293269366615" ValTyp="Other" MktDataTyp="ASK"/>
</Pnt>


<Pnt Name="USD-JNJ.N">
  <Undly ID="KOSPI 200 IND" PxStrctTyp="EQ_CORRELATION" IssuDtTm="2018-01-29" LastUpdateTm="2018-01-24"/>
  <Msr Val="0.4332851460781" ValTyp="Other" MktDataTyp="ASK"/>
</Pnt>


<Pnt Name="EUR-RDSA.AS">
  <Undly ID="KOSPI 200 IND" PxStrctTyp="EQ_CORRELATION" IssuDtTm="2018-01-29" LastUpdateTm="2018-01-24"/>
  <Msr Val="0.520181421236832" ValTyp="Other" MktDataTyp="ASK"/>
</Pnt>


<Pnt Name="USD-NEM.N">
  <Undly ID="KOSPI 200 IND" PxStrctTyp="EQ_CORRELATION" IssuDtTm="2018-01-29" LastUpdateTm="2018-01-24"/>
  <Msr Val="0.305714628253958" ValTyp="Other" MktDataTyp="ASK"/>
</Pnt>


<Pnt Name="EUR-SGEF.PA">
  <Undly ID="KOSPI 200 IND" PxStrctTyp="EQ_CORRELATION" IssuDtTm="2018-01-29" LastUpdateTm="2018-01-24"/>
  <Msr Val="0.534398683218782" ValTyp="Other" MktDataTyp="ASK"/>
</Pnt>


<Pnt Name="EUR-EONG.DE">
  <Undly ID="KOSPI 200 IND" PxStrctTyp="EQ_CORRELATION" IssuDtTm="2018-01-29" LastUpdateTm="2018-01-24"/>
  <Msr Val="0.507651911713959" ValTyp="Other" MktDataTyp="ASK"/>
</Pnt>


<Pnt Name="USD-PCLN.O">
  <Undly ID="KOSPI 200 IND" PxStrctTyp="EQ_CORRELATION" IssuDtTm="2018-01-29" LastUpdateTm="2018-01-24"/>
  <Msr Val="0.527151536405396" ValTyp="Other" MktDataTyp="ASK"/>
</Pnt>


<Pnt Name="SEK-NDA.ST">
  <Undly ID="KOSPI 200 IND" PxStrctTyp="EQ_CORRELATION" IssuDtTm="2018-01-29" LastUpdateTm="2018-01-24"/>
  <Msr Val="0.565210043950232" ValTyp="Other" MktDataTyp="ASK"/>
</Pnt>


<Pnt Name="USD-ALLY.N">
  <Undly ID="KOSPI 200 IND" PxStrctTyp="EQ_CORRELATION" IssuDtTm="2018-01-29" LastUpdateTm="2018-01-24"/>
  <Msr Val="0.499426498073876" ValTyp="Other" MktDataTyp="ASK"/>
</Pnt>


<Pnt Name="USD-BBY.N">
  <Undly ID="KOSPI 200 IND" PxStrctTyp="EQ_CORRELATION" IssuDtTm="2018-01-29" LastUpdateTm="2018-01-24"/>
  <Msr Val="0.428135910930929" ValTyp="Other" MktDataTyp="ASK"/>
</Pnt>


<Pnt Name="EUR-NOK1V.HE">
  <Undly ID="KOSPI 200 IND" PxStrctTyp="EQ_CORRELATION" IssuDtTm="2018-01-29" LastUpdateTm="2018-01-24"/>
  <Msr Val="0.493007992299788" ValTyp="Other" MktDataTyp="ASK"/>
</Pnt>


<Pnt Name="EUR-BIN.MI">
  <Undly ID="KOSPI 200 IND" PxStrctTyp="EQ_CORRELATION" IssuDtTm="2018-01-29" LastUpdateTm="2018-01-24"/>
  <Msr Val="0.543932975229768" ValTyp="Other" MktDataTyp="ASK"/>
</Pnt>


<Pnt Name="USD-FB.O">
  <Undly ID="KOSPI 200 IND" PxStrctTyp="EQ_CORRELATION" IssuDtTm="2018-01-29" LastUpdateTm="2018-01-24"/>
  <Msr Val="0.470639308509059" ValTyp="Other" MktDataTyp="ASK"/>
</Pnt>


<Pnt Name="USD-MCD.N">
  <Undly ID="KOSPI 200 IND" PxStrctTyp="EQ_CORRELATION" IssuDtTm="2018-01-29" LastUpdateTm="2018-01-24"/>
  <Msr Val="0.40127789741641" ValTyp="Other" MktDataTyp="ASK"/>
</Pnt>


<Pnt Name="EUR-SCH.MC">
  <Undly ID="KOSPI 200 IND" PxStrctTyp="EQ_CORRELATION" IssuDtTm="2018-01-29" LastUpdateTm="2018-01-24"/>
  <Msr Val="0.594138606559704" ValTyp="Other" MktDataTyp="ASK"/>
</Pnt>


<Pnt Name="CHF-ABBN.S">
  <Undly ID="KOSPI 200 IND" PxStrctTyp="EQ_CORRELATION" IssuDtTm="2018-01-29" LastUpdateTm="2018-01-24"/>
  <Msr Val="0.595831390668886" ValTyp="Other" MktDataTyp="ASK"/>
</Pnt>


<Pnt Name="USD-TRV.N">
  <Undly ID="KOSPI 200 IND" PxStrctTyp="EQ_CORRELATION" IssuDtTm="2018-01-29" LastUpdateTm="2018-01-17"/>
  <Msr Val="0.444984001647261" ValTyp="Other" MktDataTyp="ASK"/>
</Pnt>


<Pnt Name="USD-BAP.N">
  <Undly ID="KOSPI 200 IND" PxStrctTyp="EQ_CORRELATION" IssuDtTm="2018-01-29" LastUpdateTm="2018-01-24"/>
  <Msr Val="0.524034156981293" ValTyp="Other" MktDataTyp="ASK"/>
</Pnt>


<Pnt Name="USD-LOW.N">
  <Undly ID="KOSPI 200 IND" PxStrctTyp="EQ_CORRELATION" IssuDtTm="2018-01-29" LastUpdateTm="2018-01-24"/>
  <Msr Val="0.420870324549237" ValTyp="Other" MktDataTyp="ASK"/>
</Pnt>


<Pnt Name="EUR-ITX.MC">
  <Undly ID="KOSPI 200 IND" PxStrctTyp="EQ_CORRELATION" IssuDtTm="2018-01-29" LastUpdateTm="2018-01-24"/>
  <Msr Val="0.556405584174807" ValTyp="Other" MktDataTyp="ASK"/>
</Pnt>


<Pnt Name="EUR-ENEI.MI">
  <Undly ID="KOSPI 200 IND" PxStrctTyp="EQ_CORRELATION" IssuDtTm="2018-01-29" LastUpdateTm="2018-01-24"/>
  <Msr Val="0.527003569903" ValTyp="Other" MktDataTyp="ASK"/>
</Pnt>


<Pnt Name="EUR-ESSI.PA">
  <Undly ID="KOSPI 200 IND" PxStrctTyp="EQ_CORRELATION" IssuDtTm="2018-01-29" LastUpdateTm="2018-01-24"/>
  <Msr Val="0.482682708453209" ValTyp="Other" MktDataTyp="ASK"/>
</Pnt>


<Pnt Name="USD-DHR.N">
  <Undly ID="KOSPI 200 IND" PxStrctTyp="EQ_CORRELATION" IssuDtTm="2018-01-29" LastUpdateTm="2018-01-24"/>
  <Msr Val="0.482709317861277" ValTyp="Other" MktDataTyp="ASK"/>
</Pnt>


<Pnt Name="EUR-AXAF.PA">
  <Undly ID="KOSPI 200 IND" PxStrctTyp="EQ_CORRELATION" IssuDtTm="2018-01-29" LastUpdateTm="2018-01-24"/>
  <Msr Val="0.563242086472725" ValTyp="Other" MktDataTyp="ASK"/>
</Pnt>


<Pnt Name="USD-JD.O">
  <Undly ID="KOSPI 200 IND" PxStrctTyp="EQ_CORRELATION" IssuDtTm="2018-01-29" LastUpdateTm="2018-01-24"/>
  <Msr Val="0.486365583425637" ValTyp="Other" MktDataTyp="ASK"/>
</Pnt>


<Pnt Name="EUR-FIA.MI">
  <Undly ID="KOSPI 200 IND" PxStrctTyp="EQ_CORRELATION" IssuDtTm="2018-01-29" LastUpdateTm="2018-01-24"/>
  <Msr Val="0.520079344287069" ValTyp="Other" MktDataTyp="ASK"/>
</Pnt>


<Pnt Name="USD-IBM.N">
  <Undly ID="KOSPI 200 IND" PxStrctTyp="EQ_CORRELATION" IssuDtTm="2018-01-29" LastUpdateTm="2018-01-24"/>
  <Msr Val="0.496880385897212" ValTyp="Other" MktDataTyp="ASK"/>
</Pnt>


<Pnt Name="USD-NEE.N">
  <Undly ID="KOSPI 200 IND" PxStrctTyp="EQ_CORRELATION" IssuDtTm="2018-01-29" LastUpdateTm="2018-01-24"/>
  <Msr Val="0.391473113108857" ValTyp="Other" MktDataTyp="ASK"/>
</Pnt>


<Pnt Name="EUR-CARR.PA">
  <Undly ID="KOSPI 200 IND" PxStrctTyp="EQ_CORRELATION" IssuDtTm="2018-01-29" LastUpdateTm="2018-01-24"/>
  <Msr Val="0.586455636942686" ValTyp="Other" MktDataTyp="ASK"/>
</Pnt>


<Pnt Name="USD-TSLA.O">
  <Undly ID="KOSPI 200 IND" PxStrctTyp="EQ_CORRELATION" IssuDtTm="2018-01-29" LastUpdateTm="2018-01-17"/>
  <Msr Val="0.422849802928719" ValTyp="Other" MktDataTyp="ASK"/>
</Pnt>


<Pnt Name="CHF-GIVZN.S">
  <Undly ID="KOSPI 200 IND" PxStrctTyp="EQ_CORRELATION" IssuDtTm="2018-01-29" LastUpdateTm="2018-01-24"/>
  <Msr Val="0.532577903774189" ValTyp="Other" MktDataTyp="ASK"/>
</Pnt>


<Pnt Name="EUR-BNPP.PA">
  <Undly ID="KOSPI 200 IND" PxStrctTyp="EQ_CORRELATION" IssuDtTm="2018-01-29" LastUpdateTm="2018-01-24"/>
  <Msr Val="0.545148473438978" ValTyp="Other" MktDataTyp="ASK"/>
</Pnt>


<Pnt Name="USD-DUK.N">
  <Undly ID="KOSPI 200 IND" PxStrctTyp="EQ_CORRELATION" IssuDtTm="2018-01-29" LastUpdateTm="2018-01-24"/>
  <Msr Val="0.352890653494381" ValTyp="Other" MktDataTyp="ASK"/>
</Pnt>


<Pnt Name="USD-HON.N">
  <Undly ID="KOSPI 200 IND" PxStrctTyp="EQ_CORRELATION" IssuDtTm="2018-01-29" LastUpdateTm="2018-01-24"/>
  <Msr Val="0.535984019148976" ValTyp="Other" MktDataTyp="ASK"/>
</Pnt>


<Pnt Name="EUR-VIE.PA">
  <Undly ID="KOSPI 200 IND" PxStrctTyp="EQ_CORRELATION" IssuDtTm="2018-01-29" LastUpdateTm="2018-01-24"/>
  <Msr Val="0.580754511832448" ValTyp="Other" MktDataTyp="ASK"/>
</Pnt>


<Pnt Name="EUR-DCXGN.DE">
  <Undly ID="KOSPI 200 IND" PxStrctTyp="EQ_CORRELATION" IssuDtTm="2018-01-29" LastUpdateTm="2018-01-24"/>
  <Msr Val="0.561331509649742" ValTyp="Other" MktDataTyp="ASK"/>
</Pnt>


<Pnt Name="CHF-CFR.S">
  <Undly ID="KOSPI 200 IND" PxStrctTyp="EQ_CORRELATION" IssuDtTm="2018-01-29" LastUpdateTm="2018-01-24"/>
  <Msr Val="0.598490937747084" ValTyp="Other" MktDataTyp="ASK"/>
</Pnt>


<Pnt Name="USD-ADBE.O">
  <Undly ID="KOSPI 200 IND" PxStrctTyp="EQ_CORRELATION" IssuDtTm="2018-01-29" LastUpdateTm="2018-01-24"/>
  <Msr Val="0.495417534678674" ValTyp="Other" MktDataTyp="ASK"/>
</Pnt>


<Pnt Name="USD-MDT.N">
  <Undly ID="KOSPI 200 IND" PxStrctTyp="EQ_CORRELATION" IssuDtTm="2018-01-29" LastUpdateTm="2018-01-24"/>
  <Msr Val="0.468289465604119" ValTyp="Other" MktDataTyp="ASK"/>
</Pnt>


<Pnt Name="GBP-BP/.L">
  <Undly ID="KOSPI 200 IND" PxStrctTyp="EQ_CORRELATION" IssuDtTm="2018-01-29" LastUpdateTm="2018-01-24"/>
  <Msr Val="0.488865138598039" ValTyp="Other" MktDataTyp="ASK"/>
</Pnt>


<Pnt Name="USD-AVGO.O">
  <Undly ID="KOSPI 200 IND" PxStrctTyp="EQ_CORRELATION" IssuDtTm="2018-01-29" LastUpdateTm="2018-01-24"/>
  <Msr Val="0.47722670082973" ValTyp="Other" MktDataTyp="ASK"/>
</Pnt>


<Pnt Name="EUR-SOGN.PA">
  <Undly ID="KOSPI 200 IND" PxStrctTyp="EQ_CORRELATION" IssuDtTm="2018-01-29" LastUpdateTm="2018-01-24"/>
  <Msr Val="0.519290696701678" ValTyp="Other" MktDataTyp="ASK"/>
</Pnt>


<Pnt Name="USD-C.N">
  <Undly ID="KOSPI 200 IND" PxStrctTyp="EQ_CORRELATION" IssuDtTm="2018-01-29" LastUpdateTm="2018-01-24"/>
  <Msr Val="0.519087553122006" ValTyp="Other" MktDataTyp="ASK"/>
</Pnt>


<Pnt Name="EUR-SIEGN.DE">
  <Undly ID="KOSPI 200 IND" PxStrctTyp="EQ_CORRELATION" IssuDtTm="2018-01-29" LastUpdateTm="2018-01-24"/>
  <Msr Val="0.560922489941326" ValTyp="Other" MktDataTyp="ASK"/>
</Pnt>


<Pnt Name="EUR-ING.AS">
  <Undly ID="KOSPI 200 IND" PxStrctTyp="EQ_CORRELATION" IssuDtTm="2018-01-29" LastUpdateTm="2018-01-24"/>
  <Msr Val="0.551765503831205" ValTyp="Other" MktDataTyp="ASK"/>
</Pnt>


<Pnt Name="EUR-DTEG.DE">
  <Undly ID="KOSPI 200 IND" PxStrctTyp="EQ_CORRELATION" IssuDtTm="2018-01-29" LastUpdateTm="2018-01-24"/>
  <Msr Val="0.573423669995984" ValTyp="Other" MktDataTyp="ASK"/>
</Pnt>


<Pnt Name="USD-SBUX.OK">
  <Undly ID="KOSPI 200 IND" PxStrctTyp="EQ_CORRELATION" IssuDtTm="2018-01-29" LastUpdateTm="2018-01-24"/>
  <Msr Val="0.447135455120617" ValTyp="Other" MktDataTyp="ASK"/>
</Pnt>


<Pnt Name="GBP-LLOY.L">
  <Undly ID="KOSPI 200 IND" PxStrctTyp="EQ_CORRELATION" IssuDtTm="2018-01-29" LastUpdateTm="2018-01-24"/>
  <Msr Val="0.513105116526661" ValTyp="Other" MktDataTyp="ASK"/>
</Pnt>


<Pnt Name="USD-AMZN.O">
  <Undly ID="KOSPI 200 IND" PxStrctTyp="EQ_CORRELATION" IssuDtTm="2018-01-29" LastUpdateTm="2018-01-24"/>
  <Msr Val="0.447659259958002" ValTyp="Other" MktDataTyp="ASK"/>
</Pnt>


<Pnt Name="USD-AEP.N">
  <Undly ID="KOSPI 200 IND" PxStrctTyp="EQ_CORRELATION" IssuDtTm="2018-01-29" LastUpdateTm="2018-01-24"/>
  <Msr Val="0.395471355641271" ValTyp="Other" MktDataTyp="ASK"/>
</Pnt>


<Pnt Name="USD-FEZ.P">
  <Undly ID="KOSPI 200 IND" PxStrctTyp="EQ_CORRELATION" IssuDtTm="2018-01-29" LastUpdateTm="2018-01-24"/>
  <Msr Val="0.730884716772372" ValTyp="Other" MktDataTyp="ASK"/>
</Pnt>


<Pnt Name="EUR-DAX IND">
  <Undly ID="KOSPI 200 IND" PxStrctTyp="EQ_CORRELATION" IssuDtTm="2018-01-29" LastUpdateTm="2018-01-24"/>
  <Msr Val="0.737895227389773" ValTyp="Other" MktDataTyp="ASK"/>
</Pnt>


<Pnt Name="USD-TRIP.O">
  <Undly ID="KOSPI 200 IND" PxStrctTyp="EQ_CORRELATION" IssuDtTm="2018-01-29" LastUpdateTm="2018-01-17"/>
  <Msr Val="0.454237471023" ValTyp="Other" MktDataTyp="ASK"/>
</Pnt>


<Pnt Name="USD-PYPLV.O">
  <Undly ID="KOSPI 200 IND" PxStrctTyp="EQ_CORRELATION" IssuDtTm="2018-01-29" LastUpdateTm="2018-01-24"/>
  <Msr Val="0.464518133497509" ValTyp="Other" MktDataTyp="ASK"/>
</Pnt>


<Pnt Name="USD-TMO.N">
  <Undly ID="KOSPI 200 IND" PxStrctTyp="EQ_CORRELATION" IssuDtTm="2018-01-29" LastUpdateTm="2018-01-17"/>
  <Msr Val="0.514219390417515" ValTyp="Other" MktDataTyp="ASK"/>
</Pnt>


<Pnt Name="EUR-AIRP.PA">
  <Undly ID="KOSPI 200 IND" PxStrctTyp="EQ_CORRELATION" IssuDtTm="2018-01-29" LastUpdateTm="2018-01-24"/>
  <Msr Val="0.584278833024315" ValTyp="Other" MktDataTyp="ASK"/>
</Pnt>


<Pnt Name="USD-BIDU.O">
  <Undly ID="KOSPI 200 IND" PxStrctTyp="EQ_CORRELATION" IssuDtTm="2018-01-29" LastUpdateTm="2018-01-24"/>
  <Msr Val="0.502575824348505" ValTyp="Other" MktDataTyp="ASK"/>
</Pnt>


<Pnt Name="USD-ABX.N">
  <Undly ID="KOSPI 200 IND" PxStrctTyp="EQ_CORRELATION" IssuDtTm="2018-01-29" LastUpdateTm="2018-01-24"/>
  <Msr Val="0.302890800618261" ValTyp="Other" MktDataTyp="ASK"/>
</Pnt>


<Pnt Name="EUR-SPMIB IND">
  <Undly ID="KOSPI 200 IND" PxStrctTyp="EQ_CORRELATION" IssuDtTm="2018-01-29" LastUpdateTm="2018-01-24"/>
  <Msr Val="0.671600630800138" ValTyp="Other" MktDataTyp="ASK"/>
</Pnt>


<Pnt Name="USD-KMB.N">
  <Undly ID="KOSPI 200 IND" PxStrctTyp="EQ_CORRELATION" IssuDtTm="2018-01-29" LastUpdateTm="2018-01-24"/>
  <Msr Val="0.412538611445598" ValTyp="Other" MktDataTyp="ASK"/>
</Pnt>


<Pnt Name="USD-ACN.N">
  <Undly ID="KOSPI 200 IND" PxStrctTyp="EQ_CORRELATION" IssuDtTm="2018-01-29" LastUpdateTm="2018-01-24"/>
  <Msr Val="0.462287402962301" ValTyp="Other" MktDataTyp="ASK"/>
</Pnt>


<Pnt Name="USD-PPL.N">
  <Undly ID="KOSPI 200 IND" PxStrctTyp="EQ_CORRELATION" IssuDtTm="2018-01-29" LastUpdateTm="2018-01-24"/>
  <Msr Val="0.413785587824948" ValTyp="Other" MktDataTyp="ASK"/>
</Pnt>


<Pnt Name="USD-UPS.N">
  <Undly ID="KOSPI 200 IND" PxStrctTyp="EQ_CORRELATION" IssuDtTm="2018-01-29" LastUpdateTm="2018-01-17"/>
  <Msr Val="0.457281998774871" ValTyp="Other" MktDataTyp="ASK"/>
</Pnt>


<Pnt Name="USD-AMGN.O">
  <Undly ID="KOSPI 200 IND" PxStrctTyp="EQ_CORRELATION" IssuDtTm="2018-01-29" LastUpdateTm="2018-01-24"/>
  <Msr Val="0.474913007660715" ValTyp="Other" MktDataTyp="ASK"/>
</Pnt>


<Pnt Name="USD-WMT.N">
  <Undly ID="KOSPI 200 IND" PxStrctTyp="EQ_CORRELATION" IssuDtTm="2018-01-29" LastUpdateTm="2018-01-17"/>
  <Msr Val="0.367641274224724" ValTyp="Other" MktDataTyp="ASK"/>
</Pnt>


<Pnt Name="USD-XLE.N">
  <Undly ID="KOSPI 200 IND" PxStrctTyp="EQ_CORRELATION" IssuDtTm="2018-01-29" LastUpdateTm="2018-01-17"/>
  <Msr Val="0.630332942966454" ValTyp="Other" MktDataTyp="ASK"/>
</Pnt>


<Pnt Name="USD-UNP.N">
  <Undly ID="KOSPI 200 IND" PxStrctTyp="EQ_CORRELATION" IssuDtTm="2018-01-29" LastUpdateTm="2018-01-17"/>
  <Msr Val="0.487655360063026" ValTyp="Other" MktDataTyp="ASK"/>
</Pnt>


<Pnt Name="USD-BUD.N">
  <Undly ID="KOSPI 200 IND" PxStrctTyp="EQ_CORRELATION" IssuDtTm="2018-01-29" LastUpdateTm="2018-01-24"/>
  <Msr Val="0.532774835498667" ValTyp="Other" MktDataTyp="ASK"/>
</Pnt>


<Pnt Name="EUR-RWEG.DE">
  <Undly ID="KOSPI 200 IND" PxStrctTyp="EQ_CORRELATION" IssuDtTm="2018-01-29" LastUpdateTm="2018-01-24"/>
  <Msr Val="0.50066485666324" ValTyp="Other" MktDataTyp="ASK"/>
</Pnt>


<Pnt Name="USD-AMX.N">
  <Undly ID="KOSPI 200 IND" PxStrctTyp="EQ_CORRELATION" IssuDtTm="2018-01-29" LastUpdateTm="2018-01-24"/>
  <Msr Val="0.485542904526739" ValTyp="Other" MktDataTyp="ASK"/>
</Pnt>


<Pnt Name="USD-TWX.N">
  <Undly ID="KOSPI 200 IND" PxStrctTyp="EQ_CORRELATION" IssuDtTm="2018-01-29" LastUpdateTm="2018-01-17"/>
  <Msr Val="0.432804840517981" ValTyp="Other" MktDataTyp="ASK"/>
</Pnt>


<Pnt Name="USD-FDX.N">
  <Undly ID="KOSPI 200 IND" PxStrctTyp="EQ_CORRELATION" IssuDtTm="2018-01-29" LastUpdateTm="2018-01-24"/>
  <Msr Val="0.478520316524618" ValTyp="Other" MktDataTyp="ASK"/>
</Pnt>


<Pnt Name="USD-AET.N">
  <Undly ID="KOSPI 200 IND" PxStrctTyp="EQ_CORRELATION" IssuDtTm="2018-01-29" LastUpdateTm="2018-01-24"/>
  <Msr Val="0.432961557136964" ValTyp="Other" MktDataTyp="ASK"/>
</Pnt>


<Pnt Name="EUR-IBE.MC">
  <Undly ID="KOSPI 200 IND" PxStrctTyp="EQ_CORRELATION" IssuDtTm="2018-01-29" LastUpdateTm="2018-01-24"/>
  <Msr Val="0.553217322953911" ValTyp="Other" MktDataTyp="ASK"/>
</Pnt>


<Pnt Name="GBP-AZN.L">
  <Undly ID="KOSPI 200 IND" PxStrctTyp="EQ_CORRELATION" IssuDtTm="2018-01-29" LastUpdateTm="2018-01-24"/>
  <Msr Val="0.416227347292218" ValTyp="Other" MktDataTyp="ASK"/>
</Pnt>


<Pnt Name="USD-DOW.N">
  <Undly ID="KOSPI 200 IND" PxStrctTyp="EQ_CORRELATION" IssuDtTm="2018-01-29" LastUpdateTm="2018-01-24"/>
  <Msr Val="0.51449893627043" ValTyp="Other" MktDataTyp="ASK"/>
</Pnt>


<Pnt Name="CHF-SSMI IND">
  <Undly ID="KOSPI 200 IND" PxStrctTyp="EQ_CORRELATION" IssuDtTm="2018-01-29" LastUpdateTm="2018-01-24"/>
  <Msr Val="0.687519513718282" ValTyp="Other" MktDataTyp="ASK"/>
</Pnt>


<Pnt Name="USD-EBAY.O">
  <Undly ID="KOSPI 200 IND" PxStrctTyp="EQ_CORRELATION" IssuDtTm="2018-01-29" LastUpdateTm="2018-01-24"/>
  <Msr Val="0.426025959270602" ValTyp="Other" MktDataTyp="ASK"/>
</Pnt>


<Pnt Name="CHF-NOVZN.S">
  <Undly ID="KOSPI 200 IND" PxStrctTyp="EQ_CORRELATION" IssuDtTm="2018-01-29" LastUpdateTm="2018-01-24"/>
  <Msr Val="0.531225066030657" ValTyp="Other" MktDataTyp="ASK"/>
</Pnt>


<Pnt Name="USD-PSX.N">
  <Undly ID="KOSPI 200 IND" PxStrctTyp="EQ_CORRELATION" IssuDtTm="2018-01-29" LastUpdateTm="2018-01-24"/>
  <Msr Val="0.48755692542502" ValTyp="Other" MktDataTyp="ASK"/>
</Pnt>


<Pnt Name="SEK-ERICB.ST">
  <Undly ID="KOSPI 200 IND" PxStrctTyp="EQ_CORRELATION" IssuDtTm="2018-01-29" LastUpdateTm="2018-01-24"/>
  <Msr Val="0.487204227119618" ValTyp="Other" MktDataTyp="ASK"/>
</Pnt>


<Pnt Name="USD-WYNN.O">
  <Undly ID="KOSPI 200 IND" PxStrctTyp="EQ_CORRELATION" IssuDtTm="2018-01-29" LastUpdateTm="2018-01-17"/>
  <Msr Val="0.476088884142525" ValTyp="Other" MktDataTyp="ASK"/>
</Pnt>


<Pnt Name="EUR-GDFPP.PA">
  <Undly ID="KOSPI 200 IND" PxStrctTyp="EQ_CORRELATION" IssuDtTm="2018-01-29" LastUpdateTm="2018-01-24"/>
  <Msr Val="0.566269020794283" ValTyp="Other" MktDataTyp="ASK"/>
</Pnt>


<Pnt Name="HSCEI IND">
  <Undly ID="KOSPI 200 IND" PxStrctTyp="EQ_CORRELATION" IssuDtTm="2018-01-29" LastUpdateTm="2018-01-24"/>
  <Msr Val="0.74" ValTyp="Other" MktDataTyp="ASK"/>
</Pnt>


<Pnt Name="USD-XOP.N">
  <Undly ID="KOSPI 200 IND" PxStrctTyp="EQ_CORRELATION" IssuDtTm="2018-01-29" LastUpdateTm="2018-01-17"/>
  <Msr Val="0.564419300877538" ValTyp="Other" MktDataTyp="ASK"/>
</Pnt>


<Pnt Name="USD-PG.N">
  <Undly ID="KOSPI 200 IND" PxStrctTyp="EQ_CORRELATION" IssuDtTm="2018-01-29" LastUpdateTm="2018-01-24"/>
  <Msr Val="0.370205705006857" ValTyp="Other" MktDataTyp="ASK"/>
</Pnt>


<Pnt Name="USD-XLY.N">
  <Undly ID="KOSPI 200 IND" PxStrctTyp="EQ_CORRELATION" IssuDtTm="2018-01-29" LastUpdateTm="2018-01-17"/>
  <Msr Val="0.648312463330478" ValTyp="Other" MktDataTyp="ASK"/>
</Pnt>


<Pnt Name="USD-BAC.N">
  <Undly ID="KOSPI 200 IND" PxStrctTyp="EQ_CORRELATION" IssuDtTm="2018-01-29" LastUpdateTm="2018-01-24"/>
  <Msr Val="0.453669567778845" ValTyp="Other" MktDataTyp="ASK"/>
</Pnt>


<Pnt Name="USD-QCOM.O">
  <Undly ID="KOSPI 200 IND" PxStrctTyp="EQ_CORRELATION" IssuDtTm="2018-01-29" LastUpdateTm="2018-01-24"/>
  <Msr Val="0.47122728272042" ValTyp="Other" MktDataTyp="ASK"/>
</Pnt>


<Pnt Name="EUR-FREG.DE">
  <Undly ID="KOSPI 200 IND" PxStrctTyp="EQ_CORRELATION" IssuDtTm="2018-01-29" LastUpdateTm="2018-01-24"/>
  <Msr Val="0.500773067209811" ValTyp="Other" MktDataTyp="ASK"/>
</Pnt>


<Pnt Name="CHF-NESN.S">
  <Undly ID="KOSPI 200 IND" PxStrctTyp="EQ_CORRELATION" IssuDtTm="2018-01-29" LastUpdateTm="2018-01-24"/>
  <Msr Val="0.538438276085958" ValTyp="Other" MktDataTyp="ASK"/>
</Pnt>


<Pnt Name="USD-JPM.N">
  <Undly ID="KOSPI 200 IND" PxStrctTyp="EQ_CORRELATION" IssuDtTm="2018-01-29" LastUpdateTm="2018-01-24"/>
  <Msr Val="0.51167795838525" ValTyp="Other" MktDataTyp="ASK"/>
</Pnt>


<Pnt Name="EUR-LIN.DE">
  <Undly ID="KOSPI 200 IND" PxStrctTyp="EQ_CORRELATION" IssuDtTm="2018-01-29" LastUpdateTm="2018-01-24"/>
  <Msr Val="0.564809365663707" ValTyp="Other" MktDataTyp="ASK"/>
</Pnt>


<Pnt Name="EUR-IBEX 35 IND">
  <Undly ID="KOSPI 200 IND" PxStrctTyp="EQ_CORRELATION" IssuDtTm="2018-01-29" LastUpdateTm="2018-01-24"/>
  <Msr Val="0.717315475953902" ValTyp="Other" MktDataTyp="ASK"/>
</Pnt>


<Pnt Name="USD-SYMC.O">
  <Undly ID="KOSPI 200 IND" PxStrctTyp="EQ_CORRELATION" IssuDtTm="2018-01-29" LastUpdateTm="2018-01-17"/>
  <Msr Val="0.441714981800162" ValTyp="Other" MktDataTyp="ASK"/>
</Pnt>


<Pnt Name="USD-XLI.N">
  <Undly ID="KOSPI 200 IND" PxStrctTyp="EQ_CORRELATION" IssuDtTm="2018-01-29" LastUpdateTm="2018-01-17"/>
  <Msr Val="0.696076855116574" ValTyp="Other" MktDataTyp="ASK"/>
</Pnt>


<Pnt Name="USD-COH.N">
  <Undly ID="KOSPI 200 IND" PxStrctTyp="EQ_CORRELATION" IssuDtTm="2018-01-29" LastUpdateTm="2018-01-24"/>
  <Msr Val="0.441912340739018" ValTyp="Other" MktDataTyp="ASK"/>
</Pnt>


<Pnt Name="EUR-BMW.DE">
  <Undly ID="KOSPI 200 IND" PxStrctTyp="EQ_CORRELATION" IssuDtTm="2018-01-29" LastUpdateTm="2018-01-24"/>
  <Msr Val="0.522602879229762" ValTyp="Other" MktDataTyp="ASK"/>
</Pnt>


<Pnt Name="EUR-UNBP.AS">
  <Undly ID="KOSPI 200 IND" PxStrctTyp="EQ_CORRELATION" IssuDtTm="2018-01-29" LastUpdateTm="2018-01-24"/>
  <Msr Val="0.53095314200494" ValTyp="Other" MktDataTyp="ASK"/>
</Pnt>


<Pnt Name="CAD-TSX60.IND">
  <Undly ID="KOSPI 200 IND" PxStrctTyp="EQ_CORRELATION" IssuDtTm="2018-01-29" LastUpdateTm="2018-01-24"/>
  <Msr Val="0.738296292199685" ValTyp="Other" MktDataTyp="ASK"/>
</Pnt>


<Pnt Name="USD-VIAB.N">
  <Undly ID="KOSPI 200 IND" PxStrctTyp="EQ_CORRELATION" IssuDtTm="2018-01-29" LastUpdateTm="2018-01-17"/>
  <Msr Val="0.472504487101207" ValTyp="Other" MktDataTyp="ASK"/>
</Pnt>


<Pnt Name="EUR-TIT.MI">
  <Undly ID="KOSPI 200 IND" PxStrctTyp="EQ_CORRELATION" IssuDtTm="2018-01-29" LastUpdateTm="2018-01-24"/>
  <Msr Val="0.52336786694344" ValTyp="Other" MktDataTyp="ASK"/>
</Pnt>


<Pnt Name="USD-AMT.N">
  <Undly ID="KOSPI 200 IND" PxStrctTyp="EQ_CORRELATION" IssuDtTm="2018-01-29" LastUpdateTm="2018-01-24"/>
  <Msr Val="0.426159027168853" ValTyp="Other" MktDataTyp="ASK"/>
</Pnt>


<Pnt Name="USD-PNC.N">
  <Undly ID="KOSPI 200 IND" PxStrctTyp="EQ_CORRELATION" IssuDtTm="2018-01-29" LastUpdateTm="2018-01-24"/>
  <Msr Val="0.469046169396309" ValTyp="Other" MktDataTyp="ASK"/>
</Pnt>


<Pnt Name="USD-AIG.N">
  <Undly ID="KOSPI 200 IND" PxStrctTyp="EQ_CORRELATION" IssuDtTm="2018-01-29" LastUpdateTm="2018-01-24"/>
  <Msr Val="0.485605205395546" ValTyp="Other" MktDataTyp="ASK"/>
</Pnt>


<Pnt Name="USD-NKE.N">
  <Undly ID="KOSPI 200 IND" PxStrctTyp="EQ_CORRELATION" IssuDtTm="2018-01-29" LastUpdateTm="2018-01-24"/>
  <Msr Val="0.41538619359632" ValTyp="Other" MktDataTyp="ASK"/>
</Pnt>


<Pnt Name="USD-XLK.N">
  <Undly ID="KOSPI 200 IND" PxStrctTyp="EQ_CORRELATION" IssuDtTm="2018-01-29" LastUpdateTm="2018-01-17"/>
  <Msr Val="0.665978723916889" ValTyp="Other" MktDataTyp="ASK"/>
</Pnt>


<Pnt Name="EUR-CRDI.MI">
  <Undly ID="KOSPI 200 IND" PxStrctTyp="EQ_CORRELATION" IssuDtTm="2018-01-29" LastUpdateTm="2018-01-24"/>
  <Msr Val="0.502061994623391" ValTyp="Other" MktDataTyp="ASK"/>
</Pnt>


<Pnt Name="USD-MELI.O">
  <Undly ID="KOSPI 200 IND" PxStrctTyp="EQ_CORRELATION" IssuDtTm="2018-01-29" LastUpdateTm="2018-01-24"/>
  <Msr Val="0.506457107929183" ValTyp="Other" MktDataTyp="ASK"/>
</Pnt>


<Pnt Name="CHF-CSGN.S">
  <Undly ID="KOSPI 200 IND" PxStrctTyp="EQ_CORRELATION" IssuDtTm="2018-01-29" LastUpdateTm="2018-01-24"/>
  <Msr Val="0.517626763116827" ValTyp="Other" MktDataTyp="ASK"/>
</Pnt>


<Pnt Name="USD-MET.N">
  <Undly ID="KOSPI 200 IND" PxStrctTyp="EQ_CORRELATION" IssuDtTm="2018-01-29" LastUpdateTm="2018-01-24"/>
  <Msr Val="0.493154297119086" ValTyp="Other" MktDataTyp="ASK"/>
</Pnt>


<Pnt Name="EUR-VOWG_P.DE">
  <Undly ID="KOSPI 200 IND" PxStrctTyp="EQ_CORRELATION" IssuDtTm="2018-01-29" LastUpdateTm="2018-01-24"/>
  <Msr Val="0.51174596218144" ValTyp="Other" MktDataTyp="ASK"/>
</Pnt>


<Pnt Name="USD-SCHW.N">
  <Undly ID="KOSPI 200 IND" PxStrctTyp="EQ_CORRELATION" IssuDtTm="2018-01-29" LastUpdateTm="2018-01-17"/>
  <Msr Val="0.448581981975067" ValTyp="Other" MktDataTyp="ASK"/>
</Pnt>


<Pnt Name="EUR-IFXGN.DE">
  <Undly ID="KOSPI 200 IND" PxStrctTyp="EQ_CORRELATION" IssuDtTm="2018-01-29" LastUpdateTm="2018-01-24"/>
  <Msr Val="0.517363953391917" ValTyp="Other" MktDataTyp="ASK"/>
</Pnt>


<Pnt Name="USD-V.N">
  <Undly ID="KOSPI 200 IND" PxStrctTyp="EQ_CORRELATION" IssuDtTm="2018-01-29" LastUpdateTm="2018-01-17"/>
  <Msr Val="0.478500718666949" ValTyp="Other" MktDataTyp="ASK"/>
</Pnt>


<Pnt Name="USD-NDX 100 IND">
  <Undly ID="KOSPI 200 IND" PxStrctTyp="EQ_CORRELATION" IssuDtTm="2018-01-29" LastUpdateTm="2018-01-24"/>
  <Msr Val="0.652866034304978" ValTyp="Other" MktDataTyp="ASK"/>
</Pnt>


<Pnt Name="USD-KR.N">
  <Undly ID="KOSPI 200 IND" PxStrctTyp="EQ_CORRELATION" IssuDtTm="2018-01-29" LastUpdateTm="2018-01-24"/>
  <Msr Val="0.342260612778671" ValTyp="Other" MktDataTyp="ASK"/>
</Pnt>


<Pnt Name="USD-JWN.N">
  <Undly ID="KOSPI 200 IND" PxStrctTyp="EQ_CORRELATION" IssuDtTm="2018-01-29" LastUpdateTm="2018-01-24"/>
  <Msr Val="0.428297792425087" ValTyp="Other" MktDataTyp="ASK"/>
</Pnt>


<Pnt Name="USD-PM.N">
  <Undly ID="KOSPI 200 IND" PxStrctTyp="EQ_CORRELATION" IssuDtTm="2018-01-29" LastUpdateTm="2018-01-24"/>
  <Msr Val="0.434444260869396" ValTyp="Other" MktDataTyp="ASK"/>
</Pnt>


<Pnt Name="USD-HAL.N">
  <Undly ID="KOSPI 200 IND" PxStrctTyp="EQ_CORRELATION" IssuDtTm="2018-01-29" LastUpdateTm="2018-01-24"/>
  <Msr Val="0.497690047880281" ValTyp="Other" MktDataTyp="ASK"/>
</Pnt>


<Pnt Name="GBP-BT.L">
  <Undly ID="KOSPI 200 IND" PxStrctTyp="EQ_CORRELATION" IssuDtTm="2018-01-29" LastUpdateTm="2018-01-24"/>
  <Msr Val="0.406706376648218" ValTyp="Other" MktDataTyp="ASK"/>
</Pnt>


<Pnt Name="USD-WAG.N">
  <Undly ID="KOSPI 200 IND" PxStrctTyp="EQ_CORRELATION" IssuDtTm="2018-01-29" LastUpdateTm="2018-01-17"/>
  <Msr Val="0.393376469778868" ValTyp="Other" MktDataTyp="ASK"/>
</Pnt>


<Pnt Name="USD-NFLX.OQ">
  <Undly ID="KOSPI 200 IND" PxStrctTyp="EQ_CORRELATION" IssuDtTm="2018-01-29" LastUpdateTm="2018-01-24"/>
  <Msr Val="0.45396162977732" ValTyp="Other" MktDataTyp="ASK"/>
</Pnt>


<Pnt Name="USD-GE.N">
  <Undly ID="KOSPI 200 IND" PxStrctTyp="EQ_CORRELATION" IssuDtTm="2018-01-29" LastUpdateTm="2018-01-24"/>
  <Msr Val="0.511605438286015" ValTyp="Other" MktDataTyp="ASK"/>
</Pnt>


<Pnt Name="USD-SPG.N">
  <Undly ID="KOSPI 200 IND" PxStrctTyp="EQ_CORRELATION" IssuDtTm="2018-01-29" LastUpdateTm="2018-01-17"/>
  <Msr Val="0.412562114849514" ValTyp="Other" MktDataTyp="ASK"/>
</Pnt>


<Pnt Name="EUR-LHA.DE">
  <Undly ID="KOSPI 200 IND" PxStrctTyp="EQ_CORRELATION" IssuDtTm="2018-01-29" LastUpdateTm="2018-01-24"/>
  <Msr Val="0.458163228629709" ValTyp="Other" MktDataTyp="ASK"/>
</Pnt>


<Pnt Name="GBP-GLEN.L">
  <Undly ID="KOSPI 200 IND" PxStrctTyp="EQ_CORRELATION" IssuDtTm="2018-01-29" LastUpdateTm="2018-01-24"/>
  <Msr Val="0.529414902906361" ValTyp="Other" MktDataTyp="ASK"/>
</Pnt>


<Pnt Name="USD-INCY.O">
  <Undly ID="KOSPI 200 IND" PxStrctTyp="EQ_CORRELATION" IssuDtTm="2018-01-29" LastUpdateTm="2018-01-24"/>
  <Msr Val="0.417616091506193" ValTyp="Other" MktDataTyp="ASK"/>
</Pnt>


<Pnt Name="EUR-CAGR.PA">
  <Undly ID="KOSPI 200 IND" PxStrctTyp="EQ_CORRELATION" IssuDtTm="2018-01-29" LastUpdateTm="2018-01-24"/>
  <Msr Val="0.51042351101424" ValTyp="Other" MktDataTyp="ASK"/>
</Pnt>


<Pnt Name="USD-T.N">
  <Undly ID="KOSPI 200 IND" PxStrctTyp="EQ_CORRELATION" IssuDtTm="2018-01-29" LastUpdateTm="2018-01-17"/>
  <Msr Val="0.465449788928122" ValTyp="Other" MktDataTyp="ASK"/>
</Pnt>


<Pnt Name="USD-EXPE.O">
  <Undly ID="KOSPI 200 IND" PxStrctTyp="EQ_CORRELATION" IssuDtTm="2018-01-29" LastUpdateTm="2018-01-24"/>
  <Msr Val="0.498361817129419" ValTyp="Other" MktDataTyp="ASK"/>
</Pnt>


<Pnt Name="USD-HD.N">
  <Undly ID="KOSPI 200 IND" PxStrctTyp="EQ_CORRELATION" IssuDtTm="2018-01-29" LastUpdateTm="2018-01-24"/>
  <Msr Val="0.463492564400032" ValTyp="Other" MktDataTyp="ASK"/>
</Pnt>


<Pnt Name="GBP-FTSE IND">
  <Undly ID="KOSPI 200 IND" PxStrctTyp="EQ_CORRELATION" IssuDtTm="2018-01-29" LastUpdateTm="2018-01-24"/>
  <Msr Val="0.729738238232091" ValTyp="Other" MktDataTyp="ASK"/>
</Pnt>


<Pnt Name="USD-D.N">
  <Undly ID="KOSPI 200 IND" PxStrctTyp="EQ_CORRELATION" IssuDtTm="2018-01-29" LastUpdateTm="2018-01-24"/>
  <Msr Val="0.374600855766625" ValTyp="Other" MktDataTyp="ASK"/>
</Pnt>


<Pnt Name="USD-CELG.O">
  <Undly ID="KOSPI 200 IND" PxStrctTyp="EQ_CORRELATION" IssuDtTm="2018-01-29" LastUpdateTm="2018-01-24"/>
  <Msr Val="0.42566999660553" ValTyp="Other" MktDataTyp="ASK"/>
</Pnt>


<Pnt Name="USD-MPC.N">
  <Undly ID="KOSPI 200 IND" PxStrctTyp="EQ_CORRELATION" IssuDtTm="2018-01-29" LastUpdateTm="2018-01-24"/>
  <Msr Val="0.436859547075639" ValTyp="Other" MktDataTyp="ASK"/>
</Pnt>


<Pnt Name="USD-DIS.N">
  <Undly ID="KOSPI 200 IND" PxStrctTyp="EQ_CORRELATION" IssuDtTm="2018-01-29" LastUpdateTm="2018-01-24"/>
  <Msr Val="0.471481055258167" ValTyp="Other" MktDataTyp="ASK"/>
</Pnt>


<Pnt Name="EUR-ASML.AS">
  <Undly ID="KOSPI 200 IND" PxStrctTyp="EQ_CORRELATION" IssuDtTm="2018-01-29" LastUpdateTm="2018-01-24"/>
  <Msr Val="0.523185215426625" ValTyp="Other" MktDataTyp="ASK"/>
</Pnt>


<Pnt Name="EUR-TOTF.PA">
  <Undly ID="KOSPI 200 IND" PxStrctTyp="EQ_CORRELATION" IssuDtTm="2018-01-29" LastUpdateTm="2018-01-24"/>
  <Msr Val="0.56320729103995" ValTyp="Other" MktDataTyp="ASK"/>
</Pnt>


<Pnt Name="EUR-TKAG.DE">
  <Undly ID="KOSPI 200 IND" PxStrctTyp="EQ_CORRELATION" IssuDtTm="2018-01-29" LastUpdateTm="2018-01-24"/>
  <Msr Val="0.561720848091933" ValTyp="Other" MktDataTyp="ASK"/>
</Pnt>


<Pnt Name="EUROSTOXX50 IND">
  <Undly ID="KOSPI 200 IND" PxStrctTyp="EQ_CORRELATION" IssuDtTm="2018-01-29" LastUpdateTm="2018-01-24"/>
  <Msr Val="0.745013698630137" ValTyp="Other" MktDataTyp="ASK"/>
</Pnt>


<Pnt Name="EUR-ENI.MI">
  <Undly ID="KOSPI 200 IND" PxStrctTyp="EQ_CORRELATION" IssuDtTm="2018-01-29" LastUpdateTm="2018-01-24"/>
  <Msr Val="0.532983147663309" ValTyp="Other" MktDataTyp="ASK"/>
</Pnt>


<Pnt Name="SEK-VOLVB.ST">
  <Undly ID="KOSPI 200 IND" PxStrctTyp="EQ_CORRELATION" IssuDtTm="2018-01-29" LastUpdateTm="2018-01-24"/>
  <Msr Val="0.5500586361417" ValTyp="Other" MktDataTyp="ASK"/>
</Pnt>


<Pnt Name="USD-AMAT.O">
  <Undly ID="KOSPI 200 IND" PxStrctTyp="EQ_CORRELATION" IssuDtTm="2018-01-29" LastUpdateTm="2018-01-24"/>
  <Msr Val="0.48808810909598" ValTyp="Other" MktDataTyp="ASK"/>
</Pnt>


<Pnt Name="USD-KRFTV.O">
  <Undly ID="KOSPI 200 IND" PxStrctTyp="EQ_CORRELATION" IssuDtTm="2018-01-29" LastUpdateTm="2018-01-24"/>
  <Msr Val="0.406146386227105" ValTyp="Other" MktDataTyp="ASK"/>
</Pnt>


<Pnt Name="USD-XLP.N">
  <Undly ID="KOSPI 200 IND" PxStrctTyp="EQ_CORRELATION" IssuDtTm="2018-01-29" LastUpdateTm="2018-01-17"/>
  <Msr Val="0.504536741792852" ValTyp="Other" MktDataTyp="ASK"/>
</Pnt>


<Pnt Name="USD-KORS.N">
  <Undly ID="KOSPI 200 IND" PxStrctTyp="EQ_CORRELATION" IssuDtTm="2018-01-29" LastUpdateTm="2018-01-24"/>
  <Msr Val="0.4952503022357" ValTyp="Other" MktDataTyp="ASK"/>
</Pnt>


<Pnt Name="GBP-PRU.L">
  <Undly ID="KOSPI 200 IND" PxStrctTyp="EQ_CORRELATION" IssuDtTm="2018-01-29" LastUpdateTm="2018-01-24"/>
  <Msr Val="0.587925147276727" ValTyp="Other" MktDataTyp="ASK"/>
</Pnt>


<Pnt Name="EUR-BASF.DE">
  <Undly ID="KOSPI 200 IND" PxStrctTyp="EQ_CORRELATION" IssuDtTm="2018-01-29" LastUpdateTm="2018-01-24"/>
  <Msr Val="0.56413512947771" ValTyp="Other" MktDataTyp="ASK"/>
</Pnt>


<Pnt Name="USD-ABBV-W.N">
  <Undly ID="KOSPI 200 IND" PxStrctTyp="EQ_CORRELATION" IssuDtTm="2018-01-29" LastUpdateTm="2018-01-24"/>
  <Msr Val="0.440288832701542" ValTyp="Other" MktDataTyp="ASK"/>
</Pnt>


<Pnt Name="USD-HYG.P">
  <Undly ID="KOSPI 200 IND" PxStrctTyp="EQ_CORRELATION" IssuDtTm="2018-01-29" LastUpdateTm="2018-01-24"/>
  <Msr Val="0.663783149283209" ValTyp="Other" MktDataTyp="ASK"/>
</Pnt>


<Pnt Name="GBP-VOD.L">
  <Undly ID="KOSPI 200 IND" PxStrctTyp="EQ_CORRELATION" IssuDtTm="2018-01-29" LastUpdateTm="2018-01-24"/>
  <Msr Val="0.509300926265372" ValTyp="Other" MktDataTyp="ASK"/>
</Pnt>


<Pnt Name="USD-SLB.N">
  <Undly ID="KOSPI 200 IND" PxStrctTyp="EQ_CORRELATION" IssuDtTm="2018-01-29" LastUpdateTm="2018-01-17"/>
  <Msr Val="0.512167603953345" ValTyp="Other" MktDataTyp="ASK"/>
</Pnt>


<Pnt Name="AS51 IND">
  <Undly ID="KOSPI 200 IND" PxStrctTyp="EQ_CORRELATION" IssuDtTm="2018-01-29" LastUpdateTm="2018-01-24"/>
  <Msr Val="0.668865241058931" ValTyp="Other" MktDataTyp="ASK"/>
</Pnt>


<Pnt Name="CHF-UBSG.S">
  <Undly ID="KOSPI 200 IND" PxStrctTyp="EQ_CORRELATION" IssuDtTm="2018-01-29" LastUpdateTm="2018-01-24"/>
  <Msr Val="0.53276975426244" ValTyp="Other" MktDataTyp="ASK"/>
</Pnt>


<Pnt Name="EUR-DPW.DE">
  <Undly ID="KOSPI 200 IND" PxStrctTyp="EQ_CORRELATION" IssuDtTm="2018-01-29" LastUpdateTm="2018-01-24"/>
  <Msr Val="0.558745419766833" ValTyp="Other" MktDataTyp="ASK"/>
</Pnt>


<Pnt Name="USD-GD.N">
  <Undly ID="KOSPI 200 IND" PxStrctTyp="EQ_CORRELATION" IssuDtTm="2018-01-29" LastUpdateTm="2018-01-24"/>
  <Msr Val="0.463605017975683" ValTyp="Other" MktDataTyp="ASK"/>
</Pnt>


<Pnt Name="CHF-SRENH.S">
  <Undly ID="KOSPI 200 IND" PxStrctTyp="EQ_CORRELATION" IssuDtTm="2018-01-29" LastUpdateTm="2018-01-24"/>
  <Msr Val="0.618978400503408" ValTyp="Other" MktDataTyp="ASK"/>
</Pnt>


<Pnt Name="EUR-SCHN.PA">
  <Undly ID="KOSPI 200 IND" PxStrctTyp="EQ_CORRELATION" IssuDtTm="2018-01-29" LastUpdateTm="2018-01-24"/>
  <Msr Val="0.541144951227863" ValTyp="Other" MktDataTyp="ASK"/>
</Pnt>


<Pnt Name="USD-PCAR.O">
  <Undly ID="KOSPI 200 IND" PxStrctTyp="EQ_CORRELATION" IssuDtTm="2018-01-29" LastUpdateTm="2018-01-24"/>
  <Msr Val="0.540813392122248" ValTyp="Other" MktDataTyp="ASK"/>
</Pnt>


<Pnt Name="USD-CHTR.O">
  <Undly ID="KOSPI 200 IND" PxStrctTyp="EQ_CORRELATION" IssuDtTm="2018-01-29" LastUpdateTm="2018-01-24"/>
  <Msr Val="0.378079451123081" ValTyp="Other" MktDataTyp="ASK"/>
</Pnt>


<Pnt Name="USD-MMM.N">
  <Undly ID="KOSPI 200 IND" PxStrctTyp="EQ_CORRELATION" IssuDtTm="2018-01-29" LastUpdateTm="2018-01-24"/>
  <Msr Val="0.522736523097133" ValTyp="Other" MktDataTyp="ASK"/>
</Pnt>


<Pnt Name="USD-AMD.N">
  <Undly ID="KOSPI 200 IND" PxStrctTyp="EQ_CORRELATION" IssuDtTm="2018-01-29" LastUpdateTm="2018-01-24"/>
  <Msr Val="0.43786816590377" ValTyp="Other" MktDataTyp="ASK"/>
</Pnt>


<Pnt Name="USD-USB.N">
  <Undly ID="KOSPI 200 IND" PxStrctTyp="EQ_CORRELATION" IssuDtTm="2018-01-29" LastUpdateTm="2018-01-17"/>
  <Msr Val="0.495058084063318" ValTyp="Other" MktDataTyp="ASK"/>
</Pnt>


<Pnt Name="EUR-RENA.PA">
  <Undly ID="KOSPI 200 IND" PxStrctTyp="EQ_CORRELATION" IssuDtTm="2018-01-29" LastUpdateTm="2018-01-24"/>
  <Msr Val="0.568286949176723" ValTyp="Other" MktDataTyp="ASK"/>
</Pnt>


<Pnt Name="USD-CVS.N">
  <Undly ID="KOSPI 200 IND" PxStrctTyp="EQ_CORRELATION" IssuDtTm="2018-01-29" LastUpdateTm="2018-01-24"/>
  <Msr Val="0.406754906796245" ValTyp="Other" MktDataTyp="ASK"/>
</Pnt>


<Pnt Name="EUR-AHLN.AS">
  <Undly ID="KOSPI 200 IND" PxStrctTyp="EQ_CORRELATION" IssuDtTm="2018-01-29" LastUpdateTm="2018-01-24"/>
  <Msr Val="0.50728728540974" ValTyp="Other" MktDataTyp="ASK"/>
</Pnt>


<Pnt Name="EUR-MUVGN.DE">
  <Undly ID="KOSPI 200 IND" PxStrctTyp="EQ_CORRELATION" IssuDtTm="2018-01-29" LastUpdateTm="2018-01-24"/>
  <Msr Val="0.545528652569442" ValTyp="Other" MktDataTyp="ASK"/>
</Pnt>


<Pnt Name="EUR-GASI.MI">
  <Undly ID="KOSPI 200 IND" PxStrctTyp="EQ_CORRELATION" IssuDtTm="2018-01-29" LastUpdateTm="2018-01-24"/>
  <Msr Val="0.522525176634393" ValTyp="Other" MktDataTyp="ASK"/>
</Pnt>


<Pnt Name="USD-FXI.N">
  <Undly ID="KOSPI 200 IND" PxStrctTyp="EQ_CORRELATION" IssuDtTm="2018-01-29" LastUpdateTm="2018-01-24"/>
  <Msr Val="0.743865877393112" ValTyp="Other" MktDataTyp="ASK"/>
</Pnt>


<Pnt Name="GBP-HSBA.L">
  <Undly ID="KOSPI 200 IND" PxStrctTyp="EQ_CORRELATION" IssuDtTm="2018-01-29" LastUpdateTm="2018-01-24"/>
  <Msr Val="0.552314619711287" ValTyp="Other" MktDataTyp="ASK"/>
</Pnt>


<Pnt Name="USD-APA.N">
  <Undly ID="KOSPI 200 IND" PxStrctTyp="EQ_CORRELATION" IssuDtTm="2018-01-29" LastUpdateTm="2018-01-24"/>
  <Msr Val="0.488288062549135" ValTyp="Other" MktDataTyp="ASK"/>
</Pnt>


<Pnt Name="USD-EOG.N">
  <Undly ID="KOSPI 200 IND" PxStrctTyp="EQ_CORRELATION" IssuDtTm="2018-01-29" LastUpdateTm="2018-01-24"/>
  <Msr Val="0.493073853810942" ValTyp="Other" MktDataTyp="ASK"/>
</Pnt>


<Pnt Name="USD-ORCL.O">
  <Undly ID="KOSPI 200 IND" PxStrctTyp="EQ_CORRELATION" IssuDtTm="2018-01-29" LastUpdateTm="2018-01-24"/>
  <Msr Val="0.512292044642855" ValTyp="Other" MktDataTyp="ASK"/>
</Pnt>


<Pnt Name="CHF-SCMN.S">
  <Undly ID="KOSPI 200 IND" PxStrctTyp="EQ_CORRELATION" IssuDtTm="2018-01-29" LastUpdateTm="2018-01-24"/>
  <Msr Val="0.527771235613325" ValTyp="Other" MktDataTyp="ASK"/>
</Pnt>


<Pnt Name="EUR-ADSGN.DE">
  <Undly ID="KOSPI 200 IND" PxStrctTyp="EQ_CORRELATION" IssuDtTm="2018-01-29" LastUpdateTm="2018-01-24"/>
  <Msr Val="0.497213776426517" ValTyp="Other" MktDataTyp="ASK"/>
</Pnt>


<Pnt Name="USD-GOOG.O">
  <Undly ID="KOSPI 200 IND" PxStrctTyp="EQ_CORRELATION" IssuDtTm="2018-01-29" LastUpdateTm="2018-01-24"/>
  <Msr Val="0.509505658460535" ValTyp="Other" MktDataTyp="ASK"/>
</Pnt>


<Pnt Name="USD-CSX.N">
  <Undly ID="KOSPI 200 IND" PxStrctTyp="EQ_CORRELATION" IssuDtTm="2018-01-29" LastUpdateTm="2018-01-24"/>
  <Msr Val="0.483569225278771" ValTyp="Other" MktDataTyp="ASK"/>
</Pnt>


<Pnt Name="EUR-DANO.PA">
  <Undly ID="KOSPI 200 IND" PxStrctTyp="EQ_CORRELATION" IssuDtTm="2018-01-29" LastUpdateTm="2018-01-24"/>
  <Msr Val="0.523967290469429" ValTyp="Other" MktDataTyp="ASK"/>
</Pnt>


<Pnt Name="USD-HAS.N">
  <Undly ID="KOSPI 200 IND" PxStrctTyp="EQ_CORRELATION" IssuDtTm="2018-01-29" LastUpdateTm="2018-01-24"/>
  <Msr Val="0.460873192011955" ValTyp="Other" MktDataTyp="ASK"/>
</Pnt>


<Pnt Name="GBP-BLT.L">
  <Undly ID="KOSPI 200 IND" PxStrctTyp="EQ_CORRELATION" IssuDtTm="2018-01-29" LastUpdateTm="2018-01-24"/>
  <Msr Val="0.550183431144304" ValTyp="Other" MktDataTyp="ASK"/>
</Pnt>


<Pnt Name="USD-IBB.O">
  <Undly ID="KOSPI 200 IND" PxStrctTyp="EQ_CORRELATION" IssuDtTm="2018-01-29" LastUpdateTm="2018-01-24"/>
  <Msr Val="0.469651975845527" ValTyp="Other" MktDataTyp="ASK"/>
</Pnt>


<Pnt Name="EUR-LVMH.PA">
  <Undly ID="KOSPI 200 IND" PxStrctTyp="EQ_CORRELATION" IssuDtTm="2018-01-29" LastUpdateTm="2018-01-24"/>
  <Msr Val="0.545899428741369" ValTyp="Other" MktDataTyp="ASK"/>
</Pnt>


<Pnt Name="USD-CB.N">
  <Undly ID="KOSPI 200 IND" PxStrctTyp="EQ_CORRELATION" IssuDtTm="2018-01-29" LastUpdateTm="2018-01-24"/>
  <Msr Val="0.42428826669705" ValTyp="Other" MktDataTyp="ASK"/>
</Pnt>


<Pnt Name="USD-XLU.N">
  <Undly ID="KOSPI 200 IND" PxStrctTyp="EQ_CORRELATION" IssuDtTm="2018-01-29" LastUpdateTm="2018-01-17"/>
  <Msr Val="0.40463634790124" ValTyp="Other" MktDataTyp="ASK"/>
</Pnt>


<Pnt Name="USD-WLP.N">
  <Undly ID="KOSPI 200 IND" PxStrctTyp="EQ_CORRELATION" IssuDtTm="2018-01-29" LastUpdateTm="2018-01-17"/>
  <Msr Val="0.41335926107748" ValTyp="Other" MktDataTyp="ASK"/>
</Pnt>


<Pnt Name="EUR-EAUG.PA">
  <Undly ID="KOSPI 200 IND" PxStrctTyp="EQ_CORRELATION" IssuDtTm="2018-01-29" LastUpdateTm="2018-01-24"/>
  <Msr Val="0.517122250013941" ValTyp="Other" MktDataTyp="ASK"/>
</Pnt>


<Pnt Name="USD-COF.N">
  <Undly ID="KOSPI 200 IND" PxStrctTyp="EQ_CORRELATION" IssuDtTm="2018-01-29" LastUpdateTm="2018-01-24"/>
  <Msr Val="0.47057717455785" ValTyp="Other" MktDataTyp="ASK"/>
</Pnt>


<Pnt Name="EUR-UNC.AS">
  <Undly ID="KOSPI 200 IND" PxStrctTyp="EQ_CORRELATION" IssuDtTm="2018-01-29" LastUpdateTm="2018-01-24"/>
  <Msr Val="0.516279215379022" ValTyp="Other" MktDataTyp="ASK"/>
</Pnt>


<Pnt Name="USD-BBD.N">
  <Undly ID="KOSPI 200 IND" PxStrctTyp="EQ_CORRELATION" IssuDtTm="2018-01-29" LastUpdateTm="2018-01-24"/>
  <Msr Val="0.538794477660691" ValTyp="Other" MktDataTyp="ASK"/>
</Pnt>


<Pnt Name="USD-MDY.P">
  <Undly ID="KOSPI 200 IND" PxStrctTyp="EQ_CORRELATION" IssuDtTm="2018-01-29" LastUpdateTm="2018-01-24"/>
  <Msr Val="0.692219297975302" ValTyp="Other" MktDataTyp="ASK"/>
</Pnt>


<Pnt Name="USD-ACT.N">
  <Undly ID="KOSPI 200 IND" PxStrctTyp="EQ_CORRELATION" IssuDtTm="2018-01-29" LastUpdateTm="2018-01-24"/>
  <Msr Val="0.391901560088669" ValTyp="Other" MktDataTyp="ASK"/>
</Pnt>


<Pnt Name="USD-XLV.N">
  <Undly ID="KOSPI 200 IND" PxStrctTyp="EQ_CORRELATION" IssuDtTm="2018-01-29" LastUpdateTm="2018-01-17"/>
  <Msr Val="0.524852282791231" ValTyp="Other" MktDataTyp="ASK"/>
</Pnt>


<Pnt Name="EUR-BAYG.DE">
  <Undly ID="KOSPI 200 IND" PxStrctTyp="EQ_CORRELATION" IssuDtTm="2018-01-29" LastUpdateTm="2018-01-24"/>
  <Msr Val="0.522529512384868" ValTyp="Other" MktDataTyp="ASK"/>
</Pnt>


<Pnt Name="EUR-BBV.MC">
  <Undly ID="KOSPI 200 IND" PxStrctTyp="EQ_CORRELATION" IssuDtTm="2018-01-29" LastUpdateTm="2018-01-24"/>
  <Msr Val="0.545339780227291" ValTyp="Other" MktDataTyp="ASK"/>
</Pnt>


<Pnt Name="USD-EWZ.N">
  <Undly ID="KOSPI 200 IND" PxStrctTyp="EQ_CORRELATION" IssuDtTm="2018-01-29" LastUpdateTm="2018-01-24"/>
  <Msr Val="0.686616879475873" ValTyp="Other" MktDataTyp="ASK"/>
</Pnt>


<Pnt Name="EUR-CONG.DE">
  <Undly ID="KOSPI 200 IND" PxStrctTyp="EQ_CORRELATION" IssuDtTm="2018-01-29" LastUpdateTm="2018-01-24"/>
  <Msr Val="0.53932124999399" ValTyp="Other" MktDataTyp="ASK"/>
</Pnt>


<Pnt Name="USD-BK.N">
  <Undly ID="KOSPI 200 IND" PxStrctTyp="EQ_CORRELATION" IssuDtTm="2018-01-29" LastUpdateTm="2018-01-24"/>
  <Msr Val="0.464805756953702" ValTyp="Other" MktDataTyp="ASK"/>
</Pnt>


<Pnt Name="GBP-DGE.L">
  <Undly ID="KOSPI 200 IND" PxStrctTyp="EQ_CORRELATION" IssuDtTm="2018-01-29" LastUpdateTm="2018-01-24"/>
  <Msr Val="0.489238914212981" ValTyp="Other" MktDataTyp="ASK"/>
</Pnt>


<Pnt Name="USD-LLY.N">
  <Undly ID="KOSPI 200 IND" PxStrctTyp="EQ_CORRELATION" IssuDtTm="2018-01-29" LastUpdateTm="2018-01-24"/>
  <Msr Val="0.402434152055577" ValTyp="Other" MktDataTyp="ASK"/>
</Pnt>


<Pnt Name="SEK-HMB.ST">
  <Undly ID="KOSPI 200 IND" PxStrctTyp="EQ_CORRELATION" IssuDtTm="2018-01-29" LastUpdateTm="2018-01-24"/>
  <Msr Val="0.503837087487016" ValTyp="Other" MktDataTyp="ASK"/>
</Pnt>


<Pnt Name="CHF-HOLN.S">
  <Undly ID="KOSPI 200 IND" PxStrctTyp="EQ_CORRELATION" IssuDtTm="2018-01-29" LastUpdateTm="2018-01-24"/>
  <Msr Val="0.608522363530487" ValTyp="Other" MktDataTyp="ASK"/>
</Pnt>


<Pnt Name="USD-VALE.N">
  <Undly ID="KOSPI 200 IND" PxStrctTyp="EQ_CORRELATION" IssuDtTm="2018-01-29" LastUpdateTm="2018-01-17"/>
  <Msr Val="0.482218178653744" ValTyp="Other" MktDataTyp="ASK"/>
</Pnt>


<Pnt Name="EUR-TEF.MC">
  <Undly ID="KOSPI 200 IND" PxStrctTyp="EQ_CORRELATION" IssuDtTm="2018-01-29" LastUpdateTm="2018-01-24"/>
  <Msr Val="0.576621303509751" ValTyp="Other" MktDataTyp="ASK"/>
</Pnt>


<Pnt Name="USD-KEY.N">
  <Undly ID="KOSPI 200 IND" PxStrctTyp="EQ_CORRELATION" IssuDtTm="2018-01-29" LastUpdateTm="2018-01-24"/>
  <Msr Val="0.450934005499997" ValTyp="Other" MktDataTyp="ASK"/>
</Pnt>


<Pnt Name="USD-UNH.N">
  <Undly ID="KOSPI 200 IND" PxStrctTyp="EQ_CORRELATION" IssuDtTm="2018-01-29" LastUpdateTm="2018-01-17"/>
  <Msr Val="0.417471448611405" ValTyp="Other" MktDataTyp="ASK"/>
</Pnt>


<Pnt Name="USD-MRK.N">
  <Undly ID="KOSPI 200 IND" PxStrctTyp="EQ_CORRELATION" IssuDtTm="2018-01-29" LastUpdateTm="2018-01-24"/>
  <Msr Val="0.416473117511233" ValTyp="Other" MktDataTyp="ASK"/>
</Pnt>


<Pnt Name="EUR-SASY.PA">
  <Undly ID="KOSPI 200 IND" PxStrctTyp="EQ_CORRELATION" IssuDtTm="2018-01-29" LastUpdateTm="2018-01-24"/>
  <Msr Val="0.470595971027678" ValTyp="Other" MktDataTyp="ASK"/>
</Pnt>


<Pnt Name="EUR-DBKGN.DE">
  <Undly ID="KOSPI 200 IND" PxStrctTyp="EQ_CORRELATION" IssuDtTm="2018-01-29" LastUpdateTm="2018-01-24"/>
  <Msr Val="0.513130367276163" ValTyp="Other" MktDataTyp="ASK"/>
</Pnt>


<Pnt Name="CHF-ZURN.S">
  <Undly ID="KOSPI 200 IND" PxStrctTyp="EQ_CORRELATION" IssuDtTm="2018-01-29" LastUpdateTm="2018-01-24"/>
  <Msr Val="0.56389553468998" ValTyp="Other" MktDataTyp="ASK"/>
</Pnt>


<Pnt Name="GBP-RDSB.L">
  <Undly ID="KOSPI 200 IND" PxStrctTyp="EQ_CORRELATION" IssuDtTm="2018-01-29" LastUpdateTm="2018-01-24"/>
  <Msr Val="0.501770715848361" ValTyp="Other" MktDataTyp="ASK"/>
</Pnt>


<Pnt Name="USD-GM.N">
  <Undly ID="KOSPI 200 IND" PxStrctTyp="EQ_CORRELATION" IssuDtTm="2018-01-29" LastUpdateTm="2018-01-24"/>
  <Msr Val="0.466854042492502" ValTyp="Other" MktDataTyp="ASK"/>
</Pnt>


<Pnt Name="USD-FCX.N">
  <Undly ID="KOSPI 200 IND" PxStrctTyp="EQ_CORRELATION" IssuDtTm="2018-01-29" LastUpdateTm="2018-01-24"/>
  <Msr Val="0.496071098082067" ValTyp="Other" MktDataTyp="ASK"/>
</Pnt>


<Pnt Name="SEK-SEBA.ST">
  <Undly ID="KOSPI 200 IND" PxStrctTyp="EQ_CORRELATION" IssuDtTm="2018-01-29" LastUpdateTm="2018-01-24"/>
  <Msr Val="0.570988055804578" ValTyp="Other" MktDataTyp="ASK"/>
</Pnt>


<Pnt Name="USD-GG.N">
  <Undly ID="KOSPI 200 IND" PxStrctTyp="EQ_CORRELATION" IssuDtTm="2018-01-29" LastUpdateTm="2018-01-24"/>
  <Msr Val="0.316522598681129" ValTyp="Other" MktDataTyp="ASK"/>
</Pnt>


<Pnt Name="USD-VZ.N">
  <Undly ID="KOSPI 200 IND" PxStrctTyp="EQ_CORRELATION" IssuDtTm="2018-01-29" LastUpdateTm="2018-01-17"/>
  <Msr Val="0.45421885162164" ValTyp="Other" MktDataTyp="ASK"/>
</Pnt>


<Pnt Name="EUR-PERP.PA">
  <Undly ID="KOSPI 200 IND" PxStrctTyp="EQ_CORRELATION" IssuDtTm="2018-01-29" LastUpdateTm="2018-01-24"/>
  <Msr Val="0.529901988811528" ValTyp="Other" MktDataTyp="ASK"/>
</Pnt>


<Pnt Name="USD-HWP.N">
  <Undly ID="KOSPI 200 IND" PxStrctTyp="EQ_CORRELATION" IssuDtTm="2018-01-29" LastUpdateTm="2018-01-24"/>
  <Msr Val="0.451553130513644" ValTyp="Other" MktDataTyp="ASK"/>
</Pnt>


<Pnt Name="USD-MDLZV.O">
  <Undly ID="KOSPI 200 IND" PxStrctTyp="EQ_CORRELATION" IssuDtTm="2018-01-29" LastUpdateTm="2018-01-24"/>
  <Msr Val="0.434770464305926" ValTyp="Other" MktDataTyp="ASK"/>
</Pnt>


<Pnt Name="USD-BRKB.N">
  <Undly ID="KOSPI 200 IND" PxStrctTyp="EQ_CORRELATION" IssuDtTm="2018-01-29" LastUpdateTm="2018-01-24"/>
  <Msr Val="0.452469864281513" ValTyp="Other" MktDataTyp="ASK"/>
</Pnt>


<Pnt Name="USD-GS.N">
  <Undly ID="KOSPI 200 IND" PxStrctTyp="EQ_CORRELATION" IssuDtTm="2018-01-29" LastUpdateTm="2018-01-24"/>
  <Msr Val="0.500471135994089" ValTyp="Other" MktDataTyp="ASK"/>
</Pnt>


<Pnt Name="EUR-HEIG.DE">
  <Undly ID="KOSPI 200 IND" PxStrctTyp="EQ_CORRELATION" IssuDtTm="2018-01-29" LastUpdateTm="2018-01-24"/>
  <Msr Val="0.550917085009327" ValTyp="Other" MktDataTyp="ASK"/>
</Pnt>


<Pnt Name="USD-INTC.O">
  <Undly ID="KOSPI 200 IND" PxStrctTyp="EQ_CORRELATION" IssuDtTm="2018-01-29" LastUpdateTm="2018-01-24"/>
  <Msr Val="0.481501479405429" ValTyp="Other" MktDataTyp="ASK"/>
</Pnt>


<Pnt Name="USD-ISRG.OQ">
  <Undly ID="KOSPI 200 IND" PxStrctTyp="EQ_CORRELATION" IssuDtTm="2018-01-29" LastUpdateTm="2018-01-24"/>
  <Msr Val="0.438070175361795" ValTyp="Other" MktDataTyp="ASK"/>
</Pnt>


<Pnt Name="USD-BA.N">
  <Undly ID="KOSPI 200 IND" PxStrctTyp="EQ_CORRELATION" IssuDtTm="2018-01-29" LastUpdateTm="2018-01-24"/>
  <Msr Val="0.481627148512685" ValTyp="Other" MktDataTyp="ASK"/>
</Pnt>


<Pnt Name="EUR-OREP.PA">
  <Undly ID="KOSPI 200 IND" PxStrctTyp="EQ_CORRELATION" IssuDtTm="2018-01-29" LastUpdateTm="2018-01-24"/>
  <Msr Val="0.519867126320623" ValTyp="Other" MktDataTyp="ASK"/>
</Pnt>


<Pnt Name="USD-F.N">
  <Undly ID="KOSPI 200 IND" PxStrctTyp="EQ_CORRELATION" IssuDtTm="2018-01-29" LastUpdateTm="2018-01-24"/>
  <Msr Val="0.494088210005508" ValTyp="Other" MktDataTyp="ASK"/>
</Pnt>


<Pnt Name="EUR-ALVG.DE">
  <Undly ID="KOSPI 200 IND" PxStrctTyp="EQ_CORRELATION" IssuDtTm="2018-01-29" LastUpdateTm="2018-01-24"/>
  <Msr Val="0.583021551748209" ValTyp="Other" MktDataTyp="ASK"/>
</Pnt>


<Pnt Name="USD-XME.N">
  <Undly ID="KOSPI 200 IND" PxStrctTyp="EQ_CORRELATION" IssuDtTm="2018-01-29" LastUpdateTm="2018-01-17"/>
  <Msr Val="0.544663069441498" ValTyp="Other" MktDataTyp="ASK"/>
</Pnt>


<Pnt Name="USD-CSCO.O">
  <Undly ID="KOSPI 200 IND" PxStrctTyp="EQ_CORRELATION" IssuDtTm="2018-01-29" LastUpdateTm="2018-01-24"/>
  <Msr Val="0.471452797926074" ValTyp="Other" MktDataTyp="ASK"/>
</Pnt>


<Pnt Name="GBP-BARC.L">
  <Undly ID="KOSPI 200 IND" PxStrctTyp="EQ_CORRELATION" IssuDtTm="2018-01-29" LastUpdateTm="2018-01-24"/>
  <Msr Val="0.527478245810193" ValTyp="Other" MktDataTyp="ASK"/>
</Pnt>


<Pnt Name="USD-APC.N">
  <Undly ID="KOSPI 200 IND" PxStrctTyp="EQ_CORRELATION" IssuDtTm="2018-01-29" LastUpdateTm="2018-01-24"/>
  <Msr Val="0.484866531017915" ValTyp="Other" MktDataTyp="ASK"/>
</Pnt>


<Pnt Name="EUR-HNKG_P.DE">
  <Undly ID="KOSPI 200 IND" PxStrctTyp="EQ_CORRELATION" IssuDtTm="2018-01-29" LastUpdateTm="2018-01-24"/>
  <Msr Val="0.498078688818516" ValTyp="Other" MktDataTyp="ASK"/>
</Pnt>


<Pnt Name="USD-FL.N">
  <Undly ID="KOSPI 200 IND" PxStrctTyp="EQ_CORRELATION" IssuDtTm="2018-01-29" LastUpdateTm="2018-01-24"/>
  <Msr Val="0.420407331101883" ValTyp="Other" MktDataTyp="ASK"/>
</Pnt>


<Pnt Name="USD-ESRX.O">
  <Undly ID="KOSPI 200 IND" PxStrctTyp="EQ_CORRELATION" IssuDtTm="2018-01-29" LastUpdateTm="2018-01-24"/>
  <Msr Val="0.4051526388239" ValTyp="Other" MktDataTyp="ASK"/>
</Pnt>


<Pnt Name="USD-DD.N">
  <Undly ID="KOSPI 200 IND" PxStrctTyp="EQ_CORRELATION" IssuDtTm="2018-01-29" LastUpdateTm="2018-01-24"/>
  <Msr Val="0.478182436843317" ValTyp="Other" MktDataTyp="ASK"/>
</Pnt>


<Pnt Name="USD-COST.O">
  <Undly ID="KOSPI 200 IND" PxStrctTyp="EQ_CORRELATION" IssuDtTm="2018-01-29" LastUpdateTm="2018-01-24"/>
  <Msr Val="0.397777089960261" ValTyp="Other" MktDataTyp="ASK"/>
</Pnt>


<Pnt Name="USD-CCL.N">
  <Undly ID="KOSPI 200 IND" PxStrctTyp="EQ_CORRELATION" IssuDtTm="2018-01-29" LastUpdateTm="2018-01-24"/>
  <Msr Val="0.427928771580856" ValTyp="Other" MktDataTyp="ASK"/>
</Pnt>


<Pnt Name="USD-RTY INDEX">
  <Undly ID="KOSPI 200 IND" PxStrctTyp="EQ_CORRELATION" IssuDtTm="2018-01-29" LastUpdateTm="2018-01-24"/>
  <Msr Val="0.646897215498485" ValTyp="Other" MktDataTyp="ASK"/>
</Pnt>


<Pnt Name="USD-AAPL.O">
  <Undly ID="KOSPI 200 IND" PxStrctTyp="EQ_CORRELATION" IssuDtTm="2018-01-29" LastUpdateTm="2018-01-24"/>
  <Msr Val="0.482454953441858" ValTyp="Other" MktDataTyp="ASK"/>
</Pnt>


<Pnt Name="EUR-AEGN.AS">
  <Undly ID="KOSPI 200 IND" PxStrctTyp="EQ_CORRELATION" IssuDtTm="2018-01-29" LastUpdateTm="2018-01-24"/>
  <Msr Val="0.5731668427539" ValTyp="Other" MktDataTyp="ASK"/>
</Pnt>


<Pnt Name="USD-VWO.N">
  <Undly ID="KOSPI 200 IND" PxStrctTyp="EQ_CORRELATION" IssuDtTm="2018-01-29" LastUpdateTm="2018-01-17"/>
  <Msr Val="0.791309701255599" ValTyp="Other" MktDataTyp="ASK"/>
</Pnt>


<Pnt Name="EUR-SGOB.PA">
  <Undly ID="KOSPI 200 IND" PxStrctTyp="EQ_CORRELATION" IssuDtTm="2018-01-29" LastUpdateTm="2018-01-24"/>
  <Msr Val="0.566588809621224" ValTyp="Other" MktDataTyp="ASK"/>
</Pnt>


<Pnt Name="USD-TMUS.N">
  <Undly ID="KOSPI 200 IND" PxStrctTyp="EQ_CORRELATION" IssuDtTm="2018-01-29" LastUpdateTm="2018-01-17"/>
  <Msr Val="0.459994792372534" ValTyp="Other" MktDataTyp="ASK"/>
</Pnt>


<Pnt Name="USD-COP.N">
  <Undly ID="KOSPI 200 IND" PxStrctTyp="EQ_CORRELATION" IssuDtTm="2018-01-29" LastUpdateTm="2018-01-24"/>
  <Msr Val="0.50869401261215" ValTyp="Other" MktDataTyp="ASK"/>
</Pnt>


<Pnt Name="USD-STX.O">
  <Undly ID="KOSPI 200 IND" PxStrctTyp="EQ_CORRELATION" IssuDtTm="2018-01-29" LastUpdateTm="2018-01-17"/>
  <Msr Val="0.46480107746731" ValTyp="Other" MktDataTyp="ASK"/>
</Pnt>


<Pnt Name="GBP-RIO.L">
  <Undly ID="KOSPI 200 IND" PxStrctTyp="EQ_CORRELATION" IssuDtTm="2018-01-29" LastUpdateTm="2018-01-24"/>
  <Msr Val="0.524238890636911" ValTyp="Other" MktDataTyp="ASK"/>
</Pnt>


<Pnt Name="SEK-SWEDA.ST">
  <Undly ID="KOSPI 200 IND" PxStrctTyp="EQ_CORRELATION" IssuDtTm="2018-01-29" LastUpdateTm="2018-01-24"/>
  <Msr Val="0.546896951508158" ValTyp="Other" MktDataTyp="ASK"/>
</Pnt>


<Pnt Name="EUR-EAD.PA">
  <Undly ID="KOSPI 200 IND" PxStrctTyp="EQ_CORRELATION" IssuDtTm="2018-01-29" LastUpdateTm="2018-01-24"/>
  <Msr Val="0.496159641057705" ValTyp="Other" MktDataTyp="ASK"/>
</Pnt>


<Pnt Name="EUR-INTB.BR">
  <Undly ID="KOSPI 200 IND" PxStrctTyp="EQ_CORRELATION" IssuDtTm="2018-01-29" LastUpdateTm="2018-01-24"/>
  <Msr Val="0.577253651832185" ValTyp="Other" MktDataTyp="ASK"/>
</Pnt>


<Pnt Name="USD-MU.O">
  <Undly ID="KOSPI 200 IND" PxStrctTyp="EQ_CORRELATION" IssuDtTm="2018-01-29" LastUpdateTm="2018-01-24"/>
  <Msr Val="0.451346088203075" ValTyp="Other" MktDataTyp="ASK"/>
</Pnt>



<Pnt Name="USD-KRW">
  <Undly ID="KOSPI 200 IND" PxStrctTyp="EQ_CORRELATION" IssuDtTm="2018-01-29" LastUpdateTm="2018-01-17"/>
  <Msr Val="-0.54" ValTyp="Other" MktDataTyp="ASK"/>
</Pnt>


<Pnt Name="EUR-KRW">
  <Undly ID="KOSPI 200 IND" PxStrctTyp="EQ_CORRELATION" IssuDtTm="2018-01-29" LastUpdateTm="2018-01-17"/>
  <Msr Val="-0.161743811364986" ValTyp="Other" MktDataTyp="ASK"/>
</Pnt>



</Mkt>
