
<Mkt>
<Curve Name="EUR-REP.MC">
  <Undly PxStrctTyp="EQ_DIVIDENDS_YIELD" IssuDtTm="2018-01-29" LastUpdateTm="2018-01-29"/>
  <Msr Val="1" ValTyp="Other" Row="2018-01-29" RowTyp="Other"/>
  <Msr Val="1.0000005480001501" ValTyp="Other" Row="2018-01-30" RowTyp="Other"/>
  <Msr Val="1.000005479467067" ValTyp="Other" Row="2018-02-08" RowTyp="Other"/>
  <Msr Val="1.000013972700357" ValTyp="Other" Row="2018-02-15" RowTyp="Other"/>
  <Msr Val="1.000059453822103" ValTyp="Other" Row="2018-03-01" RowTyp="Other"/>
  <Msr Val="1.0002299015301563" ValTyp="Other" Row="2018-05-02" RowTyp="Other"/>
  <Msr Val="1.000553565676027" ValTyp="Other" Row="2018-08-01" RowTyp="Other"/>
  <Msr Val="1.0008321268475182" ValTyp="Other" Row="2018-11-01" RowTyp="Other"/>
  <Msr Val="1.0012105951932038" ValTyp="Other" Row="2019-02-01" RowTyp="Other"/>
  <Msr Val="1.0016353567699436" ValTyp="Other" Row="2019-05-02" RowTyp="Other"/>
  <Msr Val="1.0021096466701536" ValTyp="Other" Row="2019-08-01" RowTyp="Other"/>
  <Msr Val="1.002643279862725" ValTyp="Other" Row="2019-11-01" RowTyp="Other"/>
  <Msr Val="1.0032271137642164" ValTyp="Other" Row="2020-02-03" RowTyp="Other"/>
  <Msr Val="1.0054406604766493" ValTyp="Other" Row="2021-02-01" RowTyp="Other"/>
  <Msr Val="1.008261903465514" ValTyp="Other" Row="2022-02-01" RowTyp="Other"/>
  <Msr Val="1.011597432235447" ValTyp="Other" Row="2023-02-01" RowTyp="Other"/>
  <Msr Val="1.0163687000253794" ValTyp="Other" Row="2024-02-01" RowTyp="Other"/>
  <Msr Val="1.022029364883553" ValTyp="Other" Row="2025-02-03" RowTyp="Other"/>
  <Msr Val="1.0317670301595434" ValTyp="Other" Row="2026-02-02" RowTyp="Other"/>
  <Msr Val="1.0376475339218956" ValTyp="Other" Row="2027-02-01" RowTyp="Other"/>
  <Msr Val="1.0419106221700096" ValTyp="Other" Row="2028-02-01" RowTyp="Other"/>
  <Msr Val="1.0505012143339043" ValTyp="Other" Row="2030-02-01" RowTyp="Other"/>
  <Msr Val="1.0635141175019382" ValTyp="Other" Row="2033-02-01" RowTyp="Other"/>
  <Msr Val="1.0855533565427122" ValTyp="Other" Row="2038-02-01" RowTyp="Other"/>
  <Msr Val="1.1080617621310789" ValTyp="Other" Row="2043-02-02" RowTyp="Other"/>
</Curve>

<Mtrx Name="EUR-REP.MC">
  <Undly PxStrctTyp="EQ_DIVIDENDS" IssuDtTm="2018-01-29" LastUpdateTm="2018-01-19"/>
  <Msr Val="2018-06-15" ValTyp="Other" Col="PAYMENT_DATE" Row="0" ColTyp="Other" RowTyp="Other"/>
  <Msr Val="false" ValTyp="Other" Col="RELATIVE" Row="0" ColTyp="Other" RowTyp="Other"/>
  <Msr Val="0.92" ValTyp="Other" Col="TAX_RATE" Row="1" ColTyp="Other" RowTyp="Other"/>
  <Msr Val="0.92" ValTyp="Other" Col="TAX_RATE" Row="0" ColTyp="Other" RowTyp="Other"/>
  <Msr Val="2018-06-15" ValTyp="Other" Col="EX_DATE" Row="0" ColTyp="Other" RowTyp="Other"/>
  <Msr Val="2018-06-18" ValTyp="Other" Col="EX_DATE" Row="1" ColTyp="Other" RowTyp="Other"/>
  <Msr Val="2020-12-21" ValTyp="Other" Col="EX_DATE" Row="12" ColTyp="Other" RowTyp="Other"/>
  <Msr Val="2020-12-21" ValTyp="Other" Col="PAYMENT_DATE" Row="12" ColTyp="Other" RowTyp="Other"/>
  <Msr Val="0.0144432383151674" ValTyp="Other" Col="VALUE" Row="12" ColTyp="Other" RowTyp="Other"/>
  <Msr Val="true" ValTyp="Other" Col="RELATIVE" Row="12" ColTyp="Other" RowTyp="Other"/>
  <Msr Val="-1" ValTyp="Other" Col="TAX_RATE" Row="13" ColTyp="Other" RowTyp="Other"/>
  <Msr Val="2021-07-07" ValTyp="Other" Col="EX_DATE" Row="13" ColTyp="Other" RowTyp="Other"/>
  <Msr Val="2021-07-07" ValTyp="Other" Col="PAYMENT_DATE" Row="13" ColTyp="Other" RowTyp="Other"/>
  <Msr Val="0.0548544560139045" ValTyp="Other" Col="VALUE" Row="13" ColTyp="Other" RowTyp="Other"/>
  <Msr Val="false" ValTyp="Other" Col="RELATIVE" Row="13" ColTyp="Other" RowTyp="Other"/>
  <Msr Val="-1" ValTyp="Other" Col="TAX_RATE" Row="14" ColTyp="Other" RowTyp="Other"/>
  <Msr Val="2021-07-07" ValTyp="Other" Col="EX_DATE" Row="14" ColTyp="Other" RowTyp="Other"/>
  <Msr Val="2021-07-07" ValTyp="Other" Col="PAYMENT_DATE" Row="14" ColTyp="Other" RowTyp="Other"/>
  <Msr Val="0.0184643050942437" ValTyp="Other" Col="VALUE" Row="14" ColTyp="Other" RowTyp="Other"/>
  <Msr Val="true" ValTyp="Other" Col="RELATIVE" Row="14" ColTyp="Other" RowTyp="Other"/>
  <Msr Val="-1" ValTyp="Other" Col="TAX_RATE" Row="15" ColTyp="Other" RowTyp="Other"/>
  <Msr Val="2022-01-07" ValTyp="Other" Col="EX_DATE" Row="15" ColTyp="Other" RowTyp="Other"/>
  <Msr Val="2022-01-07" ValTyp="Other" Col="PAYMENT_DATE" Row="15" ColTyp="Other" RowTyp="Other"/>
  <Msr Val="0.0032998160092746" ValTyp="Other" Col="VALUE" Row="15" ColTyp="Other" RowTyp="Other"/>
  <Msr Val="false" ValTyp="Other" Col="RELATIVE" Row="15" ColTyp="Other" RowTyp="Other"/>
  <Msr Val="-1" ValTyp="Other" Col="TAX_RATE" Row="16" ColTyp="Other" RowTyp="Other"/>
  <Msr Val="2022-01-07" ValTyp="Other" Col="EX_DATE" Row="16" ColTyp="Other" RowTyp="Other"/>
  <Msr Val="2022-01-07" ValTyp="Other" Col="PAYMENT_DATE" Row="16" ColTyp="Other" RowTyp="Other"/>
  <Msr Val="0.0222089669921137" ValTyp="Other" Col="VALUE" Row="16" ColTyp="Other" RowTyp="Other"/>
  <Msr Val="true" ValTyp="Other" Col="RELATIVE" Row="16" ColTyp="Other" RowTyp="Other"/>
  <Msr Val="-1" ValTyp="Other" Col="TAX_RATE" Row="17" ColTyp="Other" RowTyp="Other"/>
  <Msr Val="2022-07-07" ValTyp="Other" Col="EX_DATE" Row="17" ColTyp="Other" RowTyp="Other"/>
  <Msr Val="2022-07-07" ValTyp="Other" Col="PAYMENT_DATE" Row="17" ColTyp="Other" RowTyp="Other"/>
  <Msr Val="0.0224530700470456" ValTyp="Other" Col="VALUE" Row="17" ColTyp="Other" RowTyp="Other"/>
  <Msr Val="true" ValTyp="Other" Col="RELATIVE" Row="17" ColTyp="Other" RowTyp="Other"/>
  <Msr Val="-1" ValTyp="Other" Col="TAX_RATE" Row="18" ColTyp="Other" RowTyp="Other"/>
  <Msr Val="2023-01-07" ValTyp="Other" Col="EX_DATE" Row="18" ColTyp="Other" RowTyp="Other"/>
  <Msr Val="2023-01-07" ValTyp="Other" Col="PAYMENT_DATE" Row="18" ColTyp="Other" RowTyp="Other"/>
  <Msr Val="0.0224533702502101" ValTyp="Other" Col="VALUE" Row="18" ColTyp="Other" RowTyp="Other"/>
  <Msr Val="true" ValTyp="Other" Col="RELATIVE" Row="18" ColTyp="Other" RowTyp="Other"/>
  <Msr Val="0.2576000000000003" ValTyp="Other" Col="VALUE" Row="0" ColTyp="Other" RowTyp="Other"/>
  <Msr Val="false" ValTyp="Other" Col="RELATIVE" Row="1" ColTyp="Other" RowTyp="Other"/>
  <Msr Val="0.9" ValTyp="Other" Col="TAX_RATE" Row="2" ColTyp="Other" RowTyp="Other"/>
  <Msr Val="2018-06-18" ValTyp="Other" Col="PAYMENT_DATE" Row="1" ColTyp="Other" RowTyp="Other"/>
  <Msr Val="2018-12-24" ValTyp="Other" Col="EX_DATE" Row="2" ColTyp="Other" RowTyp="Other"/>
  <Msr Val="2018-12-24" ValTyp="Other" Col="PAYMENT_DATE" Row="2" ColTyp="Other" RowTyp="Other"/>
  <Msr Val="0.3419999999999982" ValTyp="Other" Col="VALUE" Row="2" ColTyp="Other" RowTyp="Other"/>
  <Msr Val="false" ValTyp="Other" Col="RELATIVE" Row="2" ColTyp="Other" RowTyp="Other"/>
  <Msr Val="-1" ValTyp="Other" Col="TAX_RATE" Row="3" ColTyp="Other" RowTyp="Other"/>
  <Msr Val="2019-06-17" ValTyp="Other" Col="EX_DATE" Row="3" ColTyp="Other" RowTyp="Other"/>
  <Msr Val="2019-06-17" ValTyp="Other" Col="PAYMENT_DATE" Row="3" ColTyp="Other" RowTyp="Other"/>
  <Msr Val="0.1288000000000016" ValTyp="Other" Col="VALUE" Row="1" ColTyp="Other" RowTyp="Other"/>
  <Msr Val="0.2349915059431504" ValTyp="Other" Col="VALUE" Row="3" ColTyp="Other" RowTyp="Other"/>
  <Msr Val="false" ValTyp="Other" Col="RELATIVE" Row="3" ColTyp="Other" RowTyp="Other"/>
  <Msr Val="-1" ValTyp="Other" Col="TAX_RATE" Row="4" ColTyp="Other" RowTyp="Other"/>
  <Msr Val="2019-06-17" ValTyp="Other" Col="EX_DATE" Row="4" ColTyp="Other" RowTyp="Other"/>
  <Msr Val="2019-06-17" ValTyp="Other" Col="PAYMENT_DATE" Row="4" ColTyp="Other" RowTyp="Other"/>
  <Msr Val="0.0025274973096278" ValTyp="Other" Col="VALUE" Row="4" ColTyp="Other" RowTyp="Other"/>
  <Msr Val="true" ValTyp="Other" Col="RELATIVE" Row="4" ColTyp="Other" RowTyp="Other"/>
  <Msr Val="-1" ValTyp="Other" Col="TAX_RATE" Row="5" ColTyp="Other" RowTyp="Other"/>
  <Msr Val="2019-06-24" ValTyp="Other" Col="EX_DATE" Row="5" ColTyp="Other" RowTyp="Other"/>
  <Msr Val="2019-06-24" ValTyp="Other" Col="PAYMENT_DATE" Row="5" ColTyp="Other" RowTyp="Other"/>
  <Msr Val="0.0677078015808348" ValTyp="Other" Col="VALUE" Row="5" ColTyp="Other" RowTyp="Other"/>
  <Msr Val="false" ValTyp="Other" Col="RELATIVE" Row="5" ColTyp="Other" RowTyp="Other"/>
  <Msr Val="-1" ValTyp="Other" Col="TAX_RATE" Row="6" ColTyp="Other" RowTyp="Other"/>
  <Msr Val="2019-06-24" ValTyp="Other" Col="EX_DATE" Row="6" ColTyp="Other" RowTyp="Other"/>
  <Msr Val="2019-06-24" ValTyp="Other" Col="PAYMENT_DATE" Row="6" ColTyp="Other" RowTyp="Other"/>
  <Msr Val="0.0007825204054056" ValTyp="Other" Col="VALUE" Row="6" ColTyp="Other" RowTyp="Other"/>
  <Msr Val="true" ValTyp="Other" Col="RELATIVE" Row="6" ColTyp="Other" RowTyp="Other"/>
  <Msr Val="-1" ValTyp="Other" Col="TAX_RATE" Row="7" ColTyp="Other" RowTyp="Other"/>
  <Msr Val="2019-12-23" ValTyp="Other" Col="EX_DATE" Row="7" ColTyp="Other" RowTyp="Other"/>
  <Msr Val="2019-12-23" ValTyp="Other" Col="PAYMENT_DATE" Row="7" ColTyp="Other" RowTyp="Other"/>
  <Msr Val="0.2232128341222922" ValTyp="Other" Col="VALUE" Row="7" ColTyp="Other" RowTyp="Other"/>
  <Msr Val="false" ValTyp="Other" Col="RELATIVE" Row="7" ColTyp="Other" RowTyp="Other"/>
  <Msr Val="-1" ValTyp="Other" Col="TAX_RATE" Row="8" ColTyp="Other" RowTyp="Other"/>
  <Msr Val="2019-12-23" ValTyp="Other" Col="EX_DATE" Row="8" ColTyp="Other" RowTyp="Other"/>
  <Msr Val="2019-12-23" ValTyp="Other" Col="PAYMENT_DATE" Row="8" ColTyp="Other" RowTyp="Other"/>
  <Msr Val="0.0070055394520178" ValTyp="Other" Col="VALUE" Row="8" ColTyp="Other" RowTyp="Other"/>
  <Msr Val="true" ValTyp="Other" Col="RELATIVE" Row="8" ColTyp="Other" RowTyp="Other"/>
  <Msr Val="-1" ValTyp="Other" Col="TAX_RATE" Row="9" ColTyp="Other" RowTyp="Other"/>
  <Msr Val="2020-06-15" ValTyp="Other" Col="EX_DATE" Row="9" ColTyp="Other" RowTyp="Other"/>
  <Msr Val="2020-06-15" ValTyp="Other" Col="PAYMENT_DATE" Row="9" ColTyp="Other" RowTyp="Other"/>
  <Msr Val="0.1693294905705657" ValTyp="Other" Col="VALUE" Row="9" ColTyp="Other" RowTyp="Other"/>
  <Msr Val="false" ValTyp="Other" Col="RELATIVE" Row="9" ColTyp="Other" RowTyp="Other"/>
  <Msr Val="-1" ValTyp="Other" Col="TAX_RATE" Row="10" ColTyp="Other" RowTyp="Other"/>
  <Msr Val="2020-06-15" ValTyp="Other" Col="EX_DATE" Row="10" ColTyp="Other" RowTyp="Other"/>
  <Msr Val="2020-06-15" ValTyp="Other" Col="PAYMENT_DATE" Row="10" ColTyp="Other" RowTyp="Other"/>
  <Msr Val="0.0106182539778251" ValTyp="Other" Col="VALUE" Row="10" ColTyp="Other" RowTyp="Other"/>
  <Msr Val="true" ValTyp="Other" Col="RELATIVE" Row="10" ColTyp="Other" RowTyp="Other"/>
  <Msr Val="-1" ValTyp="Other" Col="TAX_RATE" Row="11" ColTyp="Other" RowTyp="Other"/>
  <Msr Val="2020-12-21" ValTyp="Other" Col="EX_DATE" Row="11" ColTyp="Other" RowTyp="Other"/>
  <Msr Val="2020-12-21" ValTyp="Other" Col="PAYMENT_DATE" Row="11" ColTyp="Other" RowTyp="Other"/>
  <Msr Val="0.1122881841747048" ValTyp="Other" Col="VALUE" Row="11" ColTyp="Other" RowTyp="Other"/>
  <Msr Val="false" ValTyp="Other" Col="RELATIVE" Row="11" ColTyp="Other" RowTyp="Other"/>
  <Msr Val="-1" ValTyp="Other" Col="TAX_RATE" Row="12" ColTyp="Other" RowTyp="Other"/>
  <Msr Val="-1" ValTyp="Other" Col="TAX_RATE" Row="19" ColTyp="Other" RowTyp="Other"/>
  <Msr Val="true" ValTyp="Other" Col="RELATIVE" Row="24" ColTyp="Other" RowTyp="Other"/>
  <Msr Val="-1" ValTyp="Other" Col="TAX_RATE" Row="25" ColTyp="Other" RowTyp="Other"/>
  <Msr Val="2026-07-06" ValTyp="Other" Col="EX_DATE" Row="25" ColTyp="Other" RowTyp="Other"/>
  <Msr Val="2026-07-06" ValTyp="Other" Col="PAYMENT_DATE" Row="25" ColTyp="Other" RowTyp="Other"/>
  <Msr Val="0.0224556740104834" ValTyp="Other" Col="VALUE" Row="25" ColTyp="Other" RowTyp="Other"/>
  <Msr Val="true" ValTyp="Other" Col="RELATIVE" Row="25" ColTyp="Other" RowTyp="Other"/>
  <Msr Val="-1" ValTyp="Other" Col="TAX_RATE" Row="26" ColTyp="Other" RowTyp="Other"/>
  <Msr Val="2027-01-06" ValTyp="Other" Col="EX_DATE" Row="26" ColTyp="Other" RowTyp="Other"/>
  <Msr Val="2027-01-06" ValTyp="Other" Col="PAYMENT_DATE" Row="26" ColTyp="Other" RowTyp="Other"/>
  <Msr Val="0.0224560340662482" ValTyp="Other" Col="VALUE" Row="26" ColTyp="Other" RowTyp="Other"/>
  <Msr Val="true" ValTyp="Other" Col="RELATIVE" Row="26" ColTyp="Other" RowTyp="Other"/>
  <Msr Val="-1" ValTyp="Other" Col="TAX_RATE" Row="27" ColTyp="Other" RowTyp="Other"/>
  <Msr Val="2027-07-06" ValTyp="Other" Col="EX_DATE" Row="27" ColTyp="Other" RowTyp="Other"/>
  <Msr Val="2027-07-06" ValTyp="Other" Col="PAYMENT_DATE" Row="27" ColTyp="Other" RowTyp="Other"/>
  <Msr Val="0.0224564023990806" ValTyp="Other" Col="VALUE" Row="27" ColTyp="Other" RowTyp="Other"/>
  <Msr Val="true" ValTyp="Other" Col="RELATIVE" Row="27" ColTyp="Other" RowTyp="Other"/>
  <Msr Val="-1" ValTyp="Other" Col="TAX_RATE" Row="28" ColTyp="Other" RowTyp="Other"/>
  <Msr Val="2028-01-06" ValTyp="Other" Col="EX_DATE" Row="28" ColTyp="Other" RowTyp="Other"/>
  <Msr Val="2028-01-06" ValTyp="Other" Col="PAYMENT_DATE" Row="28" ColTyp="Other" RowTyp="Other"/>
  <Msr Val="0.0224567791995369" ValTyp="Other" Col="VALUE" Row="28" ColTyp="Other" RowTyp="Other"/>
  <Msr Val="true" ValTyp="Other" Col="RELATIVE" Row="28" ColTyp="Other" RowTyp="Other"/>
  <Msr Val="-1" ValTyp="Other" Col="TAX_RATE" Row="29" ColTyp="Other" RowTyp="Other"/>
  <Msr Val="2028-07-05" ValTyp="Other" Col="EX_DATE" Row="29" ColTyp="Other" RowTyp="Other"/>
  <Msr Val="2028-07-05" ValTyp="Other" Col="PAYMENT_DATE" Row="29" ColTyp="Other" RowTyp="Other"/>
  <Msr Val="0.022457164662575" ValTyp="Other" Col="VALUE" Row="29" ColTyp="Other" RowTyp="Other"/>
  <Msr Val="true" ValTyp="Other" Col="RELATIVE" Row="29" ColTyp="Other" RowTyp="Other"/>
  <Msr Val="-1" ValTyp="Other" Col="TAX_RATE" Row="30" ColTyp="Other" RowTyp="Other"/>
  <Msr Val="2029-01-05" ValTyp="Other" Col="EX_DATE" Row="30" ColTyp="Other" RowTyp="Other"/>
  <Msr Val="2029-01-05" ValTyp="Other" Col="PAYMENT_DATE" Row="30" ColTyp="Other" RowTyp="Other"/>
  <Msr Val="0.022457558987652" ValTyp="Other" Col="VALUE" Row="30" ColTyp="Other" RowTyp="Other"/>
  <Msr Val="true" ValTyp="Other" Col="RELATIVE" Row="30" ColTyp="Other" RowTyp="Other"/>
  <Msr Val="-1" ValTyp="Other" Col="TAX_RATE" Row="31" ColTyp="Other" RowTyp="Other"/>
  <Msr Val="2029-07-05" ValTyp="Other" Col="EX_DATE" Row="31" ColTyp="Other" RowTyp="Other"/>
  <Msr Val="2029-07-05" ValTyp="Other" Col="PAYMENT_DATE" Row="31" ColTyp="Other" RowTyp="Other"/>
  <Msr Val="0.022457962378834" ValTyp="Other" Col="VALUE" Row="31" ColTyp="Other" RowTyp="Other"/>
  <Msr Val="true" ValTyp="Other" Col="RELATIVE" Row="31" ColTyp="Other" RowTyp="Other"/>
  <Msr Val="2023-07-07" ValTyp="Other" Col="EX_DATE" Row="19" ColTyp="Other" RowTyp="Other"/>
  <Msr Val="2023-07-07" ValTyp="Other" Col="PAYMENT_DATE" Row="19" ColTyp="Other" RowTyp="Other"/>
  <Msr Val="0.0224536773528783" ValTyp="Other" Col="VALUE" Row="19" ColTyp="Other" RowTyp="Other"/>
  <Msr Val="true" ValTyp="Other" Col="RELATIVE" Row="19" ColTyp="Other" RowTyp="Other"/>
  <Msr Val="-1" ValTyp="Other" Col="TAX_RATE" Row="20" ColTyp="Other" RowTyp="Other"/>
  <Msr Val="2024-01-07" ValTyp="Other" Col="EX_DATE" Row="20" ColTyp="Other" RowTyp="Other"/>
  <Msr Val="2024-01-07" ValTyp="Other" Col="PAYMENT_DATE" Row="20" ColTyp="Other" RowTyp="Other"/>
  <Msr Val="0.0224539915138152" ValTyp="Other" Col="VALUE" Row="20" ColTyp="Other" RowTyp="Other"/>
  <Msr Val="true" ValTyp="Other" Col="RELATIVE" Row="20" ColTyp="Other" RowTyp="Other"/>
  <Msr Val="-1" ValTyp="Other" Col="TAX_RATE" Row="21" ColTyp="Other" RowTyp="Other"/>
  <Msr Val="2024-07-06" ValTyp="Other" Col="EX_DATE" Row="21" ColTyp="Other" RowTyp="Other"/>
  <Msr Val="2024-07-06" ValTyp="Other" Col="PAYMENT_DATE" Row="21" ColTyp="Other" RowTyp="Other"/>
  <Msr Val="0.0224543128954481" ValTyp="Other" Col="VALUE" Row="21" ColTyp="Other" RowTyp="Other"/>
  <Msr Val="true" ValTyp="Other" Col="RELATIVE" Row="21" ColTyp="Other" RowTyp="Other"/>
  <Msr Val="-1" ValTyp="Other" Col="TAX_RATE" Row="22" ColTyp="Other" RowTyp="Other"/>
  <Msr Val="2025-01-06" ValTyp="Other" Col="EX_DATE" Row="22" ColTyp="Other" RowTyp="Other"/>
  <Msr Val="2025-01-06" ValTyp="Other" Col="PAYMENT_DATE" Row="22" ColTyp="Other" RowTyp="Other"/>
  <Msr Val="0.0224546416639519" ValTyp="Other" Col="VALUE" Row="22" ColTyp="Other" RowTyp="Other"/>
  <Msr Val="true" ValTyp="Other" Col="RELATIVE" Row="22" ColTyp="Other" RowTyp="Other"/>
  <Msr Val="-1" ValTyp="Other" Col="TAX_RATE" Row="23" ColTyp="Other" RowTyp="Other"/>
  <Msr Val="2025-07-06" ValTyp="Other" Col="EX_DATE" Row="23" ColTyp="Other" RowTyp="Other"/>
  <Msr Val="2025-07-06" ValTyp="Other" Col="PAYMENT_DATE" Row="23" ColTyp="Other" RowTyp="Other"/>
  <Msr Val="0.0224549779893353" ValTyp="Other" Col="VALUE" Row="23" ColTyp="Other" RowTyp="Other"/>
  <Msr Val="true" ValTyp="Other" Col="RELATIVE" Row="23" ColTyp="Other" RowTyp="Other"/>
  <Msr Val="-1" ValTyp="Other" Col="TAX_RATE" Row="24" ColTyp="Other" RowTyp="Other"/>
  <Msr Val="2026-01-06" ValTyp="Other" Col="EX_DATE" Row="24" ColTyp="Other" RowTyp="Other"/>
  <Msr Val="2026-01-06" ValTyp="Other" Col="PAYMENT_DATE" Row="24" ColTyp="Other" RowTyp="Other"/>
  <Msr Val="0.0224553220455304" ValTyp="Other" Col="VALUE" Row="24" ColTyp="Other" RowTyp="Other"/>
  <Msr Val="-1" ValTyp="Other" Col="TAX_RATE" Row="32" ColTyp="Other" RowTyp="Other"/>
  <Msr Val="2030-01-05" ValTyp="Other" Col="EX_DATE" Row="32" ColTyp="Other" RowTyp="Other"/>
  <Msr Val="2030-01-05" ValTyp="Other" Col="PAYMENT_DATE" Row="32" ColTyp="Other" RowTyp="Other"/>
  <Msr Val="0.0224583750449016" ValTyp="Other" Col="VALUE" Row="32" ColTyp="Other" RowTyp="Other"/>
  <Msr Val="true" ValTyp="Other" Col="RELATIVE" Row="32" ColTyp="Other" RowTyp="Other"/>
  <Msr Val="-1" ValTyp="Other" Col="TAX_RATE" Row="33" ColTyp="Other" RowTyp="Other"/>
  <Msr Val="2030-07-05" ValTyp="Other" Col="EX_DATE" Row="33" ColTyp="Other" RowTyp="Other"/>
  <Msr Val="2030-07-05" ValTyp="Other" Col="PAYMENT_DATE" Row="33" ColTyp="Other" RowTyp="Other"/>
  <Msr Val="0.0224587971994563" ValTyp="Other" Col="VALUE" Row="33" ColTyp="Other" RowTyp="Other"/>
  <Msr Val="true" ValTyp="Other" Col="RELATIVE" Row="33" ColTyp="Other" RowTyp="Other"/>
</Mtrx>

<Mtrx Name="EUR-REP.MC">
  <Undly PxStrctTyp="EQ_ORC_PARAMS" IssuDtTm="2018-01-29" LastUpdateTm="2018-01-24"/>
  <Msr Val="EUR-REP.MC" ValTyp="Other" Col="NAME_ORC" Row="2021-01-29" ColTyp="Other" RowTyp="Other"/>
  <Msr Val="EUR-REP.MC" ValTyp="Other" Col="NAME_MUREX" Row="2021-01-29" ColTyp="Other" RowTyp="Other"/>
  <Msr Val="2021-01-29" ValTyp="Other" Col="EXPIRY" Row="2021-01-29" ColTyp="Other" RowTyp="Other"/>
  <Msr Val="15.72" ValTyp="Other" Col="ATM_FWD" Row="2021-01-29" ColTyp="Other" RowTyp="Other"/>
  <Msr Val="15.72" ValTyp="Other" Col="REF_FWD" Row="2021-01-29" ColTyp="Other" RowTyp="Other"/>
  <Msr Val="0.0708319302279347" ValTyp="Other" Col="CALL_CURV" Row="2021-01-29" ColTyp="Other" RowTyp="Other"/>
  <Msr Val="-0.5108256237659907" ValTyp="Other" Col="DOWN_CUT" Row="2021-01-29" ColTyp="Other" RowTyp="Other"/>
  <Msr Val="3.507575551943848" ValTyp="Other" Col="DOWN_SMOOTH_RT" Row="2021-01-29" ColTyp="Other" RowTyp="Other"/>
  <Msr Val="0.0391838497652877" ValTyp="Other" Col="PUT_CURV" Row="2021-01-29" ColTyp="Other" RowTyp="Other"/>
  <Msr Val="0" ValTyp="Other" Col="SLOPE_CH_RT" Row="2021-01-29" ColTyp="Other" RowTyp="Other"/>
  <Msr Val="-0.0779829029848947" ValTyp="Other" Col="SLOPE_REF" Row="2021-01-29" ColTyp="Other" RowTyp="Other"/>
  <Msr Val="0" ValTyp="Other" Col="SLOPE_SWIMM_RT" Row="2021-01-29" ColTyp="Other" RowTyp="Other"/>
  <Msr Val="0.3364722366212129" ValTyp="Other" Col="UP_CUT" Row="2021-01-29" ColTyp="Other" RowTyp="Other"/>
  <Msr Val="1.0600427171061453" ValTyp="Other" Col="UP_SMOOTH_RT" Row="2021-01-29" ColTyp="Other" RowTyp="Other"/>
  <Msr Val="0" ValTyp="Other" Col="VOL_CH_RT" Row="2021-01-29" ColTyp="Other" RowTyp="Other"/>
  <Msr Val="0.1966774786733957" ValTyp="Other" Col="VOL_REF" Row="2021-01-29" ColTyp="Other" RowTyp="Other"/>
  <Msr Val="_" ValTyp="Other" Col="FEEDCODE" Row="2021-01-29" ColTyp="Other" RowTyp="Other"/>
  <Msr Val="EUR-REP.MC" ValTyp="Other" Col="NAME_ORC" Row="2020-01-29" ColTyp="Other" RowTyp="Other"/>
  <Msr Val="EUR-REP.MC" ValTyp="Other" Col="NAME_MUREX" Row="2020-01-29" ColTyp="Other" RowTyp="Other"/>
  <Msr Val="2020-01-29" ValTyp="Other" Col="EXPIRY" Row="2020-01-29" ColTyp="Other" RowTyp="Other"/>
  <Msr Val="15.72" ValTyp="Other" Col="ATM_FWD" Row="2020-01-29" ColTyp="Other" RowTyp="Other"/>
  <Msr Val="15.72" ValTyp="Other" Col="REF_FWD" Row="2020-01-29" ColTyp="Other" RowTyp="Other"/>
  <Msr Val="0.1285291073014236" ValTyp="Other" Col="CALL_CURV" Row="2020-01-29" ColTyp="Other" RowTyp="Other"/>
  <Msr Val="-0.5108256237659907" ValTyp="Other" Col="DOWN_CUT" Row="2020-01-29" ColTyp="Other" RowTyp="Other"/>
  <Msr Val="3.507575551943848" ValTyp="Other" Col="DOWN_SMOOTH_RT" Row="2020-01-29" ColTyp="Other" RowTyp="Other"/>
  <Msr Val="0.065235468944822" ValTyp="Other" Col="PUT_CURV" Row="2020-01-29" ColTyp="Other" RowTyp="Other"/>
  <Msr Val="0" ValTyp="Other" Col="SLOPE_CH_RT" Row="2020-01-29" ColTyp="Other" RowTyp="Other"/>
  <Msr Val="-0.0974786287311184" ValTyp="Other" Col="SLOPE_REF" Row="2020-01-29" ColTyp="Other" RowTyp="Other"/>
  <Msr Val="0" ValTyp="Other" Col="SLOPE_SWIMM_RT" Row="2020-01-29" ColTyp="Other" RowTyp="Other"/>
  <Msr Val="0.3364722366212129" ValTyp="Other" Col="UP_CUT" Row="2020-01-29" ColTyp="Other" RowTyp="Other"/>
  <Msr Val="1.0600427171061453" ValTyp="Other" Col="UP_SMOOTH_RT" Row="2020-01-29" ColTyp="Other" RowTyp="Other"/>
  <Msr Val="0" ValTyp="Other" Col="VOL_CH_RT" Row="2020-01-29" ColTyp="Other" RowTyp="Other"/>
  <Msr Val="0.1954928000552869" ValTyp="Other" Col="VOL_REF" Row="2020-01-29" ColTyp="Other" RowTyp="Other"/>
  <Msr Val="_" ValTyp="Other" Col="FEEDCODE" Row="2020-01-29" ColTyp="Other" RowTyp="Other"/>
  <Msr Val="EUR-REP.MC" ValTyp="Other" Col="NAME_ORC" Row="2019-01-29" ColTyp="Other" RowTyp="Other"/>
  <Msr Val="EUR-REP.MC" ValTyp="Other" Col="NAME_MUREX" Row="2019-01-29" ColTyp="Other" RowTyp="Other"/>
  <Msr Val="2019-01-29" ValTyp="Other" Col="EXPIRY" Row="2019-01-29" ColTyp="Other" RowTyp="Other"/>
  <Msr Val="15.72" ValTyp="Other" Col="ATM_FWD" Row="2019-01-29" ColTyp="Other" RowTyp="Other"/>
  <Msr Val="15.72" ValTyp="Other" Col="REF_FWD" Row="2019-01-29" ColTyp="Other" RowTyp="Other"/>
  <Msr Val="0.2755224472324676" ValTyp="Other" Col="CALL_CURV" Row="2019-01-29" ColTyp="Other" RowTyp="Other"/>
  <Msr Val="-0.5108256237659907" ValTyp="Other" Col="DOWN_CUT" Row="2019-01-29" ColTyp="Other" RowTyp="Other"/>
  <Msr Val="3.507575551943848" ValTyp="Other" Col="DOWN_SMOOTH_RT" Row="2019-01-29" ColTyp="Other" RowTyp="Other"/>
  <Msr Val="0.1380194559603256" ValTyp="Other" Col="PUT_CURV" Row="2019-01-29" ColTyp="Other" RowTyp="Other"/>
  <Msr Val="0" ValTyp="Other" Col="SLOPE_CH_RT" Row="2019-01-29" ColTyp="Other" RowTyp="Other"/>
  <Msr Val="-0.1462179430966775" ValTyp="Other" Col="SLOPE_REF" Row="2019-01-29" ColTyp="Other" RowTyp="Other"/>
  <Msr Val="0" ValTyp="Other" Col="SLOPE_SWIMM_RT" Row="2019-01-29" ColTyp="Other" RowTyp="Other"/>
  <Msr Val="0.3364722366212129" ValTyp="Other" Col="UP_CUT" Row="2019-01-29" ColTyp="Other" RowTyp="Other"/>
  <Msr Val="1.0600427171061453" ValTyp="Other" Col="UP_SMOOTH_RT" Row="2019-01-29" ColTyp="Other" RowTyp="Other"/>
  <Msr Val="0" ValTyp="Other" Col="VOL_CH_RT" Row="2019-01-29" ColTyp="Other" RowTyp="Other"/>
  <Msr Val="0.1935229020375315" ValTyp="Other" Col="VOL_REF" Row="2019-01-29" ColTyp="Other" RowTyp="Other"/>
  <Msr Val="_" ValTyp="Other" Col="FEEDCODE" Row="2019-01-29" ColTyp="Other" RowTyp="Other"/>
  <Msr Val="EUR-REP.MC" ValTyp="Other" Col="NAME_ORC" Row="2022-01-31" ColTyp="Other" RowTyp="Other"/>
  <Msr Val="EUR-REP.MC" ValTyp="Other" Col="NAME_MUREX" Row="2022-01-31" ColTyp="Other" RowTyp="Other"/>
  <Msr Val="2022-01-31" ValTyp="Other" Col="EXPIRY" Row="2022-01-31" ColTyp="Other" RowTyp="Other"/>
  <Msr Val="15.72" ValTyp="Other" Col="ATM_FWD" Row="2022-01-31" ColTyp="Other" RowTyp="Other"/>
  <Msr Val="15.72" ValTyp="Other" Col="REF_FWD" Row="2022-01-31" ColTyp="Other" RowTyp="Other"/>
  <Msr Val="0.0510777545213798" ValTyp="Other" Col="CALL_CURV" Row="2022-01-31" ColTyp="Other" RowTyp="Other"/>
  <Msr Val="-0.5108256237659907" ValTyp="Other" Col="DOWN_CUT" Row="2022-01-31" ColTyp="Other" RowTyp="Other"/>
  <Msr Val="3.507575551943848" ValTyp="Other" Col="DOWN_SMOOTH_RT" Row="2022-01-31" ColTyp="Other" RowTyp="Other"/>
  <Msr Val="0.0265405587585408" ValTyp="Other" Col="PUT_CURV" Row="2022-01-31" ColTyp="Other" RowTyp="Other"/>
  <Msr Val="0" ValTyp="Other" Col="SLOPE_CH_RT" Row="2022-01-31" ColTyp="Other" RowTyp="Other"/>
  <Msr Val="-0.0697887565912738" ValTyp="Other" Col="SLOPE_REF" Row="2022-01-31" ColTyp="Other" RowTyp="Other"/>
  <Msr Val="0" ValTyp="Other" Col="SLOPE_SWIMM_RT" Row="2022-01-31" ColTyp="Other" RowTyp="Other"/>
  <Msr Val="0.3364722366212129" ValTyp="Other" Col="UP_CUT" Row="2022-01-31" ColTyp="Other" RowTyp="Other"/>
  <Msr Val="1.0600427171061453" ValTyp="Other" Col="UP_SMOOTH_RT" Row="2022-01-31" ColTyp="Other" RowTyp="Other"/>
  <Msr Val="0" ValTyp="Other" Col="VOL_CH_RT" Row="2022-01-31" ColTyp="Other" RowTyp="Other"/>
  <Msr Val="0.1976016995992987" ValTyp="Other" Col="VOL_REF" Row="2022-01-31" ColTyp="Other" RowTyp="Other"/>
  <Msr Val="_" ValTyp="Other" Col="FEEDCODE" Row="2022-01-31" ColTyp="Other" RowTyp="Other"/>
  <Msr Val="EUR-REP.MC" ValTyp="Other" Col="NAME_ORC" Row="2023-01-30" ColTyp="Other" RowTyp="Other"/>
  <Msr Val="EUR-REP.MC" ValTyp="Other" Col="NAME_MUREX" Row="2023-01-30" ColTyp="Other" RowTyp="Other"/>
  <Msr Val="2023-01-30" ValTyp="Other" Col="EXPIRY" Row="2023-01-30" ColTyp="Other" RowTyp="Other"/>
  <Msr Val="15.72" ValTyp="Other" Col="ATM_FWD" Row="2023-01-30" ColTyp="Other" RowTyp="Other"/>
  <Msr Val="15.72" ValTyp="Other" Col="REF_FWD" Row="2023-01-30" ColTyp="Other" RowTyp="Other"/>
  <Msr Val="0.0456884598108124" ValTyp="Other" Col="CALL_CURV" Row="2023-01-30" ColTyp="Other" RowTyp="Other"/>
  <Msr Val="-0.5108256237659907" ValTyp="Other" Col="DOWN_CUT" Row="2023-01-30" ColTyp="Other" RowTyp="Other"/>
  <Msr Val="3.507575551943848" ValTyp="Other" Col="DOWN_SMOOTH_RT" Row="2023-01-30" ColTyp="Other" RowTyp="Other"/>
  <Msr Val="0.0237402224032486" ValTyp="Other" Col="PUT_CURV" Row="2023-01-30" ColTyp="Other" RowTyp="Other"/>
  <Msr Val="0" ValTyp="Other" Col="SLOPE_CH_RT" Row="2023-01-30" ColTyp="Other" RowTyp="Other"/>
  <Msr Val="-0.062425234441979" ValTyp="Other" Col="SLOPE_REF" Row="2023-01-30" ColTyp="Other" RowTyp="Other"/>
  <Msr Val="0" ValTyp="Other" Col="SLOPE_SWIMM_RT" Row="2023-01-30" ColTyp="Other" RowTyp="Other"/>
  <Msr Val="0.3364722366212129" ValTyp="Other" Col="UP_CUT" Row="2023-01-30" ColTyp="Other" RowTyp="Other"/>
  <Msr Val="1.0600427171061453" ValTyp="Other" Col="UP_SMOOTH_RT" Row="2023-01-30" ColTyp="Other" RowTyp="Other"/>
  <Msr Val="0" ValTyp="Other" Col="VOL_CH_RT" Row="2023-01-30" ColTyp="Other" RowTyp="Other"/>
  <Msr Val="0.1983970102177851" ValTyp="Other" Col="VOL_REF" Row="2023-01-30" ColTyp="Other" RowTyp="Other"/>
  <Msr Val="_" ValTyp="Other" Col="FEEDCODE" Row="2023-01-30" ColTyp="Other" RowTyp="Other"/>
  <Msr Val="EUR-REP.MC" ValTyp="Other" Col="NAME_ORC" Row="2028-01-31" ColTyp="Other" RowTyp="Other"/>
  <Msr Val="EUR-REP.MC" ValTyp="Other" Col="NAME_MUREX" Row="2028-01-31" ColTyp="Other" RowTyp="Other"/>
  <Msr Val="2028-01-31" ValTyp="Other" Col="EXPIRY" Row="2028-01-31" ColTyp="Other" RowTyp="Other"/>
  <Msr Val="15.72" ValTyp="Other" Col="ATM_FWD" Row="2028-01-31" ColTyp="Other" RowTyp="Other"/>
  <Msr Val="15.72" ValTyp="Other" Col="REF_FWD" Row="2028-01-31" ColTyp="Other" RowTyp="Other"/>
  <Msr Val="0.0323066197541944" ValTyp="Other" Col="CALL_CURV" Row="2028-01-31" ColTyp="Other" RowTyp="Other"/>
  <Msr Val="-0.5108256237659907" ValTyp="Other" Col="DOWN_CUT" Row="2028-01-31" ColTyp="Other" RowTyp="Other"/>
  <Msr Val="3.507575551943848" ValTyp="Other" Col="DOWN_SMOOTH_RT" Row="2028-01-31" ColTyp="Other" RowTyp="Other"/>
  <Msr Val="0.0167868722482138" ValTyp="Other" Col="PUT_CURV" Row="2028-01-31" ColTyp="Other" RowTyp="Other"/>
  <Msr Val="0" ValTyp="Other" Col="SLOPE_CH_RT" Row="2028-01-31" ColTyp="Other" RowTyp="Other"/>
  <Msr Val="-0.0441413065910834" ValTyp="Other" Col="SLOPE_REF" Row="2028-01-31" ColTyp="Other" RowTyp="Other"/>
  <Msr Val="0" ValTyp="Other" Col="SLOPE_SWIMM_RT" Row="2028-01-31" ColTyp="Other" RowTyp="Other"/>
  <Msr Val="0.3364722366212129" ValTyp="Other" Col="UP_CUT" Row="2028-01-31" ColTyp="Other" RowTyp="Other"/>
  <Msr Val="1.0600427171061453" ValTyp="Other" Col="UP_SMOOTH_RT" Row="2028-01-31" ColTyp="Other" RowTyp="Other"/>
  <Msr Val="0" ValTyp="Other" Col="VOL_CH_RT" Row="2028-01-31" ColTyp="Other" RowTyp="Other"/>
  <Msr Val="0.2021705812140342" ValTyp="Other" Col="VOL_REF" Row="2028-01-31" ColTyp="Other" RowTyp="Other"/>
  <Msr Val="_" ValTyp="Other" Col="FEEDCODE" Row="2028-01-31" ColTyp="Other" RowTyp="Other"/>
  <Msr Val="EUR-REP.MC" ValTyp="Other" Col="NAME_ORC" Row="2018-10-29" ColTyp="Other" RowTyp="Other"/>
  <Msr Val="EUR-REP.MC" ValTyp="Other" Col="NAME_MUREX" Row="2018-10-29" ColTyp="Other" RowTyp="Other"/>
  <Msr Val="2018-10-29" ValTyp="Other" Col="EXPIRY" Row="2018-10-29" ColTyp="Other" RowTyp="Other"/>
  <Msr Val="15.72" ValTyp="Other" Col="ATM_FWD" Row="2018-10-29" ColTyp="Other" RowTyp="Other"/>
  <Msr Val="15.72" ValTyp="Other" Col="REF_FWD" Row="2018-10-29" ColTyp="Other" RowTyp="Other"/>
  <Msr Val="0.3294670794754576" ValTyp="Other" Col="CALL_CURV" Row="2018-10-29" ColTyp="Other" RowTyp="Other"/>
  <Msr Val="-0.5108256237659907" ValTyp="Other" Col="DOWN_CUT" Row="2018-10-29" ColTyp="Other" RowTyp="Other"/>
  <Msr Val="3.507575551943848" ValTyp="Other" Col="DOWN_SMOOTH_RT" Row="2018-10-29" ColTyp="Other" RowTyp="Other"/>
  <Msr Val="0.206486052178813" ValTyp="Other" Col="PUT_CURV" Row="2018-10-29" ColTyp="Other" RowTyp="Other"/>
  <Msr Val="0" ValTyp="Other" Col="SLOPE_CH_RT" Row="2018-10-29" ColTyp="Other" RowTyp="Other"/>
  <Msr Val="-0.1790964873028052" ValTyp="Other" Col="SLOPE_REF" Row="2018-10-29" ColTyp="Other" RowTyp="Other"/>
  <Msr Val="0" ValTyp="Other" Col="SLOPE_SWIMM_RT" Row="2018-10-29" ColTyp="Other" RowTyp="Other"/>
  <Msr Val="0.3364722366212129" ValTyp="Other" Col="UP_CUT" Row="2018-10-29" ColTyp="Other" RowTyp="Other"/>
  <Msr Val="1.0600427171061453" ValTyp="Other" Col="UP_SMOOTH_RT" Row="2018-10-29" ColTyp="Other" RowTyp="Other"/>
  <Msr Val="0" ValTyp="Other" Col="VOL_CH_RT" Row="2018-10-29" ColTyp="Other" RowTyp="Other"/>
  <Msr Val="0.1928480617175375" ValTyp="Other" Col="VOL_REF" Row="2018-10-29" ColTyp="Other" RowTyp="Other"/>
  <Msr Val="_" ValTyp="Other" Col="FEEDCODE" Row="2018-10-29" ColTyp="Other" RowTyp="Other"/>
  <Msr Val="EUR-REP.MC" ValTyp="Other" Col="NAME_ORC" Row="2018-02-28" ColTyp="Other" RowTyp="Other"/>
  <Msr Val="EUR-REP.MC" ValTyp="Other" Col="NAME_MUREX" Row="2018-02-28" ColTyp="Other" RowTyp="Other"/>
  <Msr Val="2018-02-28" ValTyp="Other" Col="EXPIRY" Row="2018-02-28" ColTyp="Other" RowTyp="Other"/>
  <Msr Val="15.72" ValTyp="Other" Col="ATM_FWD" Row="2018-02-28" ColTyp="Other" RowTyp="Other"/>
  <Msr Val="15.72" ValTyp="Other" Col="REF_FWD" Row="2018-02-28" ColTyp="Other" RowTyp="Other"/>
  <Msr Val="1.2078132841320242" ValTyp="Other" Col="CALL_CURV" Row="2018-02-28" ColTyp="Other" RowTyp="Other"/>
  <Msr Val="-0.5108256237659907" ValTyp="Other" Col="DOWN_CUT" Row="2018-02-28" ColTyp="Other" RowTyp="Other"/>
  <Msr Val="3.507575551943848" ValTyp="Other" Col="DOWN_SMOOTH_RT" Row="2018-02-28" ColTyp="Other" RowTyp="Other"/>
  <Msr Val="0.8378539619358486" ValTyp="Other" Col="PUT_CURV" Row="2018-02-28" ColTyp="Other" RowTyp="Other"/>
  <Msr Val="0" ValTyp="Other" Col="SLOPE_CH_RT" Row="2018-02-28" ColTyp="Other" RowTyp="Other"/>
  <Msr Val="-0.3216794748126906" ValTyp="Other" Col="SLOPE_REF" Row="2018-02-28" ColTyp="Other" RowTyp="Other"/>
  <Msr Val="0" ValTyp="Other" Col="SLOPE_SWIMM_RT" Row="2018-02-28" ColTyp="Other" RowTyp="Other"/>
  <Msr Val="0.3364722366212129" ValTyp="Other" Col="UP_CUT" Row="2018-02-28" ColTyp="Other" RowTyp="Other"/>
  <Msr Val="1.0600427171061453" ValTyp="Other" Col="UP_SMOOTH_RT" Row="2018-02-28" ColTyp="Other" RowTyp="Other"/>
  <Msr Val="0" ValTyp="Other" Col="VOL_CH_RT" Row="2018-02-28" ColTyp="Other" RowTyp="Other"/>
  <Msr Val="0.1816744426838126" ValTyp="Other" Col="VOL_REF" Row="2018-02-28" ColTyp="Other" RowTyp="Other"/>
  <Msr Val="_" ValTyp="Other" Col="FEEDCODE" Row="2018-02-28" ColTyp="Other" RowTyp="Other"/>
  <Msr Val="EUR-REP.MC" ValTyp="Other" Col="NAME_ORC" Row="2018-07-30" ColTyp="Other" RowTyp="Other"/>
  <Msr Val="EUR-REP.MC" ValTyp="Other" Col="NAME_MUREX" Row="2018-07-30" ColTyp="Other" RowTyp="Other"/>
  <Msr Val="2018-07-30" ValTyp="Other" Col="EXPIRY" Row="2018-07-30" ColTyp="Other" RowTyp="Other"/>
  <Msr Val="15.72" ValTyp="Other" Col="ATM_FWD" Row="2018-07-30" ColTyp="Other" RowTyp="Other"/>
  <Msr Val="15.72" ValTyp="Other" Col="REF_FWD" Row="2018-07-30" ColTyp="Other" RowTyp="Other"/>
  <Msr Val="0.4776288591469714" ValTyp="Other" Col="CALL_CURV" Row="2018-07-30" ColTyp="Other" RowTyp="Other"/>
  <Msr Val="-0.5108256237659907" ValTyp="Other" Col="DOWN_CUT" Row="2018-07-30" ColTyp="Other" RowTyp="Other"/>
  <Msr Val="3.507575551943848" ValTyp="Other" Col="DOWN_SMOOTH_RT" Row="2018-07-30" ColTyp="Other" RowTyp="Other"/>
  <Msr Val="0.2882525776208935" ValTyp="Other" Col="PUT_CURV" Row="2018-07-30" ColTyp="Other" RowTyp="Other"/>
  <Msr Val="0" ValTyp="Other" Col="SLOPE_CH_RT" Row="2018-07-30" ColTyp="Other" RowTyp="Other"/>
  <Msr Val="-0.2217108819666703" ValTyp="Other" Col="SLOPE_REF" Row="2018-07-30" ColTyp="Other" RowTyp="Other"/>
  <Msr Val="0" ValTyp="Other" Col="SLOPE_SWIMM_RT" Row="2018-07-30" ColTyp="Other" RowTyp="Other"/>
  <Msr Val="0.3364722366212129" ValTyp="Other" Col="UP_CUT" Row="2018-07-30" ColTyp="Other" RowTyp="Other"/>
  <Msr Val="1.0600427171061453" ValTyp="Other" Col="UP_SMOOTH_RT" Row="2018-07-30" ColTyp="Other" RowTyp="Other"/>
  <Msr Val="0" ValTyp="Other" Col="VOL_CH_RT" Row="2018-07-30" ColTyp="Other" RowTyp="Other"/>
  <Msr Val="0.192098643427483" ValTyp="Other" Col="VOL_REF" Row="2018-07-30" ColTyp="Other" RowTyp="Other"/>
  <Msr Val="_" ValTyp="Other" Col="FEEDCODE" Row="2018-07-30" ColTyp="Other" RowTyp="Other"/>
  <Msr Val="EUR-REP.MC" ValTyp="Other" Col="NAME_ORC" Row="2027-01-29" ColTyp="Other" RowTyp="Other"/>
  <Msr Val="EUR-REP.MC" ValTyp="Other" Col="NAME_MUREX" Row="2027-01-29" ColTyp="Other" RowTyp="Other"/>
  <Msr Val="2027-01-29" ValTyp="Other" Col="EXPIRY" Row="2027-01-29" ColTyp="Other" RowTyp="Other"/>
  <Msr Val="15.72" ValTyp="Other" Col="ATM_FWD" Row="2027-01-29" ColTyp="Other" RowTyp="Other"/>
  <Msr Val="15.72" ValTyp="Other" Col="REF_FWD" Row="2027-01-29" ColTyp="Other" RowTyp="Other"/>
  <Msr Val="0.0340531312665437" ValTyp="Other" Col="CALL_CURV" Row="2027-01-29" ColTyp="Other" RowTyp="Other"/>
  <Msr Val="-0.5108256237659907" ValTyp="Other" Col="DOWN_CUT" Row="2027-01-29" ColTyp="Other" RowTyp="Other"/>
  <Msr Val="3.507575551943848" ValTyp="Other" Col="DOWN_SMOOTH_RT" Row="2027-01-29" ColTyp="Other" RowTyp="Other"/>
  <Msr Val="0.0176943786930513" ValTyp="Other" Col="PUT_CURV" Row="2027-01-29" ColTyp="Other" RowTyp="Other"/>
  <Msr Val="0" ValTyp="Other" Col="SLOPE_CH_RT" Row="2027-01-29" ColTyp="Other" RowTyp="Other"/>
  <Msr Val="-0.0465276070062314" ValTyp="Other" Col="SLOPE_REF" Row="2027-01-29" ColTyp="Other" RowTyp="Other"/>
  <Msr Val="0" ValTyp="Other" Col="SLOPE_SWIMM_RT" Row="2027-01-29" ColTyp="Other" RowTyp="Other"/>
  <Msr Val="0.3364722366212129" ValTyp="Other" Col="UP_CUT" Row="2027-01-29" ColTyp="Other" RowTyp="Other"/>
  <Msr Val="1.0600427171061453" ValTyp="Other" Col="UP_SMOOTH_RT" Row="2027-01-29" ColTyp="Other" RowTyp="Other"/>
  <Msr Val="0" ValTyp="Other" Col="VOL_CH_RT" Row="2027-01-29" ColTyp="Other" RowTyp="Other"/>
  <Msr Val="0.2019954714949725" ValTyp="Other" Col="VOL_REF" Row="2027-01-29" ColTyp="Other" RowTyp="Other"/>
  <Msr Val="_" ValTyp="Other" Col="FEEDCODE" Row="2027-01-29" ColTyp="Other" RowTyp="Other"/>
  <Msr Val="EUR-REP.MC" ValTyp="Other" Col="NAME_ORC" Row="2026-01-29" ColTyp="Other" RowTyp="Other"/>
  <Msr Val="EUR-REP.MC" ValTyp="Other" Col="NAME_MUREX" Row="2026-01-29" ColTyp="Other" RowTyp="Other"/>
  <Msr Val="2026-01-29" ValTyp="Other" Col="EXPIRY" Row="2026-01-29" ColTyp="Other" RowTyp="Other"/>
  <Msr Val="15.72" ValTyp="Other" Col="ATM_FWD" Row="2026-01-29" ColTyp="Other" RowTyp="Other"/>
  <Msr Val="15.72" ValTyp="Other" Col="REF_FWD" Row="2026-01-29" ColTyp="Other" RowTyp="Other"/>
  <Msr Val="0.0361174265898495" ValTyp="Other" Col="CALL_CURV" Row="2026-01-29" ColTyp="Other" RowTyp="Other"/>
  <Msr Val="-0.5108256237659907" ValTyp="Other" Col="DOWN_CUT" Row="2026-01-29" ColTyp="Other" RowTyp="Other"/>
  <Msr Val="3.507575551943848" ValTyp="Other" Col="DOWN_SMOOTH_RT" Row="2026-01-29" ColTyp="Other" RowTyp="Other"/>
  <Msr Val="0.0187670090746441" ValTyp="Other" Col="PUT_CURV" Row="2026-01-29" ColTyp="Other" RowTyp="Other"/>
  <Msr Val="0" ValTyp="Other" Col="SLOPE_CH_RT" Row="2026-01-29" ColTyp="Other" RowTyp="Other"/>
  <Msr Val="-0.0493481030362672" ValTyp="Other" Col="SLOPE_REF" Row="2026-01-29" ColTyp="Other" RowTyp="Other"/>
  <Msr Val="0" ValTyp="Other" Col="SLOPE_SWIMM_RT" Row="2026-01-29" ColTyp="Other" RowTyp="Other"/>
  <Msr Val="0.3364722366212129" ValTyp="Other" Col="UP_CUT" Row="2026-01-29" ColTyp="Other" RowTyp="Other"/>
  <Msr Val="1.0600427171061453" ValTyp="Other" Col="UP_SMOOTH_RT" Row="2026-01-29" ColTyp="Other" RowTyp="Other"/>
  <Msr Val="0" ValTyp="Other" Col="VOL_CH_RT" Row="2026-01-29" ColTyp="Other" RowTyp="Other"/>
  <Msr Val="0.2011685420387772" ValTyp="Other" Col="VOL_REF" Row="2026-01-29" ColTyp="Other" RowTyp="Other"/>
  <Msr Val="_" ValTyp="Other" Col="FEEDCODE" Row="2026-01-29" ColTyp="Other" RowTyp="Other"/>
  <Msr Val="EUR-REP.MC" ValTyp="Other" Col="NAME_ORC" Row="2024-01-29" ColTyp="Other" RowTyp="Other"/>
  <Msr Val="EUR-REP.MC" ValTyp="Other" Col="NAME_MUREX" Row="2024-01-29" ColTyp="Other" RowTyp="Other"/>
  <Msr Val="2024-01-29" ValTyp="Other" Col="EXPIRY" Row="2024-01-29" ColTyp="Other" RowTyp="Other"/>
  <Msr Val="15.72" ValTyp="Other" Col="ATM_FWD" Row="2024-01-29" ColTyp="Other" RowTyp="Other"/>
  <Msr Val="15.72" ValTyp="Other" Col="REF_FWD" Row="2024-01-29" ColTyp="Other" RowTyp="Other"/>
  <Msr Val="0.0417095703070944" ValTyp="Other" Col="CALL_CURV" Row="2024-01-29" ColTyp="Other" RowTyp="Other"/>
  <Msr Val="-0.5108256237659907" ValTyp="Other" Col="DOWN_CUT" Row="2024-01-29" ColTyp="Other" RowTyp="Other"/>
  <Msr Val="3.507575551943848" ValTyp="Other" Col="DOWN_SMOOTH_RT" Row="2024-01-29" ColTyp="Other" RowTyp="Other"/>
  <Msr Val="0.0216727479878851" ValTyp="Other" Col="PUT_CURV" Row="2024-01-29" ColTyp="Other" RowTyp="Other"/>
  <Msr Val="0" ValTyp="Other" Col="SLOPE_CH_RT" Row="2024-01-29" ColTyp="Other" RowTyp="Other"/>
  <Msr Val="-0.0569887826308032" ValTyp="Other" Col="SLOPE_REF" Row="2024-01-29" ColTyp="Other" RowTyp="Other"/>
  <Msr Val="0" ValTyp="Other" Col="SLOPE_SWIMM_RT" Row="2024-01-29" ColTyp="Other" RowTyp="Other"/>
  <Msr Val="0.3364722366212129" ValTyp="Other" Col="UP_CUT" Row="2024-01-29" ColTyp="Other" RowTyp="Other"/>
  <Msr Val="1.0600427171061453" ValTyp="Other" Col="UP_SMOOTH_RT" Row="2024-01-29" ColTyp="Other" RowTyp="Other"/>
  <Msr Val="0" ValTyp="Other" Col="VOL_CH_RT" Row="2024-01-29" ColTyp="Other" RowTyp="Other"/>
  <Msr Val="0.1992150619800156" ValTyp="Other" Col="VOL_REF" Row="2024-01-29" ColTyp="Other" RowTyp="Other"/>
  <Msr Val="_" ValTyp="Other" Col="FEEDCODE" Row="2024-01-29" ColTyp="Other" RowTyp="Other"/>
  <Msr Val="EUR-REP.MC" ValTyp="Other" Col="NAME_ORC" Row="2025-01-29" ColTyp="Other" RowTyp="Other"/>
  <Msr Val="EUR-REP.MC" ValTyp="Other" Col="NAME_MUREX" Row="2025-01-29" ColTyp="Other" RowTyp="Other"/>
  <Msr Val="2025-01-29" ValTyp="Other" Col="EXPIRY" Row="2025-01-29" ColTyp="Other" RowTyp="Other"/>
  <Msr Val="15.72" ValTyp="Other" Col="ATM_FWD" Row="2025-01-29" ColTyp="Other" RowTyp="Other"/>
  <Msr Val="15.72" ValTyp="Other" Col="REF_FWD" Row="2025-01-29" ColTyp="Other" RowTyp="Other"/>
  <Msr Val="0.0386017180662415" ValTyp="Other" Col="CALL_CURV" Row="2025-01-29" ColTyp="Other" RowTyp="Other"/>
  <Msr Val="-0.5108256237659907" ValTyp="Other" Col="DOWN_CUT" Row="2025-01-29" ColTyp="Other" RowTyp="Other"/>
  <Msr Val="3.507575551943848" ValTyp="Other" Col="DOWN_SMOOTH_RT" Row="2025-01-29" ColTyp="Other" RowTyp="Other"/>
  <Msr Val="0.0200578740416021" ValTyp="Other" Col="PUT_CURV" Row="2025-01-29" ColTyp="Other" RowTyp="Other"/>
  <Msr Val="0" ValTyp="Other" Col="SLOPE_CH_RT" Row="2025-01-29" ColTyp="Other" RowTyp="Other"/>
  <Msr Val="-0.0527424498467779" ValTyp="Other" Col="SLOPE_REF" Row="2025-01-29" ColTyp="Other" RowTyp="Other"/>
  <Msr Val="0" ValTyp="Other" Col="SLOPE_SWIMM_RT" Row="2025-01-29" ColTyp="Other" RowTyp="Other"/>
  <Msr Val="0.3364722366212129" ValTyp="Other" Col="UP_CUT" Row="2025-01-29" ColTyp="Other" RowTyp="Other"/>
  <Msr Val="1.0600427171061453" ValTyp="Other" Col="UP_SMOOTH_RT" Row="2025-01-29" ColTyp="Other" RowTyp="Other"/>
  <Msr Val="0" ValTyp="Other" Col="VOL_CH_RT" Row="2025-01-29" ColTyp="Other" RowTyp="Other"/>
  <Msr Val="0.2001294558260865" ValTyp="Other" Col="VOL_REF" Row="2025-01-29" ColTyp="Other" RowTyp="Other"/>
  <Msr Val="_" ValTyp="Other" Col="FEEDCODE" Row="2025-01-29" ColTyp="Other" RowTyp="Other"/>
  <Msr Val="EUR-REP.MC" ValTyp="Other" Col="NAME_ORC" Row="2018-04-30" ColTyp="Other" RowTyp="Other"/>
  <Msr Val="EUR-REP.MC" ValTyp="Other" Col="NAME_MUREX" Row="2018-04-30" ColTyp="Other" RowTyp="Other"/>
  <Msr Val="2018-04-30" ValTyp="Other" Col="EXPIRY" Row="2018-04-30" ColTyp="Other" RowTyp="Other"/>
  <Msr Val="15.72" ValTyp="Other" Col="ATM_FWD" Row="2018-04-30" ColTyp="Other" RowTyp="Other"/>
  <Msr Val="15.72" ValTyp="Other" Col="REF_FWD" Row="2018-04-30" ColTyp="Other" RowTyp="Other"/>
  <Msr Val="0.8498851183063995" ValTyp="Other" Col="CALL_CURV" Row="2018-04-30" ColTyp="Other" RowTyp="Other"/>
  <Msr Val="-0.5108256237659907" ValTyp="Other" Col="DOWN_CUT" Row="2018-04-30" ColTyp="Other" RowTyp="Other"/>
  <Msr Val="3.507575551943848" ValTyp="Other" Col="DOWN_SMOOTH_RT" Row="2018-04-30" ColTyp="Other" RowTyp="Other"/>
  <Msr Val="0.4537815177113768" ValTyp="Other" Col="PUT_CURV" Row="2018-04-30" ColTyp="Other" RowTyp="Other"/>
  <Msr Val="0" ValTyp="Other" Col="SLOPE_CH_RT" Row="2018-04-30" ColTyp="Other" RowTyp="Other"/>
  <Msr Val="-0.2729401604471314" ValTyp="Other" Col="SLOPE_REF" Row="2018-04-30" ColTyp="Other" RowTyp="Other"/>
  <Msr Val="0" ValTyp="Other" Col="SLOPE_SWIMM_RT" Row="2018-04-30" ColTyp="Other" RowTyp="Other"/>
  <Msr Val="0.3364722366212129" ValTyp="Other" Col="UP_CUT" Row="2018-04-30" ColTyp="Other" RowTyp="Other"/>
  <Msr Val="1.0600427171061453" ValTyp="Other" Col="UP_SMOOTH_RT" Row="2018-04-30" ColTyp="Other" RowTyp="Other"/>
  <Msr Val="0" ValTyp="Other" Col="VOL_CH_RT" Row="2018-04-30" ColTyp="Other" RowTyp="Other"/>
  <Msr Val="0.1879685005513638" ValTyp="Other" Col="VOL_REF" Row="2018-04-30" ColTyp="Other" RowTyp="Other"/>
  <Msr Val="_" ValTyp="Other" Col="FEEDCODE" Row="2018-04-30" ColTyp="Other" RowTyp="Other"/>
</Mtrx>

  <Mtrx Name="EUR-REP.MC">
                    
    <Msr Col="VOL" ColTyp="Other" Row="2018-02-16" RowTyp="Other" Val="0.17" ValTyp="Other"/>
                    
    <Msr Col="STRIKE" ColTyp="Other" Row="2018-02-16" RowTyp="Other" Val="15.72" ValTyp="Other"/>
                    
    <Msr Col="VOL" ColTyp="Other" Row="2018-04-20" RowTyp="Other" Val="0.1875" ValTyp="Other"/>
                    
    <Msr Col="STRIKE" ColTyp="Other" Row="2018-04-20" RowTyp="Other" Val="15.72" ValTyp="Other"/>
                    
    <Msr Col="VOL" ColTyp="Other" Row="2023-12-15" RowTyp="Other" Val="0.1991014390968344" ValTyp="Other"/>
                    
    <Msr Col="STRIKE" ColTyp="Other" Row="2023-12-15" RowTyp="Other" Val="15.72" ValTyp="Other"/>
                    
    <Msr Col="VOL" ColTyp="Other" Row="2022-12-16" RowTyp="Other" Val="0.1982945891046204" ValTyp="Other"/>
                    
    <Msr Col="STRIKE" ColTyp="Other" Row="2022-12-16" RowTyp="Other" Val="15.72" ValTyp="Other"/>
                    
    <Msr Col="VOL" ColTyp="Other" Row="2021-12-17" RowTyp="Other" Val="0.1975" ValTyp="Other"/>
                    
    <Msr Col="STRIKE" ColTyp="Other" Row="2021-12-17" RowTyp="Other" Val="15.72" ValTyp="Other"/>
                    
    <Msr Col="VOL" ColTyp="Other" Row="2020-12-18" RowTyp="Other" Val="0.196548335370079" ValTyp="Other"/>
                    
    <Msr Col="STRIKE" ColTyp="Other" Row="2020-12-18" RowTyp="Other" Val="15.72" ValTyp="Other"/>
                    
    <Msr Col="VOL" ColTyp="Other" Row="2026-12-18" RowTyp="Other" Val="0.2019748488352175" ValTyp="Other"/>
                    
    <Msr Col="STRIKE" ColTyp="Other" Row="2026-12-18" RowTyp="Other" Val="15.72" ValTyp="Other"/>
                    
    <Msr Col="VOL" ColTyp="Other" Row="2025-12-19" RowTyp="Other" Val="0.2010624491508385" ValTyp="Other"/>
                    
    <Msr Col="STRIKE" ColTyp="Other" Row="2025-12-19" RowTyp="Other" Val="15.72" ValTyp="Other"/>
                    
    <Msr Col="VOL" ColTyp="Other" Row="2018-06-15" RowTyp="Other" Val="0.191617109622387" ValTyp="Other"/>
                    
    <Msr Col="STRIKE" ColTyp="Other" Row="2018-06-15" RowTyp="Other" Val="15.72" ValTyp="Other"/>
                    
    <Msr Col="VOL" ColTyp="Other" Row="2024-12-20" RowTyp="Other" Val="0.2000155838052981" ValTyp="Other"/>
                    
    <Msr Col="STRIKE" ColTyp="Other" Row="2024-12-20" RowTyp="Other" Val="15.72" ValTyp="Other"/>
                    
    <Msr Col="VOL" ColTyp="Other" Row="2019-06-21" RowTyp="Other" Val="0.194428513286573" ValTyp="Other"/>
                    
    <Msr Col="STRIKE" ColTyp="Other" Row="2019-06-21" RowTyp="Other" Val="15.72" ValTyp="Other"/>
                    
    <Msr Col="VOL" ColTyp="Other" Row="2018-03-16" RowTyp="Other" Val="0.190626301535969" ValTyp="Other"/>
                    
    <Msr Col="STRIKE" ColTyp="Other" Row="2018-03-16" RowTyp="Other" Val="15.72" ValTyp="Other"/>
                    
    <Msr Col="VOL" ColTyp="Other" Row="2018-12-21" RowTyp="Other" Val="0.193254364934239" ValTyp="Other"/>
                    
    <Msr Col="STRIKE" ColTyp="Other" Row="2018-12-21" RowTyp="Other" Val="15.72" ValTyp="Other"/>
                    
    <Msr Col="VOL" ColTyp="Other" Row="2019-12-20" RowTyp="Other" Val="0.195321160397785" ValTyp="Other"/>
                    
    <Msr Col="STRIKE" ColTyp="Other" Row="2019-12-20" RowTyp="Other" Val="15.72" ValTyp="Other"/>
                    
    <Msr Col="VOL" ColTyp="Other" Row="2019-03-15" RowTyp="Other" Val="0.193837402371621" ValTyp="Other"/>
                    
    <Msr Col="STRIKE" ColTyp="Other" Row="2019-03-15" RowTyp="Other" Val="15.72" ValTyp="Other"/>
                    
    <Msr Col="VOL" ColTyp="Other" Row="2028-12-15" RowTyp="Other" Val="0.2023001883496404" ValTyp="Other"/>
                    
    <Msr Col="STRIKE" ColTyp="Other" Row="2028-12-15" RowTyp="Other" Val="15.72" ValTyp="Other"/>
                    
    <Msr Col="VOL" ColTyp="Other" Row="2018-09-21" RowTyp="Other" Val="0.192528635882071" ValTyp="Other"/>
                    
    <Msr Col="STRIKE" ColTyp="Other" Row="2018-09-21" RowTyp="Other" Val="15.72" ValTyp="Other"/>
             
    <Undly PxStrctTyp="EQ_ATM_VOL" IssuDtTm="2018-01-29" LastUpdateTm="--"/>
  </Mtrx>
<Pnt Name="EUR-REP.MC">
  <Undly PxStrctTyp="EQ_SPOT" IssuDtTm="2018-01-29" LastUpdateTm="2018-01-29"/>
  <Msr Val="15.565" ValTyp="Other" MktDataTyp="MID"/>
</Pnt>

<Pnt Name="EUR-REP.MC">
  <Undly PxStrctTyp="EQ_LIQUIDITY" IssuDtTm="2018-01-29" LastUpdateTm="2018-01-29"/>
  <Msr Val="75000000" ValTyp="Other" MktDataTyp="MID"/>
</Pnt>


</Mkt>
