
<Mkt>
<Curve Name="JPY-NIKKEI 225">
  <Undly PxStrctTyp="EQ_DIVIDENDS_YIELD" IssuDtTm="2018-01-29" LastUpdateTm="2018-01-29"/>
  <Msr Val="1" ValTyp="Other" Row="2018-01-29" RowTyp="Other"/>
  <Msr Val="1" ValTyp="Other" Row="2018-01-30" RowTyp="Other"/>
  <Msr Val="1.0000001761260429" ValTyp="Other" Row="2018-01-31" RowTyp="Other"/>
  <Msr Val="1.000004520558163" ValTyp="Other" Row="2018-02-09" RowTyp="Other"/>
  <Msr Val="1.0000267126855447" ValTyp="Other" Row="2018-03-09" RowTyp="Other"/>
  <Msr Val="1.0000701504056302" ValTyp="Other" Row="2018-04-13" RowTyp="Other"/>
  <Msr Val="1.0001780980493555" ValTyp="Other" Row="2018-06-08" RowTyp="Other"/>
  <Msr Val="1.0004373558861814" ValTyp="Other" Row="2018-09-14" RowTyp="Other"/>
  <Msr Val="1.0006556943256566" ValTyp="Other" Row="2018-12-14" RowTyp="Other"/>
  <Msr Val="1.0010986853047665" ValTyp="Other" Row="2019-06-14" RowTyp="Other"/>
  <Msr Val="1.0019667259940777" ValTyp="Other" Row="2019-12-13" RowTyp="Other"/>
  <Msr Val="1.0026102501012144" ValTyp="Other" Row="2020-06-12" RowTyp="Other"/>
  <Msr Val="1.0033042140432813" ValTyp="Other" Row="2020-12-11" RowTyp="Other"/>
  <Msr Val="1.0046496804823342" ValTyp="Other" Row="2021-12-10" RowTyp="Other"/>
  <Msr Val="1.0060972803216208" ValTyp="Other" Row="2022-12-09" RowTyp="Other"/>
  <Msr Val="1.0076474496743524" ValTyp="Other" Row="2023-12-08" RowTyp="Other"/>
  <Msr Val="1.009326787562178" ValTyp="Other" Row="2024-12-13" RowTyp="Other"/>
  <Msr Val="1.011084544978006" ValTyp="Other" Row="2025-12-12" RowTyp="Other"/>
  <Msr Val="1.0129463756353325" ValTyp="Other" Row="2026-12-11" RowTyp="Other"/>
  <Msr Val="1.0144121833901265" ValTyp="Other" Row="2027-12-10" RowTyp="Other"/>
</Curve>

<Mtrx Name="JPY-NIKKEI 225">
  <Undly PxStrctTyp="EQ_DIVIDENDS" IssuDtTm="2018-01-29" LastUpdateTm="2018-01-25"/>
  <Msr Val="2018-01-29" ValTyp="Other" Col="EX_DATE" Row="0" ColTyp="Other" RowTyp="Other"/>
  <Msr Val="2018-01-29" ValTyp="Other" Col="PAYMENT_DATE" Row="0" ColTyp="Other" RowTyp="Other"/>
  <Msr Val="1.633" ValTyp="Other" Col="VALUE" Row="0" ColTyp="Other" RowTyp="Other"/>
  <Msr Val="false" ValTyp="Other" Col="RELATIVE" Row="0" ColTyp="Other" RowTyp="Other"/>
  <Msr Val="2018-02-26" ValTyp="Other" Col="EX_DATE" Row="1" ColTyp="Other" RowTyp="Other"/>
  <Msr Val="2018-02-26" ValTyp="Other" Col="PAYMENT_DATE" Row="1" ColTyp="Other" RowTyp="Other"/>
  <Msr Val="13.28536" ValTyp="Other" Col="VALUE" Row="1" ColTyp="Other" RowTyp="Other"/>
  <Msr Val="false" ValTyp="Other" Col="RELATIVE" Row="1" ColTyp="Other" RowTyp="Other"/>
  <Msr Val="2018-03-28" ValTyp="Other" Col="EX_DATE" Row="2" ColTyp="Other" RowTyp="Other"/>
  <Msr Val="2018-03-28" ValTyp="Other" Col="PAYMENT_DATE" Row="2" ColTyp="Other" RowTyp="Other"/>
  <Msr Val="161.7925" ValTyp="Other" Col="VALUE" Row="2" ColTyp="Other" RowTyp="Other"/>
  <Msr Val="false" ValTyp="Other" Col="RELATIVE" Row="2" ColTyp="Other" RowTyp="Other"/>
  <Msr Val="2018-06-27" ValTyp="Other" Col="EX_DATE" Row="3" ColTyp="Other" RowTyp="Other"/>
  <Msr Val="2018-06-27" ValTyp="Other" Col="PAYMENT_DATE" Row="3" ColTyp="Other" RowTyp="Other"/>
  <Msr Val="29.33951" ValTyp="Other" Col="VALUE" Row="3" ColTyp="Other" RowTyp="Other"/>
  <Msr Val="false" ValTyp="Other" Col="RELATIVE" Row="3" ColTyp="Other" RowTyp="Other"/>
  <Msr Val="2018-06-28" ValTyp="Other" Col="EX_DATE" Row="4" ColTyp="Other" RowTyp="Other"/>
  <Msr Val="2018-06-28" ValTyp="Other" Col="PAYMENT_DATE" Row="4" ColTyp="Other" RowTyp="Other"/>
  <Msr Val="0.20412" ValTyp="Other" Col="VALUE" Row="4" ColTyp="Other" RowTyp="Other"/>
  <Msr Val="false" ValTyp="Other" Col="RELATIVE" Row="4" ColTyp="Other" RowTyp="Other"/>
  <Msr Val="2018-07-27" ValTyp="Other" Col="EX_DATE" Row="5" ColTyp="Other" RowTyp="Other"/>
  <Msr Val="2018-07-27" ValTyp="Other" Col="PAYMENT_DATE" Row="5" ColTyp="Other" RowTyp="Other"/>
  <Msr Val="1.62857" ValTyp="Other" Col="VALUE" Row="5" ColTyp="Other" RowTyp="Other"/>
  <Msr Val="false" ValTyp="Other" Col="RELATIVE" Row="5" ColTyp="Other" RowTyp="Other"/>
  <Msr Val="2018-08-29" ValTyp="Other" Col="EX_DATE" Row="6" ColTyp="Other" RowTyp="Other"/>
  <Msr Val="2018-08-29" ValTyp="Other" Col="PAYMENT_DATE" Row="6" ColTyp="Other" RowTyp="Other"/>
  <Msr Val="13.38742" ValTyp="Other" Col="VALUE" Row="6" ColTyp="Other" RowTyp="Other"/>
  <Msr Val="false" ValTyp="Other" Col="RELATIVE" Row="6" ColTyp="Other" RowTyp="Other"/>
  <Msr Val="2018-09-26" ValTyp="Other" Col="EX_DATE" Row="7" ColTyp="Other" RowTyp="Other"/>
  <Msr Val="2018-09-26" ValTyp="Other" Col="PAYMENT_DATE" Row="7" ColTyp="Other" RowTyp="Other"/>
  <Msr Val="154.8525" ValTyp="Other" Col="VALUE" Row="7" ColTyp="Other" RowTyp="Other"/>
  <Msr Val="false" ValTyp="Other" Col="RELATIVE" Row="7" ColTyp="Other" RowTyp="Other"/>
  <Msr Val="2018-12-26" ValTyp="Other" Col="EX_DATE" Row="8" ColTyp="Other" RowTyp="Other"/>
  <Msr Val="2018-12-26" ValTyp="Other" Col="PAYMENT_DATE" Row="8" ColTyp="Other" RowTyp="Other"/>
  <Msr Val="31.88003" ValTyp="Other" Col="VALUE" Row="8" ColTyp="Other" RowTyp="Other"/>
  <Msr Val="false" ValTyp="Other" Col="RELATIVE" Row="8" ColTyp="Other" RowTyp="Other"/>
  <Msr Val="2018-12-27" ValTyp="Other" Col="EX_DATE" Row="9" ColTyp="Other" RowTyp="Other"/>
  <Msr Val="2018-12-27" ValTyp="Other" Col="PAYMENT_DATE" Row="9" ColTyp="Other" RowTyp="Other"/>
  <Msr Val="5.496974" ValTyp="Other" Col="VALUE" Row="9" ColTyp="Other" RowTyp="Other"/>
  <Msr Val="false" ValTyp="Other" Col="RELATIVE" Row="9" ColTyp="Other" RowTyp="Other"/>
  <Msr Val="2019-01-29" ValTyp="Other" Col="EX_DATE" Row="10" ColTyp="Other" RowTyp="Other"/>
  <Msr Val="2019-01-29" ValTyp="Other" Col="PAYMENT_DATE" Row="10" ColTyp="Other" RowTyp="Other"/>
  <Msr Val="1.948658" ValTyp="Other" Col="VALUE" Row="10" ColTyp="Other" RowTyp="Other"/>
  <Msr Val="false" ValTyp="Other" Col="RELATIVE" Row="10" ColTyp="Other" RowTyp="Other"/>
  <Msr Val="2019-02-26" ValTyp="Other" Col="EX_DATE" Row="11" ColTyp="Other" RowTyp="Other"/>
  <Msr Val="2019-02-26" ValTyp="Other" Col="PAYMENT_DATE" Row="11" ColTyp="Other" RowTyp="Other"/>
  <Msr Val="14.44609" ValTyp="Other" Col="VALUE" Row="11" ColTyp="Other" RowTyp="Other"/>
  <Msr Val="false" ValTyp="Other" Col="RELATIVE" Row="11" ColTyp="Other" RowTyp="Other"/>
  <Msr Val="2019-03-28" ValTyp="Other" Col="EX_DATE" Row="12" ColTyp="Other" RowTyp="Other"/>
  <Msr Val="2019-03-28" ValTyp="Other" Col="PAYMENT_DATE" Row="12" ColTyp="Other" RowTyp="Other"/>
  <Msr Val="175.9282" ValTyp="Other" Col="VALUE" Row="12" ColTyp="Other" RowTyp="Other"/>
  <Msr Val="false" ValTyp="Other" Col="RELATIVE" Row="12" ColTyp="Other" RowTyp="Other"/>
  <Msr Val="2019-06-27" ValTyp="Other" Col="EX_DATE" Row="13" ColTyp="Other" RowTyp="Other"/>
  <Msr Val="2019-06-27" ValTyp="Other" Col="PAYMENT_DATE" Row="13" ColTyp="Other" RowTyp="Other"/>
  <Msr Val="31.90287" ValTyp="Other" Col="VALUE" Row="13" ColTyp="Other" RowTyp="Other"/>
  <Msr Val="false" ValTyp="Other" Col="RELATIVE" Row="13" ColTyp="Other" RowTyp="Other"/>
  <Msr Val="2019-06-28" ValTyp="Other" Col="EX_DATE" Row="14" ColTyp="Other" RowTyp="Other"/>
  <Msr Val="2019-06-28" ValTyp="Other" Col="PAYMENT_DATE" Row="14" ColTyp="Other" RowTyp="Other"/>
  <Msr Val="0.221954" ValTyp="Other" Col="VALUE" Row="14" ColTyp="Other" RowTyp="Other"/>
  <Msr Val="false" ValTyp="Other" Col="RELATIVE" Row="14" ColTyp="Other" RowTyp="Other"/>
  <Msr Val="2019-07-27" ValTyp="Other" Col="EX_DATE" Row="15" ColTyp="Other" RowTyp="Other"/>
  <Msr Val="2019-07-27" ValTyp="Other" Col="PAYMENT_DATE" Row="15" ColTyp="Other" RowTyp="Other"/>
  <Msr Val="1.770857" ValTyp="Other" Col="VALUE" Row="15" ColTyp="Other" RowTyp="Other"/>
  <Msr Val="false" ValTyp="Other" Col="RELATIVE" Row="15" ColTyp="Other" RowTyp="Other"/>
  <Msr Val="2019-08-29" ValTyp="Other" Col="EX_DATE" Row="16" ColTyp="Other" RowTyp="Other"/>
  <Msr Val="2019-08-29" ValTyp="Other" Col="PAYMENT_DATE" Row="16" ColTyp="Other" RowTyp="Other"/>
  <Msr Val="14.55706" ValTyp="Other" Col="VALUE" Row="16" ColTyp="Other" RowTyp="Other"/>
  <Msr Val="false" ValTyp="Other" Col="RELATIVE" Row="16" ColTyp="Other" RowTyp="Other"/>
  <Msr Val="2019-09-26" ValTyp="Other" Col="EX_DATE" Row="17" ColTyp="Other" RowTyp="Other"/>
  <Msr Val="2019-09-26" ValTyp="Other" Col="PAYMENT_DATE" Row="17" ColTyp="Other" RowTyp="Other"/>
  <Msr Val="168.3817" ValTyp="Other" Col="VALUE" Row="17" ColTyp="Other" RowTyp="Other"/>
  <Msr Val="false" ValTyp="Other" Col="RELATIVE" Row="17" ColTyp="Other" RowTyp="Other"/>
  <Msr Val="2019-12-26" ValTyp="Other" Col="EX_DATE" Row="18" ColTyp="Other" RowTyp="Other"/>
  <Msr Val="2019-12-26" ValTyp="Other" Col="PAYMENT_DATE" Row="18" ColTyp="Other" RowTyp="Other"/>
  <Msr Val="34.66536" ValTyp="Other" Col="VALUE" Row="18" ColTyp="Other" RowTyp="Other"/>
  <Msr Val="false" ValTyp="Other" Col="RELATIVE" Row="18" ColTyp="Other" RowTyp="Other"/>
  <Msr Val="2019-12-27" ValTyp="Other" Col="EX_DATE" Row="19" ColTyp="Other" RowTyp="Other"/>
  <Msr Val="2019-12-27" ValTyp="Other" Col="PAYMENT_DATE" Row="19" ColTyp="Other" RowTyp="Other"/>
  <Msr Val="5.977238" ValTyp="Other" Col="VALUE" Row="19" ColTyp="Other" RowTyp="Other"/>
  <Msr Val="false" ValTyp="Other" Col="RELATIVE" Row="19" ColTyp="Other" RowTyp="Other"/>
  <Msr Val="2020-01-29" ValTyp="Other" Col="EX_DATE" Row="20" ColTyp="Other" RowTyp="Other"/>
  <Msr Val="2020-01-29" ValTyp="Other" Col="PAYMENT_DATE" Row="20" ColTyp="Other" RowTyp="Other"/>
  <Msr Val="1.997613" ValTyp="Other" Col="VALUE" Row="20" ColTyp="Other" RowTyp="Other"/>
  <Msr Val="false" ValTyp="Other" Col="RELATIVE" Row="20" ColTyp="Other" RowTyp="Other"/>
  <Msr Val="2020-02-26" ValTyp="Other" Col="EX_DATE" Row="21" ColTyp="Other" RowTyp="Other"/>
  <Msr Val="2020-02-26" ValTyp="Other" Col="PAYMENT_DATE" Row="21" ColTyp="Other" RowTyp="Other"/>
  <Msr Val="14.809" ValTyp="Other" Col="VALUE" Row="21" ColTyp="Other" RowTyp="Other"/>
  <Msr Val="false" ValTyp="Other" Col="RELATIVE" Row="21" ColTyp="Other" RowTyp="Other"/>
  <Msr Val="2020-03-28" ValTyp="Other" Col="EX_DATE" Row="22" ColTyp="Other" RowTyp="Other"/>
  <Msr Val="2020-03-28" ValTyp="Other" Col="PAYMENT_DATE" Row="22" ColTyp="Other" RowTyp="Other"/>
  <Msr Val="180.3479" ValTyp="Other" Col="VALUE" Row="22" ColTyp="Other" RowTyp="Other"/>
  <Msr Val="false" ValTyp="Other" Col="RELATIVE" Row="22" ColTyp="Other" RowTyp="Other"/>
  <Msr Val="2020-06-27" ValTyp="Other" Col="EX_DATE" Row="23" ColTyp="Other" RowTyp="Other"/>
  <Msr Val="2020-06-27" ValTyp="Other" Col="PAYMENT_DATE" Row="23" ColTyp="Other" RowTyp="Other"/>
  <Msr Val="32.70434" ValTyp="Other" Col="VALUE" Row="23" ColTyp="Other" RowTyp="Other"/>
  <Msr Val="false" ValTyp="Other" Col="RELATIVE" Row="23" ColTyp="Other" RowTyp="Other"/>
  <Msr Val="2020-06-28" ValTyp="Other" Col="EX_DATE" Row="24" ColTyp="Other" RowTyp="Other"/>
  <Msr Val="2020-06-28" ValTyp="Other" Col="PAYMENT_DATE" Row="24" ColTyp="Other" RowTyp="Other"/>
  <Msr Val="0.22753" ValTyp="Other" Col="VALUE" Row="24" ColTyp="Other" RowTyp="Other"/>
  <Msr Val="false" ValTyp="Other" Col="RELATIVE" Row="24" ColTyp="Other" RowTyp="Other"/>
  <Msr Val="2020-07-27" ValTyp="Other" Col="EX_DATE" Row="25" ColTyp="Other" RowTyp="Other"/>
  <Msr Val="2020-07-27" ValTyp="Other" Col="PAYMENT_DATE" Row="25" ColTyp="Other" RowTyp="Other"/>
  <Msr Val="1.815345" ValTyp="Other" Col="VALUE" Row="25" ColTyp="Other" RowTyp="Other"/>
  <Msr Val="false" ValTyp="Other" Col="RELATIVE" Row="25" ColTyp="Other" RowTyp="Other"/>
  <Msr Val="2020-08-29" ValTyp="Other" Col="EX_DATE" Row="26" ColTyp="Other" RowTyp="Other"/>
  <Msr Val="2020-08-29" ValTyp="Other" Col="PAYMENT_DATE" Row="26" ColTyp="Other" RowTyp="Other"/>
  <Msr Val="14.92277" ValTyp="Other" Col="VALUE" Row="26" ColTyp="Other" RowTyp="Other"/>
  <Msr Val="false" ValTyp="Other" Col="RELATIVE" Row="26" ColTyp="Other" RowTyp="Other"/>
  <Msr Val="2020-09-26" ValTyp="Other" Col="EX_DATE" Row="27" ColTyp="Other" RowTyp="Other"/>
  <Msr Val="2020-09-26" ValTyp="Other" Col="PAYMENT_DATE" Row="27" ColTyp="Other" RowTyp="Other"/>
  <Msr Val="172.6119" ValTyp="Other" Col="VALUE" Row="27" ColTyp="Other" RowTyp="Other"/>
  <Msr Val="false" ValTyp="Other" Col="RELATIVE" Row="27" ColTyp="Other" RowTyp="Other"/>
  <Msr Val="2020-12-26" ValTyp="Other" Col="EX_DATE" Row="28" ColTyp="Other" RowTyp="Other"/>
  <Msr Val="2020-12-26" ValTyp="Other" Col="PAYMENT_DATE" Row="28" ColTyp="Other" RowTyp="Other"/>
  <Msr Val="35.53623" ValTyp="Other" Col="VALUE" Row="28" ColTyp="Other" RowTyp="Other"/>
  <Msr Val="false" ValTyp="Other" Col="RELATIVE" Row="28" ColTyp="Other" RowTyp="Other"/>
  <Msr Val="2020-12-27" ValTyp="Other" Col="EX_DATE" Row="29" ColTyp="Other" RowTyp="Other"/>
  <Msr Val="2020-12-27" ValTyp="Other" Col="PAYMENT_DATE" Row="29" ColTyp="Other" RowTyp="Other"/>
  <Msr Val="6.1274" ValTyp="Other" Col="VALUE" Row="29" ColTyp="Other" RowTyp="Other"/>
  <Msr Val="false" ValTyp="Other" Col="RELATIVE" Row="29" ColTyp="Other" RowTyp="Other"/>
  <Msr Val="2021-01-29" ValTyp="Other" Col="EX_DATE" Row="30" ColTyp="Other" RowTyp="Other"/>
  <Msr Val="2021-01-29" ValTyp="Other" Col="PAYMENT_DATE" Row="30" ColTyp="Other" RowTyp="Other"/>
  <Msr Val="1.994147" ValTyp="Other" Col="VALUE" Row="30" ColTyp="Other" RowTyp="Other"/>
  <Msr Val="false" ValTyp="Other" Col="RELATIVE" Row="30" ColTyp="Other" RowTyp="Other"/>
  <Msr Val="2021-02-26" ValTyp="Other" Col="EX_DATE" Row="31" ColTyp="Other" RowTyp="Other"/>
  <Msr Val="2021-02-26" ValTyp="Other" Col="PAYMENT_DATE" Row="31" ColTyp="Other" RowTyp="Other"/>
  <Msr Val="14.78331" ValTyp="Other" Col="VALUE" Row="31" ColTyp="Other" RowTyp="Other"/>
  <Msr Val="false" ValTyp="Other" Col="RELATIVE" Row="31" ColTyp="Other" RowTyp="Other"/>
  <Msr Val="2021-03-28" ValTyp="Other" Col="EX_DATE" Row="32" ColTyp="Other" RowTyp="Other"/>
  <Msr Val="2021-03-28" ValTyp="Other" Col="PAYMENT_DATE" Row="32" ColTyp="Other" RowTyp="Other"/>
  <Msr Val="180.035" ValTyp="Other" Col="VALUE" Row="32" ColTyp="Other" RowTyp="Other"/>
  <Msr Val="false" ValTyp="Other" Col="RELATIVE" Row="32" ColTyp="Other" RowTyp="Other"/>
  <Msr Val="2021-06-27" ValTyp="Other" Col="EX_DATE" Row="33" ColTyp="Other" RowTyp="Other"/>
  <Msr Val="2021-06-27" ValTyp="Other" Col="PAYMENT_DATE" Row="33" ColTyp="Other" RowTyp="Other"/>
  <Msr Val="32.6476" ValTyp="Other" Col="VALUE" Row="33" ColTyp="Other" RowTyp="Other"/>
  <Msr Val="false" ValTyp="Other" Col="RELATIVE" Row="33" ColTyp="Other" RowTyp="Other"/>
  <Msr Val="2021-06-28" ValTyp="Other" Col="EX_DATE" Row="34" ColTyp="Other" RowTyp="Other"/>
  <Msr Val="2021-06-28" ValTyp="Other" Col="PAYMENT_DATE" Row="34" ColTyp="Other" RowTyp="Other"/>
  <Msr Val="0.227135" ValTyp="Other" Col="VALUE" Row="34" ColTyp="Other" RowTyp="Other"/>
  <Msr Val="false" ValTyp="Other" Col="RELATIVE" Row="34" ColTyp="Other" RowTyp="Other"/>
  <Msr Val="2021-07-27" ValTyp="Other" Col="EX_DATE" Row="35" ColTyp="Other" RowTyp="Other"/>
  <Msr Val="2021-07-27" ValTyp="Other" Col="PAYMENT_DATE" Row="35" ColTyp="Other" RowTyp="Other"/>
  <Msr Val="1.812195" ValTyp="Other" Col="VALUE" Row="35" ColTyp="Other" RowTyp="Other"/>
  <Msr Val="false" ValTyp="Other" Col="RELATIVE" Row="35" ColTyp="Other" RowTyp="Other"/>
  <Msr Val="2021-08-29" ValTyp="Other" Col="EX_DATE" Row="36" ColTyp="Other" RowTyp="Other"/>
  <Msr Val="2021-08-29" ValTyp="Other" Col="PAYMENT_DATE" Row="36" ColTyp="Other" RowTyp="Other"/>
  <Msr Val="14.89688" ValTyp="Other" Col="VALUE" Row="36" ColTyp="Other" RowTyp="Other"/>
  <Msr Val="false" ValTyp="Other" Col="RELATIVE" Row="36" ColTyp="Other" RowTyp="Other"/>
  <Msr Val="2021-09-26" ValTyp="Other" Col="EX_DATE" Row="37" ColTyp="Other" RowTyp="Other"/>
  <Msr Val="2021-09-26" ValTyp="Other" Col="PAYMENT_DATE" Row="37" ColTyp="Other" RowTyp="Other"/>
  <Msr Val="172.3124" ValTyp="Other" Col="VALUE" Row="37" ColTyp="Other" RowTyp="Other"/>
  <Msr Val="false" ValTyp="Other" Col="RELATIVE" Row="37" ColTyp="Other" RowTyp="Other"/>
  <Msr Val="2021-12-26" ValTyp="Other" Col="EX_DATE" Row="38" ColTyp="Other" RowTyp="Other"/>
  <Msr Val="2021-12-26" ValTyp="Other" Col="PAYMENT_DATE" Row="38" ColTyp="Other" RowTyp="Other"/>
  <Msr Val="35.47457" ValTyp="Other" Col="VALUE" Row="38" ColTyp="Other" RowTyp="Other"/>
  <Msr Val="false" ValTyp="Other" Col="RELATIVE" Row="38" ColTyp="Other" RowTyp="Other"/>
  <Msr Val="2021-12-27" ValTyp="Other" Col="EX_DATE" Row="39" ColTyp="Other" RowTyp="Other"/>
  <Msr Val="2021-12-27" ValTyp="Other" Col="PAYMENT_DATE" Row="39" ColTyp="Other" RowTyp="Other"/>
  <Msr Val="6.116769" ValTyp="Other" Col="VALUE" Row="39" ColTyp="Other" RowTyp="Other"/>
  <Msr Val="false" ValTyp="Other" Col="RELATIVE" Row="39" ColTyp="Other" RowTyp="Other"/>
  <Msr Val="2022-01-29" ValTyp="Other" Col="EX_DATE" Row="40" ColTyp="Other" RowTyp="Other"/>
  <Msr Val="2022-01-29" ValTyp="Other" Col="PAYMENT_DATE" Row="40" ColTyp="Other" RowTyp="Other"/>
  <Msr Val="2.01061" ValTyp="Other" Col="VALUE" Row="40" ColTyp="Other" RowTyp="Other"/>
  <Msr Val="false" ValTyp="Other" Col="RELATIVE" Row="40" ColTyp="Other" RowTyp="Other"/>
  <Msr Val="2022-02-26" ValTyp="Other" Col="EX_DATE" Row="41" ColTyp="Other" RowTyp="Other"/>
  <Msr Val="2022-02-26" ValTyp="Other" Col="PAYMENT_DATE" Row="41" ColTyp="Other" RowTyp="Other"/>
  <Msr Val="14.90535" ValTyp="Other" Col="VALUE" Row="41" ColTyp="Other" RowTyp="Other"/>
  <Msr Val="false" ValTyp="Other" Col="RELATIVE" Row="41" ColTyp="Other" RowTyp="Other"/>
  <Msr Val="2022-03-28" ValTyp="Other" Col="EX_DATE" Row="42" ColTyp="Other" RowTyp="Other"/>
  <Msr Val="2022-03-28" ValTyp="Other" Col="PAYMENT_DATE" Row="42" ColTyp="Other" RowTyp="Other"/>
  <Msr Val="181.5213" ValTyp="Other" Col="VALUE" Row="42" ColTyp="Other" RowTyp="Other"/>
  <Msr Val="false" ValTyp="Other" Col="RELATIVE" Row="42" ColTyp="Other" RowTyp="Other"/>
  <Msr Val="2022-06-27" ValTyp="Other" Col="EX_DATE" Row="43" ColTyp="Other" RowTyp="Other"/>
  <Msr Val="2022-06-27" ValTyp="Other" Col="PAYMENT_DATE" Row="43" ColTyp="Other" RowTyp="Other"/>
  <Msr Val="32.91712" ValTyp="Other" Col="VALUE" Row="43" ColTyp="Other" RowTyp="Other"/>
  <Msr Val="false" ValTyp="Other" Col="RELATIVE" Row="43" ColTyp="Other" RowTyp="Other"/>
  <Msr Val="2022-06-28" ValTyp="Other" Col="EX_DATE" Row="44" ColTyp="Other" RowTyp="Other"/>
  <Msr Val="2022-06-28" ValTyp="Other" Col="PAYMENT_DATE" Row="44" ColTyp="Other" RowTyp="Other"/>
  <Msr Val="0.22901" ValTyp="Other" Col="VALUE" Row="44" ColTyp="Other" RowTyp="Other"/>
  <Msr Val="false" ValTyp="Other" Col="RELATIVE" Row="44" ColTyp="Other" RowTyp="Other"/>
  <Msr Val="2022-07-27" ValTyp="Other" Col="EX_DATE" Row="45" ColTyp="Other" RowTyp="Other"/>
  <Msr Val="2022-07-27" ValTyp="Other" Col="PAYMENT_DATE" Row="45" ColTyp="Other" RowTyp="Other"/>
  <Msr Val="1.827156" ValTyp="Other" Col="VALUE" Row="45" ColTyp="Other" RowTyp="Other"/>
  <Msr Val="false" ValTyp="Other" Col="RELATIVE" Row="45" ColTyp="Other" RowTyp="Other"/>
  <Msr Val="2022-08-29" ValTyp="Other" Col="EX_DATE" Row="46" ColTyp="Other" RowTyp="Other"/>
  <Msr Val="2022-08-29" ValTyp="Other" Col="PAYMENT_DATE" Row="46" ColTyp="Other" RowTyp="Other"/>
  <Msr Val="15.01986" ValTyp="Other" Col="VALUE" Row="46" ColTyp="Other" RowTyp="Other"/>
  <Msr Val="false" ValTyp="Other" Col="RELATIVE" Row="46" ColTyp="Other" RowTyp="Other"/>
  <Msr Val="2022-09-26" ValTyp="Other" Col="EX_DATE" Row="47" ColTyp="Other" RowTyp="Other"/>
  <Msr Val="2022-09-26" ValTyp="Other" Col="PAYMENT_DATE" Row="47" ColTyp="Other" RowTyp="Other"/>
  <Msr Val="173.7349" ValTyp="Other" Col="VALUE" Row="47" ColTyp="Other" RowTyp="Other"/>
  <Msr Val="false" ValTyp="Other" Col="RELATIVE" Row="47" ColTyp="Other" RowTyp="Other"/>
  <Msr Val="2022-12-26" ValTyp="Other" Col="EX_DATE" Row="48" ColTyp="Other" RowTyp="Other"/>
  <Msr Val="2022-12-26" ValTyp="Other" Col="PAYMENT_DATE" Row="48" ColTyp="Other" RowTyp="Other"/>
  <Msr Val="35.76743" ValTyp="Other" Col="VALUE" Row="48" ColTyp="Other" RowTyp="Other"/>
  <Msr Val="false" ValTyp="Other" Col="RELATIVE" Row="48" ColTyp="Other" RowTyp="Other"/>
  <Msr Val="2022-12-27" ValTyp="Other" Col="EX_DATE" Row="49" ColTyp="Other" RowTyp="Other"/>
  <Msr Val="2022-12-27" ValTyp="Other" Col="PAYMENT_DATE" Row="49" ColTyp="Other" RowTyp="Other"/>
  <Msr Val="6.167266" ValTyp="Other" Col="VALUE" Row="49" ColTyp="Other" RowTyp="Other"/>
  <Msr Val="false" ValTyp="Other" Col="RELATIVE" Row="49" ColTyp="Other" RowTyp="Other"/>
  <Msr Val="2023-01-29" ValTyp="Other" Col="EX_DATE" Row="50" ColTyp="Other" RowTyp="Other"/>
  <Msr Val="2023-01-29" ValTyp="Other" Col="PAYMENT_DATE" Row="50" ColTyp="Other" RowTyp="Other"/>
  <Msr Val="2.024473" ValTyp="Other" Col="VALUE" Row="50" ColTyp="Other" RowTyp="Other"/>
  <Msr Val="false" ValTyp="Other" Col="RELATIVE" Row="50" ColTyp="Other" RowTyp="Other"/>
  <Msr Val="2023-02-26" ValTyp="Other" Col="EX_DATE" Row="51" ColTyp="Other" RowTyp="Other"/>
  <Msr Val="2023-02-26" ValTyp="Other" Col="PAYMENT_DATE" Row="51" ColTyp="Other" RowTyp="Other"/>
  <Msr Val="15.00813" ValTyp="Other" Col="VALUE" Row="51" ColTyp="Other" RowTyp="Other"/>
  <Msr Val="false" ValTyp="Other" Col="RELATIVE" Row="51" ColTyp="Other" RowTyp="Other"/>
  <Msr Val="2023-03-28" ValTyp="Other" Col="EX_DATE" Row="52" ColTyp="Other" RowTyp="Other"/>
  <Msr Val="2023-03-28" ValTyp="Other" Col="PAYMENT_DATE" Row="52" ColTyp="Other" RowTyp="Other"/>
  <Msr Val="182.7729" ValTyp="Other" Col="VALUE" Row="52" ColTyp="Other" RowTyp="Other"/>
  <Msr Val="false" ValTyp="Other" Col="RELATIVE" Row="52" ColTyp="Other" RowTyp="Other"/>
  <Msr Val="2023-06-27" ValTyp="Other" Col="EX_DATE" Row="53" ColTyp="Other" RowTyp="Other"/>
  <Msr Val="2023-06-27" ValTyp="Other" Col="PAYMENT_DATE" Row="53" ColTyp="Other" RowTyp="Other"/>
  <Msr Val="33.14409" ValTyp="Other" Col="VALUE" Row="53" ColTyp="Other" RowTyp="Other"/>
  <Msr Val="false" ValTyp="Other" Col="RELATIVE" Row="53" ColTyp="Other" RowTyp="Other"/>
  <Msr Val="2023-06-28" ValTyp="Other" Col="EX_DATE" Row="54" ColTyp="Other" RowTyp="Other"/>
  <Msr Val="2023-06-28" ValTyp="Other" Col="PAYMENT_DATE" Row="54" ColTyp="Other" RowTyp="Other"/>
  <Msr Val="0.230589" ValTyp="Other" Col="VALUE" Row="54" ColTyp="Other" RowTyp="Other"/>
  <Msr Val="false" ValTyp="Other" Col="RELATIVE" Row="54" ColTyp="Other" RowTyp="Other"/>
  <Msr Val="2023-07-27" ValTyp="Other" Col="EX_DATE" Row="55" ColTyp="Other" RowTyp="Other"/>
  <Msr Val="2023-07-27" ValTyp="Other" Col="PAYMENT_DATE" Row="55" ColTyp="Other" RowTyp="Other"/>
  <Msr Val="1.839754" ValTyp="Other" Col="VALUE" Row="55" ColTyp="Other" RowTyp="Other"/>
  <Msr Val="false" ValTyp="Other" Col="RELATIVE" Row="55" ColTyp="Other" RowTyp="Other"/>
  <Msr Val="2023-08-29" ValTyp="Other" Col="EX_DATE" Row="56" ColTyp="Other" RowTyp="Other"/>
  <Msr Val="2023-08-29" ValTyp="Other" Col="PAYMENT_DATE" Row="56" ColTyp="Other" RowTyp="Other"/>
  <Msr Val="15.12342" ValTyp="Other" Col="VALUE" Row="56" ColTyp="Other" RowTyp="Other"/>
  <Msr Val="false" ValTyp="Other" Col="RELATIVE" Row="56" ColTyp="Other" RowTyp="Other"/>
  <Msr Val="2023-09-26" ValTyp="Other" Col="EX_DATE" Row="57" ColTyp="Other" RowTyp="Other"/>
  <Msr Val="2023-09-26" ValTyp="Other" Col="PAYMENT_DATE" Row="57" ColTyp="Other" RowTyp="Other"/>
  <Msr Val="174.9328" ValTyp="Other" Col="VALUE" Row="57" ColTyp="Other" RowTyp="Other"/>
  <Msr Val="false" ValTyp="Other" Col="RELATIVE" Row="57" ColTyp="Other" RowTyp="Other"/>
  <Msr Val="2023-12-26" ValTyp="Other" Col="EX_DATE" Row="58" ColTyp="Other" RowTyp="Other"/>
  <Msr Val="2023-12-26" ValTyp="Other" Col="PAYMENT_DATE" Row="58" ColTyp="Other" RowTyp="Other"/>
  <Msr Val="36.01405" ValTyp="Other" Col="VALUE" Row="58" ColTyp="Other" RowTyp="Other"/>
  <Msr Val="false" ValTyp="Other" Col="RELATIVE" Row="58" ColTyp="Other" RowTyp="Other"/>
  <Msr Val="2023-12-27" ValTyp="Other" Col="EX_DATE" Row="59" ColTyp="Other" RowTyp="Other"/>
  <Msr Val="2023-12-27" ValTyp="Other" Col="PAYMENT_DATE" Row="59" ColTyp="Other" RowTyp="Other"/>
  <Msr Val="6.20979" ValTyp="Other" Col="VALUE" Row="59" ColTyp="Other" RowTyp="Other"/>
  <Msr Val="false" ValTyp="Other" Col="RELATIVE" Row="59" ColTyp="Other" RowTyp="Other"/>
  <Msr Val="2024-01-29" ValTyp="Other" Col="EX_DATE" Row="60" ColTyp="Other" RowTyp="Other"/>
  <Msr Val="2024-01-29" ValTyp="Other" Col="PAYMENT_DATE" Row="60" ColTyp="Other" RowTyp="Other"/>
  <Msr Val="2.03747" ValTyp="Other" Col="VALUE" Row="60" ColTyp="Other" RowTyp="Other"/>
  <Msr Val="false" ValTyp="Other" Col="RELATIVE" Row="60" ColTyp="Other" RowTyp="Other"/>
  <Msr Val="2024-02-26" ValTyp="Other" Col="EX_DATE" Row="61" ColTyp="Other" RowTyp="Other"/>
  <Msr Val="2024-02-26" ValTyp="Other" Col="PAYMENT_DATE" Row="61" ColTyp="Other" RowTyp="Other"/>
  <Msr Val="15.10448" ValTyp="Other" Col="VALUE" Row="61" ColTyp="Other" RowTyp="Other"/>
  <Msr Val="false" ValTyp="Other" Col="RELATIVE" Row="61" ColTyp="Other" RowTyp="Other"/>
  <Msr Val="2024-03-28" ValTyp="Other" Col="EX_DATE" Row="62" ColTyp="Other" RowTyp="Other"/>
  <Msr Val="2024-03-28" ValTyp="Other" Col="PAYMENT_DATE" Row="62" ColTyp="Other" RowTyp="Other"/>
  <Msr Val="183.9462" ValTyp="Other" Col="VALUE" Row="62" ColTyp="Other" RowTyp="Other"/>
  <Msr Val="false" ValTyp="Other" Col="RELATIVE" Row="62" ColTyp="Other" RowTyp="Other"/>
  <Msr Val="2024-06-27" ValTyp="Other" Col="EX_DATE" Row="63" ColTyp="Other" RowTyp="Other"/>
  <Msr Val="2024-06-27" ValTyp="Other" Col="PAYMENT_DATE" Row="63" ColTyp="Other" RowTyp="Other"/>
  <Msr Val="33.35687" ValTyp="Other" Col="VALUE" Row="63" ColTyp="Other" RowTyp="Other"/>
  <Msr Val="false" ValTyp="Other" Col="RELATIVE" Row="63" ColTyp="Other" RowTyp="Other"/>
  <Msr Val="2024-06-28" ValTyp="Other" Col="EX_DATE" Row="64" ColTyp="Other" RowTyp="Other"/>
  <Msr Val="2024-06-28" ValTyp="Other" Col="PAYMENT_DATE" Row="64" ColTyp="Other" RowTyp="Other"/>
  <Msr Val="0.232069" ValTyp="Other" Col="VALUE" Row="64" ColTyp="Other" RowTyp="Other"/>
  <Msr Val="false" ValTyp="Other" Col="RELATIVE" Row="64" ColTyp="Other" RowTyp="Other"/>
  <Msr Val="2024-07-27" ValTyp="Other" Col="EX_DATE" Row="65" ColTyp="Other" RowTyp="Other"/>
  <Msr Val="2024-07-27" ValTyp="Other" Col="PAYMENT_DATE" Row="65" ColTyp="Other" RowTyp="Other"/>
  <Msr Val="1.851565" ValTyp="Other" Col="VALUE" Row="65" ColTyp="Other" RowTyp="Other"/>
  <Msr Val="false" ValTyp="Other" Col="RELATIVE" Row="65" ColTyp="Other" RowTyp="Other"/>
  <Msr Val="2024-08-29" ValTyp="Other" Col="EX_DATE" Row="66" ColTyp="Other" RowTyp="Other"/>
  <Msr Val="2024-08-29" ValTyp="Other" Col="PAYMENT_DATE" Row="66" ColTyp="Other" RowTyp="Other"/>
  <Msr Val="15.22051" ValTyp="Other" Col="VALUE" Row="66" ColTyp="Other" RowTyp="Other"/>
  <Msr Val="false" ValTyp="Other" Col="RELATIVE" Row="66" ColTyp="Other" RowTyp="Other"/>
  <Msr Val="2024-09-26" ValTyp="Other" Col="EX_DATE" Row="67" ColTyp="Other" RowTyp="Other"/>
  <Msr Val="2024-09-26" ValTyp="Other" Col="PAYMENT_DATE" Row="67" ColTyp="Other" RowTyp="Other"/>
  <Msr Val="176.0559" ValTyp="Other" Col="VALUE" Row="67" ColTyp="Other" RowTyp="Other"/>
  <Msr Val="false" ValTyp="Other" Col="RELATIVE" Row="67" ColTyp="Other" RowTyp="Other"/>
  <Msr Val="2024-12-26" ValTyp="Other" Col="EX_DATE" Row="68" ColTyp="Other" RowTyp="Other"/>
  <Msr Val="2024-12-26" ValTyp="Other" Col="PAYMENT_DATE" Row="68" ColTyp="Other" RowTyp="Other"/>
  <Msr Val="36.24526" ValTyp="Other" Col="VALUE" Row="68" ColTyp="Other" RowTyp="Other"/>
  <Msr Val="false" ValTyp="Other" Col="RELATIVE" Row="68" ColTyp="Other" RowTyp="Other"/>
  <Msr Val="2024-12-27" ValTyp="Other" Col="EX_DATE" Row="69" ColTyp="Other" RowTyp="Other"/>
  <Msr Val="2024-12-27" ValTyp="Other" Col="PAYMENT_DATE" Row="69" ColTyp="Other" RowTyp="Other"/>
  <Msr Val="6.249656" ValTyp="Other" Col="VALUE" Row="69" ColTyp="Other" RowTyp="Other"/>
  <Msr Val="false" ValTyp="Other" Col="RELATIVE" Row="69" ColTyp="Other" RowTyp="Other"/>
  <Msr Val="2025-01-29" ValTyp="Other" Col="EX_DATE" Row="70" ColTyp="Other" RowTyp="Other"/>
  <Msr Val="2025-01-29" ValTyp="Other" Col="PAYMENT_DATE" Row="70" ColTyp="Other" RowTyp="Other"/>
  <Msr Val="2.057832" ValTyp="Other" Col="VALUE" Row="70" ColTyp="Other" RowTyp="Other"/>
  <Msr Val="false" ValTyp="Other" Col="RELATIVE" Row="70" ColTyp="Other" RowTyp="Other"/>
  <Msr Val="2025-02-26" ValTyp="Other" Col="EX_DATE" Row="71" ColTyp="Other" RowTyp="Other"/>
  <Msr Val="2025-02-26" ValTyp="Other" Col="PAYMENT_DATE" Row="71" ColTyp="Other" RowTyp="Other"/>
  <Msr Val="15.25543" ValTyp="Other" Col="VALUE" Row="71" ColTyp="Other" RowTyp="Other"/>
  <Msr Val="false" ValTyp="Other" Col="RELATIVE" Row="71" ColTyp="Other" RowTyp="Other"/>
  <Msr Val="2025-03-28" ValTyp="Other" Col="EX_DATE" Row="72" ColTyp="Other" RowTyp="Other"/>
  <Msr Val="2025-03-28" ValTyp="Other" Col="PAYMENT_DATE" Row="72" ColTyp="Other" RowTyp="Other"/>
  <Msr Val="185.7845" ValTyp="Other" Col="VALUE" Row="72" ColTyp="Other" RowTyp="Other"/>
  <Msr Val="false" ValTyp="Other" Col="RELATIVE" Row="72" ColTyp="Other" RowTyp="Other"/>
  <Msr Val="2025-06-27" ValTyp="Other" Col="EX_DATE" Row="73" ColTyp="Other" RowTyp="Other"/>
  <Msr Val="2025-06-27" ValTyp="Other" Col="PAYMENT_DATE" Row="73" ColTyp="Other" RowTyp="Other"/>
  <Msr Val="33.69022" ValTyp="Other" Col="VALUE" Row="73" ColTyp="Other" RowTyp="Other"/>
  <Msr Val="false" ValTyp="Other" Col="RELATIVE" Row="73" ColTyp="Other" RowTyp="Other"/>
  <Msr Val="2025-06-28" ValTyp="Other" Col="EX_DATE" Row="74" ColTyp="Other" RowTyp="Other"/>
  <Msr Val="2025-06-28" ValTyp="Other" Col="PAYMENT_DATE" Row="74" ColTyp="Other" RowTyp="Other"/>
  <Msr Val="0.234389" ValTyp="Other" Col="VALUE" Row="74" ColTyp="Other" RowTyp="Other"/>
  <Msr Val="false" ValTyp="Other" Col="RELATIVE" Row="74" ColTyp="Other" RowTyp="Other"/>
  <Msr Val="2025-07-27" ValTyp="Other" Col="EX_DATE" Row="75" ColTyp="Other" RowTyp="Other"/>
  <Msr Val="2025-07-27" ValTyp="Other" Col="PAYMENT_DATE" Row="75" ColTyp="Other" RowTyp="Other"/>
  <Msr Val="1.870069" ValTyp="Other" Col="VALUE" Row="75" ColTyp="Other" RowTyp="Other"/>
  <Msr Val="false" ValTyp="Other" Col="RELATIVE" Row="75" ColTyp="Other" RowTyp="Other"/>
  <Msr Val="2025-08-29" ValTyp="Other" Col="EX_DATE" Row="76" ColTyp="Other" RowTyp="Other"/>
  <Msr Val="2025-08-29" ValTyp="Other" Col="PAYMENT_DATE" Row="76" ColTyp="Other" RowTyp="Other"/>
  <Msr Val="15.37262" ValTyp="Other" Col="VALUE" Row="76" ColTyp="Other" RowTyp="Other"/>
  <Msr Val="false" ValTyp="Other" Col="RELATIVE" Row="76" ColTyp="Other" RowTyp="Other"/>
  <Msr Val="2025-09-26" ValTyp="Other" Col="EX_DATE" Row="77" ColTyp="Other" RowTyp="Other"/>
  <Msr Val="2025-09-26" ValTyp="Other" Col="PAYMENT_DATE" Row="77" ColTyp="Other" RowTyp="Other"/>
  <Msr Val="177.8153" ValTyp="Other" Col="VALUE" Row="77" ColTyp="Other" RowTyp="Other"/>
  <Msr Val="false" ValTyp="Other" Col="RELATIVE" Row="77" ColTyp="Other" RowTyp="Other"/>
  <Msr Val="2025-12-26" ValTyp="Other" Col="EX_DATE" Row="78" ColTyp="Other" RowTyp="Other"/>
  <Msr Val="2025-12-26" ValTyp="Other" Col="PAYMENT_DATE" Row="78" ColTyp="Other" RowTyp="Other"/>
  <Msr Val="36.60748" ValTyp="Other" Col="VALUE" Row="78" ColTyp="Other" RowTyp="Other"/>
  <Msr Val="false" ValTyp="Other" Col="RELATIVE" Row="78" ColTyp="Other" RowTyp="Other"/>
  <Msr Val="2025-12-27" ValTyp="Other" Col="EX_DATE" Row="79" ColTyp="Other" RowTyp="Other"/>
  <Msr Val="2025-12-27" ValTyp="Other" Col="PAYMENT_DATE" Row="79" ColTyp="Other" RowTyp="Other"/>
  <Msr Val="6.312112" ValTyp="Other" Col="VALUE" Row="79" ColTyp="Other" RowTyp="Other"/>
  <Msr Val="false" ValTyp="Other" Col="RELATIVE" Row="79" ColTyp="Other" RowTyp="Other"/>
  <Msr Val="2026-01-29" ValTyp="Other" Col="EX_DATE" Row="80" ColTyp="Other" RowTyp="Other"/>
  <Msr Val="2026-01-29" ValTyp="Other" Col="PAYMENT_DATE" Row="80" ColTyp="Other" RowTyp="Other"/>
  <Msr Val="2.057832" ValTyp="Other" Col="VALUE" Row="80" ColTyp="Other" RowTyp="Other"/>
  <Msr Val="false" ValTyp="Other" Col="RELATIVE" Row="80" ColTyp="Other" RowTyp="Other"/>
  <Msr Val="2026-02-26" ValTyp="Other" Col="EX_DATE" Row="81" ColTyp="Other" RowTyp="Other"/>
  <Msr Val="2026-02-26" ValTyp="Other" Col="PAYMENT_DATE" Row="81" ColTyp="Other" RowTyp="Other"/>
  <Msr Val="15.25543" ValTyp="Other" Col="VALUE" Row="81" ColTyp="Other" RowTyp="Other"/>
  <Msr Val="false" ValTyp="Other" Col="RELATIVE" Row="81" ColTyp="Other" RowTyp="Other"/>
  <Msr Val="2026-03-28" ValTyp="Other" Col="EX_DATE" Row="82" ColTyp="Other" RowTyp="Other"/>
  <Msr Val="2026-03-28" ValTyp="Other" Col="PAYMENT_DATE" Row="82" ColTyp="Other" RowTyp="Other"/>
  <Msr Val="185.7845" ValTyp="Other" Col="VALUE" Row="82" ColTyp="Other" RowTyp="Other"/>
  <Msr Val="false" ValTyp="Other" Col="RELATIVE" Row="82" ColTyp="Other" RowTyp="Other"/>
  <Msr Val="2026-06-27" ValTyp="Other" Col="EX_DATE" Row="83" ColTyp="Other" RowTyp="Other"/>
  <Msr Val="2026-06-27" ValTyp="Other" Col="PAYMENT_DATE" Row="83" ColTyp="Other" RowTyp="Other"/>
  <Msr Val="33.69022" ValTyp="Other" Col="VALUE" Row="83" ColTyp="Other" RowTyp="Other"/>
  <Msr Val="false" ValTyp="Other" Col="RELATIVE" Row="83" ColTyp="Other" RowTyp="Other"/>
  <Msr Val="2026-06-28" ValTyp="Other" Col="EX_DATE" Row="84" ColTyp="Other" RowTyp="Other"/>
  <Msr Val="2026-06-28" ValTyp="Other" Col="PAYMENT_DATE" Row="84" ColTyp="Other" RowTyp="Other"/>
  <Msr Val="0.234389" ValTyp="Other" Col="VALUE" Row="84" ColTyp="Other" RowTyp="Other"/>
  <Msr Val="false" ValTyp="Other" Col="RELATIVE" Row="84" ColTyp="Other" RowTyp="Other"/>
  <Msr Val="2026-07-27" ValTyp="Other" Col="EX_DATE" Row="85" ColTyp="Other" RowTyp="Other"/>
  <Msr Val="2026-07-27" ValTyp="Other" Col="PAYMENT_DATE" Row="85" ColTyp="Other" RowTyp="Other"/>
  <Msr Val="1.870069" ValTyp="Other" Col="VALUE" Row="85" ColTyp="Other" RowTyp="Other"/>
  <Msr Val="false" ValTyp="Other" Col="RELATIVE" Row="85" ColTyp="Other" RowTyp="Other"/>
  <Msr Val="2026-08-29" ValTyp="Other" Col="EX_DATE" Row="86" ColTyp="Other" RowTyp="Other"/>
  <Msr Val="2026-08-29" ValTyp="Other" Col="PAYMENT_DATE" Row="86" ColTyp="Other" RowTyp="Other"/>
  <Msr Val="15.37262" ValTyp="Other" Col="VALUE" Row="86" ColTyp="Other" RowTyp="Other"/>
  <Msr Val="false" ValTyp="Other" Col="RELATIVE" Row="86" ColTyp="Other" RowTyp="Other"/>
  <Msr Val="2026-09-26" ValTyp="Other" Col="EX_DATE" Row="87" ColTyp="Other" RowTyp="Other"/>
  <Msr Val="2026-09-26" ValTyp="Other" Col="PAYMENT_DATE" Row="87" ColTyp="Other" RowTyp="Other"/>
  <Msr Val="177.8153" ValTyp="Other" Col="VALUE" Row="87" ColTyp="Other" RowTyp="Other"/>
  <Msr Val="false" ValTyp="Other" Col="RELATIVE" Row="87" ColTyp="Other" RowTyp="Other"/>
  <Msr Val="2026-12-26" ValTyp="Other" Col="EX_DATE" Row="88" ColTyp="Other" RowTyp="Other"/>
  <Msr Val="2026-12-26" ValTyp="Other" Col="PAYMENT_DATE" Row="88" ColTyp="Other" RowTyp="Other"/>
  <Msr Val="36.60748" ValTyp="Other" Col="VALUE" Row="88" ColTyp="Other" RowTyp="Other"/>
  <Msr Val="false" ValTyp="Other" Col="RELATIVE" Row="88" ColTyp="Other" RowTyp="Other"/>
  <Msr Val="2026-12-27" ValTyp="Other" Col="EX_DATE" Row="89" ColTyp="Other" RowTyp="Other"/>
  <Msr Val="2026-12-27" ValTyp="Other" Col="PAYMENT_DATE" Row="89" ColTyp="Other" RowTyp="Other"/>
  <Msr Val="6.312112" ValTyp="Other" Col="VALUE" Row="89" ColTyp="Other" RowTyp="Other"/>
  <Msr Val="false" ValTyp="Other" Col="RELATIVE" Row="89" ColTyp="Other" RowTyp="Other"/>
  <Msr Val="2027-01-29" ValTyp="Other" Col="EX_DATE" Row="90" ColTyp="Other" RowTyp="Other"/>
  <Msr Val="2027-01-29" ValTyp="Other" Col="PAYMENT_DATE" Row="90" ColTyp="Other" RowTyp="Other"/>
  <Msr Val="2.057832" ValTyp="Other" Col="VALUE" Row="90" ColTyp="Other" RowTyp="Other"/>
  <Msr Val="false" ValTyp="Other" Col="RELATIVE" Row="90" ColTyp="Other" RowTyp="Other"/>
  <Msr Val="2027-02-26" ValTyp="Other" Col="EX_DATE" Row="91" ColTyp="Other" RowTyp="Other"/>
  <Msr Val="2027-02-26" ValTyp="Other" Col="PAYMENT_DATE" Row="91" ColTyp="Other" RowTyp="Other"/>
  <Msr Val="15.25543" ValTyp="Other" Col="VALUE" Row="91" ColTyp="Other" RowTyp="Other"/>
  <Msr Val="false" ValTyp="Other" Col="RELATIVE" Row="91" ColTyp="Other" RowTyp="Other"/>
  <Msr Val="2027-03-28" ValTyp="Other" Col="EX_DATE" Row="92" ColTyp="Other" RowTyp="Other"/>
  <Msr Val="2027-03-28" ValTyp="Other" Col="PAYMENT_DATE" Row="92" ColTyp="Other" RowTyp="Other"/>
  <Msr Val="185.7845" ValTyp="Other" Col="VALUE" Row="92" ColTyp="Other" RowTyp="Other"/>
  <Msr Val="false" ValTyp="Other" Col="RELATIVE" Row="92" ColTyp="Other" RowTyp="Other"/>
  <Msr Val="2027-06-27" ValTyp="Other" Col="EX_DATE" Row="93" ColTyp="Other" RowTyp="Other"/>
  <Msr Val="2027-06-27" ValTyp="Other" Col="PAYMENT_DATE" Row="93" ColTyp="Other" RowTyp="Other"/>
  <Msr Val="33.69022" ValTyp="Other" Col="VALUE" Row="93" ColTyp="Other" RowTyp="Other"/>
  <Msr Val="false" ValTyp="Other" Col="RELATIVE" Row="93" ColTyp="Other" RowTyp="Other"/>
  <Msr Val="2027-06-28" ValTyp="Other" Col="EX_DATE" Row="94" ColTyp="Other" RowTyp="Other"/>
  <Msr Val="2027-06-28" ValTyp="Other" Col="PAYMENT_DATE" Row="94" ColTyp="Other" RowTyp="Other"/>
  <Msr Val="0.234389" ValTyp="Other" Col="VALUE" Row="94" ColTyp="Other" RowTyp="Other"/>
  <Msr Val="false" ValTyp="Other" Col="RELATIVE" Row="94" ColTyp="Other" RowTyp="Other"/>
  <Msr Val="2027-07-27" ValTyp="Other" Col="EX_DATE" Row="95" ColTyp="Other" RowTyp="Other"/>
  <Msr Val="2027-07-27" ValTyp="Other" Col="PAYMENT_DATE" Row="95" ColTyp="Other" RowTyp="Other"/>
  <Msr Val="1.870069" ValTyp="Other" Col="VALUE" Row="95" ColTyp="Other" RowTyp="Other"/>
  <Msr Val="false" ValTyp="Other" Col="RELATIVE" Row="95" ColTyp="Other" RowTyp="Other"/>
  <Msr Val="2027-08-29" ValTyp="Other" Col="EX_DATE" Row="96" ColTyp="Other" RowTyp="Other"/>
  <Msr Val="2027-08-29" ValTyp="Other" Col="PAYMENT_DATE" Row="96" ColTyp="Other" RowTyp="Other"/>
  <Msr Val="15.37262" ValTyp="Other" Col="VALUE" Row="96" ColTyp="Other" RowTyp="Other"/>
  <Msr Val="false" ValTyp="Other" Col="RELATIVE" Row="96" ColTyp="Other" RowTyp="Other"/>
  <Msr Val="2027-09-26" ValTyp="Other" Col="EX_DATE" Row="97" ColTyp="Other" RowTyp="Other"/>
  <Msr Val="2027-09-26" ValTyp="Other" Col="PAYMENT_DATE" Row="97" ColTyp="Other" RowTyp="Other"/>
  <Msr Val="177.8153" ValTyp="Other" Col="VALUE" Row="97" ColTyp="Other" RowTyp="Other"/>
  <Msr Val="false" ValTyp="Other" Col="RELATIVE" Row="97" ColTyp="Other" RowTyp="Other"/>
  <Msr Val="2027-12-26" ValTyp="Other" Col="EX_DATE" Row="98" ColTyp="Other" RowTyp="Other"/>
  <Msr Val="2027-12-26" ValTyp="Other" Col="PAYMENT_DATE" Row="98" ColTyp="Other" RowTyp="Other"/>
  <Msr Val="36.60748" ValTyp="Other" Col="VALUE" Row="98" ColTyp="Other" RowTyp="Other"/>
  <Msr Val="false" ValTyp="Other" Col="RELATIVE" Row="98" ColTyp="Other" RowTyp="Other"/>
  <Msr Val="2027-12-27" ValTyp="Other" Col="EX_DATE" Row="99" ColTyp="Other" RowTyp="Other"/>
  <Msr Val="2027-12-27" ValTyp="Other" Col="PAYMENT_DATE" Row="99" ColTyp="Other" RowTyp="Other"/>
  <Msr Val="6.312112" ValTyp="Other" Col="VALUE" Row="99" ColTyp="Other" RowTyp="Other"/>
  <Msr Val="false" ValTyp="Other" Col="RELATIVE" Row="99" ColTyp="Other" RowTyp="Other"/>
</Mtrx>

<Mtrx Name="JPY-NIKKEI 225">
  <Undly PxStrctTyp="EQ_ORC_PARAMS" IssuDtTm="2018-01-29" LastUpdateTm="2018-01-26"/>
  <Msr Val="JPY-NIKKEI 225" ValTyp="Other" Col="NAME_ORC" Row="2018-02-16" ColTyp="Other" RowTyp="Other"/>
  <Msr Val="JPY-NIKKEI 225" ValTyp="Other" Col="NAME_MUREX" Row="2018-02-16" ColTyp="Other" RowTyp="Other"/>
  <Msr Val="2018-02-16" ValTyp="Other" Col="EXPIRY" Row="2018-02-16" ColTyp="Other" RowTyp="Other"/>
  <Msr Val="0" ValTyp="Other" Col="ATM_FWD" Row="2018-02-16" ColTyp="Other" RowTyp="Other"/>
  <Msr Val="23954.4065804" ValTyp="Other" Col="REF_FWD" Row="2018-02-16" ColTyp="Other" RowTyp="Other"/>
  <Msr Val="5.51029689412" ValTyp="Other" Col="CALL_CURV" Row="2018-02-16" ColTyp="Other" RowTyp="Other"/>
  <Msr Val="-0.13187628281" ValTyp="Other" Col="DOWN_CUT" Row="2018-02-16" ColTyp="Other" RowTyp="Other"/>
  <Msr Val="17.1566955037" ValTyp="Other" Col="DOWN_SMOOTH_RT" Row="2018-02-16" ColTyp="Other" RowTyp="Other"/>
  <Msr Val="2.3220092177" ValTyp="Other" Col="PUT_CURV" Row="2018-02-16" ColTyp="Other" RowTyp="Other"/>
  <Msr Val="0" ValTyp="Other" Col="SLOPE_CH_RT" Row="2018-02-16" ColTyp="Other" RowTyp="Other"/>
  <Msr Val="-0.415563173468" ValTyp="Other" Col="SLOPE_REF" Row="2018-02-16" ColTyp="Other" RowTyp="Other"/>
  <Msr Val="0" ValTyp="Other" Col="SLOPE_SWIMM_RT" Row="2018-02-16" ColTyp="Other" RowTyp="Other"/>
  <Msr Val="0.073965161934" ValTyp="Other" Col="UP_CUT" Row="2018-02-16" ColTyp="Other" RowTyp="Other"/>
  <Msr Val="10.139309" ValTyp="Other" Col="UP_SMOOTH_RT" Row="2018-02-16" ColTyp="Other" RowTyp="Other"/>
  <Msr Val="0" ValTyp="Other" Col="VOL_CH_RT" Row="2018-02-16" ColTyp="Other" RowTyp="Other"/>
  <Msr Val="0.149616908851" ValTyp="Other" Col="VOL_REF" Row="2018-02-16" ColTyp="Other" RowTyp="Other"/>
  <Msr Val="_" ValTyp="Other" Col="FEEDCODE" Row="2018-02-16" ColTyp="Other" RowTyp="Other"/>
  <Msr Val="JPY-NIKKEI 225" ValTyp="Other" Col="NAME_ORC" Row="2018-04-20" ColTyp="Other" RowTyp="Other"/>
  <Msr Val="JPY-NIKKEI 225" ValTyp="Other" Col="NAME_MUREX" Row="2018-04-20" ColTyp="Other" RowTyp="Other"/>
  <Msr Val="2018-04-20" ValTyp="Other" Col="EXPIRY" Row="2018-04-20" ColTyp="Other" RowTyp="Other"/>
  <Msr Val="0" ValTyp="Other" Col="ATM_FWD" Row="2018-04-20" ColTyp="Other" RowTyp="Other"/>
  <Msr Val="23778.4555391" ValTyp="Other" Col="REF_FWD" Row="2018-04-20" ColTyp="Other" RowTyp="Other"/>
  <Msr Val="2.07481569464" ValTyp="Other" Col="CALL_CURV" Row="2018-04-20" ColTyp="Other" RowTyp="Other"/>
  <Msr Val="-0.348348745046" ValTyp="Other" Col="DOWN_CUT" Row="2018-04-20" ColTyp="Other" RowTyp="Other"/>
  <Msr Val="5.97357992074" ValTyp="Other" Col="DOWN_SMOOTH_RT" Row="2018-04-20" ColTyp="Other" RowTyp="Other"/>
  <Msr Val="0.498678996037" ValTyp="Other" Col="PUT_CURV" Row="2018-04-20" ColTyp="Other" RowTyp="Other"/>
  <Msr Val="0" ValTyp="Other" Col="SLOPE_CH_RT" Row="2018-04-20" ColTyp="Other" RowTyp="Other"/>
  <Msr Val="-0.304491413474" ValTyp="Other" Col="SLOPE_REF" Row="2018-04-20" ColTyp="Other" RowTyp="Other"/>
  <Msr Val="0" ValTyp="Other" Col="SLOPE_SWIMM_RT" Row="2018-04-20" ColTyp="Other" RowTyp="Other"/>
  <Msr Val="0.10596494393" ValTyp="Other" Col="UP_CUT" Row="2018-04-20" ColTyp="Other" RowTyp="Other"/>
  <Msr Val="4.03896262308" ValTyp="Other" Col="UP_SMOOTH_RT" Row="2018-04-20" ColTyp="Other" RowTyp="Other"/>
  <Msr Val="0" ValTyp="Other" Col="VOL_CH_RT" Row="2018-04-20" ColTyp="Other" RowTyp="Other"/>
  <Msr Val="0.159920739762" ValTyp="Other" Col="VOL_REF" Row="2018-04-20" ColTyp="Other" RowTyp="Other"/>
  <Msr Val="_" ValTyp="Other" Col="FEEDCODE" Row="2018-04-20" ColTyp="Other" RowTyp="Other"/>
  <Msr Val="JPY-NIKKEI 225" ValTyp="Other" Col="NAME_ORC" Row="2023-12-15" ColTyp="Other" RowTyp="Other"/>
  <Msr Val="JPY-NIKKEI 225" ValTyp="Other" Col="NAME_MUREX" Row="2023-12-15" ColTyp="Other" RowTyp="Other"/>
  <Msr Val="2023-12-15" ValTyp="Other" Col="EXPIRY" Row="2023-12-15" ColTyp="Other" RowTyp="Other"/>
  <Msr Val="0" ValTyp="Other" Col="ATM_FWD" Row="2023-12-15" ColTyp="Other" RowTyp="Other"/>
  <Msr Val="21537.1815942" ValTyp="Other" Col="REF_FWD" Row="2023-12-15" ColTyp="Other" RowTyp="Other"/>
  <Msr Val="0.106711760755" ValTyp="Other" Col="CALL_CURV" Row="2023-12-15" ColTyp="Other" RowTyp="Other"/>
  <Msr Val="-0.478335535007" ValTyp="Other" Col="DOWN_CUT" Row="2023-12-15" ColTyp="Other" RowTyp="Other"/>
  <Msr Val="3.5059445" ValTyp="Other" Col="DOWN_SMOOTH_RT" Row="2023-12-15" ColTyp="Other" RowTyp="Other"/>
  <Msr Val="0.0983897353152" ValTyp="Other" Col="PUT_CURV" Row="2023-12-15" ColTyp="Other" RowTyp="Other"/>
  <Msr Val="0" ValTyp="Other" Col="SLOPE_CH_RT" Row="2023-12-15" ColTyp="Other" RowTyp="Other"/>
  <Msr Val="-0.0219595457296" ValTyp="Other" Col="SLOPE_REF" Row="2023-12-15" ColTyp="Other" RowTyp="Other"/>
  <Msr Val="0" ValTyp="Other" Col="SLOPE_SWIMM_RT" Row="2023-12-15" ColTyp="Other" RowTyp="Other"/>
  <Msr Val="0.290158520476" ValTyp="Other" Col="UP_CUT" Row="2023-12-15" ColTyp="Other" RowTyp="Other"/>
  <Msr Val="1.4848085" ValTyp="Other" Col="UP_SMOOTH_RT" Row="2023-12-15" ColTyp="Other" RowTyp="Other"/>
  <Msr Val="0" ValTyp="Other" Col="VOL_CH_RT" Row="2023-12-15" ColTyp="Other" RowTyp="Other"/>
  <Msr Val="0.189780013766" ValTyp="Other" Col="VOL_REF" Row="2023-12-15" ColTyp="Other" RowTyp="Other"/>
  <Msr Val="_" ValTyp="Other" Col="FEEDCODE" Row="2023-12-15" ColTyp="Other" RowTyp="Other"/>
  <Msr Val="JPY-NIKKEI 225" ValTyp="Other" Col="NAME_ORC" Row="2022-12-16" ColTyp="Other" RowTyp="Other"/>
  <Msr Val="JPY-NIKKEI 225" ValTyp="Other" Col="NAME_MUREX" Row="2022-12-16" ColTyp="Other" RowTyp="Other"/>
  <Msr Val="2022-12-16" ValTyp="Other" Col="EXPIRY" Row="2022-12-16" ColTyp="Other" RowTyp="Other"/>
  <Msr Val="0" ValTyp="Other" Col="ATM_FWD" Row="2022-12-16" ColTyp="Other" RowTyp="Other"/>
  <Msr Val="21927.9363848" ValTyp="Other" Col="REF_FWD" Row="2022-12-16" ColTyp="Other" RowTyp="Other"/>
  <Msr Val="0.111279561269" ValTyp="Other" Col="CALL_CURV" Row="2022-12-16" ColTyp="Other" RowTyp="Other"/>
  <Msr Val="-0.473051519155" ValTyp="Other" Col="DOWN_CUT" Row="2022-12-16" ColTyp="Other" RowTyp="Other"/>
  <Msr Val="3.5852048" ValTyp="Other" Col="DOWN_SMOOTH_RT" Row="2022-12-16" ColTyp="Other" RowTyp="Other"/>
  <Msr Val="0.103317508127" ValTyp="Other" Col="PUT_CURV" Row="2022-12-16" ColTyp="Other" RowTyp="Other"/>
  <Msr Val="0" ValTyp="Other" Col="SLOPE_CH_RT" Row="2022-12-16" ColTyp="Other" RowTyp="Other"/>
  <Msr Val="-0.0247044889458" ValTyp="Other" Col="SLOPE_REF" Row="2022-12-16" ColTyp="Other" RowTyp="Other"/>
  <Msr Val="0" ValTyp="Other" Col="SLOPE_SWIMM_RT" Row="2022-12-16" ColTyp="Other" RowTyp="Other"/>
  <Msr Val="0.285402906209" ValTyp="Other" Col="UP_CUT" Row="2022-12-16" ColTyp="Other" RowTyp="Other"/>
  <Msr Val="1.5291942" ValTyp="Other" Col="UP_SMOOTH_RT" Row="2022-12-16" ColTyp="Other" RowTyp="Other"/>
  <Msr Val="0" ValTyp="Other" Col="VOL_CH_RT" Row="2022-12-16" ColTyp="Other" RowTyp="Other"/>
  <Msr Val="0.189619839328" ValTyp="Other" Col="VOL_REF" Row="2022-12-16" ColTyp="Other" RowTyp="Other"/>
  <Msr Val="_" ValTyp="Other" Col="FEEDCODE" Row="2022-12-16" ColTyp="Other" RowTyp="Other"/>
  <Msr Val="JPY-NIKKEI 225" ValTyp="Other" Col="NAME_ORC" Row="2021-12-17" ColTyp="Other" RowTyp="Other"/>
  <Msr Val="JPY-NIKKEI 225" ValTyp="Other" Col="NAME_MUREX" Row="2021-12-17" ColTyp="Other" RowTyp="Other"/>
  <Msr Val="2021-12-17" ValTyp="Other" Col="EXPIRY" Row="2021-12-17" ColTyp="Other" RowTyp="Other"/>
  <Msr Val="0" ValTyp="Other" Col="ATM_FWD" Row="2021-12-17" ColTyp="Other" RowTyp="Other"/>
  <Msr Val="22328.9973416" ValTyp="Other" Col="REF_FWD" Row="2021-12-17" ColTyp="Other" RowTyp="Other"/>
  <Msr Val="0.12681638" ValTyp="Other" Col="CALL_CURV" Row="2021-12-17" ColTyp="Other" RowTyp="Other"/>
  <Msr Val="-0.466182298547" ValTyp="Other" Col="DOWN_CUT" Row="2021-12-17" ColTyp="Other" RowTyp="Other"/>
  <Msr Val="3.673712" ValTyp="Other" Col="DOWN_SMOOTH_RT" Row="2021-12-17" ColTyp="Other" RowTyp="Other"/>
  <Msr Val="0.112558789811" ValTyp="Other" Col="PUT_CURV" Row="2021-12-17" ColTyp="Other" RowTyp="Other"/>
  <Msr Val="0" ValTyp="Other" Col="SLOPE_CH_RT" Row="2021-12-17" ColTyp="Other" RowTyp="Other"/>
  <Msr Val="-0.0315668482375" ValTyp="Other" Col="SLOPE_REF" Row="2021-12-17" ColTyp="Other" RowTyp="Other"/>
  <Msr Val="0" ValTyp="Other" Col="SLOPE_SWIMM_RT" Row="2021-12-17" ColTyp="Other" RowTyp="Other"/>
  <Msr Val="0.27606471" ValTyp="Other" Col="UP_CUT" Row="2021-12-17" ColTyp="Other" RowTyp="Other"/>
  <Msr Val="1.5750319" ValTyp="Other" Col="UP_SMOOTH_RT" Row="2021-12-17" ColTyp="Other" RowTyp="Other"/>
  <Msr Val="0" ValTyp="Other" Col="VOL_CH_RT" Row="2021-12-17" ColTyp="Other" RowTyp="Other"/>
  <Msr Val="0.189350725736" ValTyp="Other" Col="VOL_REF" Row="2021-12-17" ColTyp="Other" RowTyp="Other"/>
  <Msr Val="_" ValTyp="Other" Col="FEEDCODE" Row="2021-12-17" ColTyp="Other" RowTyp="Other"/>
  <Msr Val="JPY-NIKKEI 225" ValTyp="Other" Col="NAME_ORC" Row="2020-12-18" ColTyp="Other" RowTyp="Other"/>
  <Msr Val="JPY-NIKKEI 225" ValTyp="Other" Col="NAME_MUREX" Row="2020-12-18" ColTyp="Other" RowTyp="Other"/>
  <Msr Val="2020-12-18" ValTyp="Other" Col="EXPIRY" Row="2020-12-18" ColTyp="Other" RowTyp="Other"/>
  <Msr Val="0" ValTyp="Other" Col="ATM_FWD" Row="2020-12-18" ColTyp="Other" RowTyp="Other"/>
  <Msr Val="22729.179661" ValTyp="Other" Col="REF_FWD" Row="2020-12-18" ColTyp="Other" RowTyp="Other"/>
  <Msr Val="0.16441206648" ValTyp="Other" Col="CALL_CURV" Row="2020-12-18" ColTyp="Other" RowTyp="Other"/>
  <Msr Val="-0.457727873184" ValTyp="Other" Col="DOWN_CUT" Row="2020-12-18" ColTyp="Other" RowTyp="Other"/>
  <Msr Val="3.7912814" ValTyp="Other" Col="DOWN_SMOOTH_RT" Row="2020-12-18" ColTyp="Other" RowTyp="Other"/>
  <Msr Val="0.129550904943" ValTyp="Other" Col="PUT_CURV" Row="2020-12-18" ColTyp="Other" RowTyp="Other"/>
  <Msr Val="0" ValTyp="Other" Col="SLOPE_CH_RT" Row="2020-12-18" ColTyp="Other" RowTyp="Other"/>
  <Msr Val="-0.052153922359" ValTyp="Other" Col="SLOPE_REF" Row="2020-12-18" ColTyp="Other" RowTyp="Other"/>
  <Msr Val="0" ValTyp="Other" Col="SLOPE_SWIMM_RT" Row="2020-12-18" ColTyp="Other" RowTyp="Other"/>
  <Msr Val="0.251975960965" ValTyp="Other" Col="UP_CUT" Row="2020-12-18" ColTyp="Other" RowTyp="Other"/>
  <Msr Val="1.6274769" ValTyp="Other" Col="UP_SMOOTH_RT" Row="2020-12-18" ColTyp="Other" RowTyp="Other"/>
  <Msr Val="0" ValTyp="Other" Col="VOL_CH_RT" Row="2020-12-18" ColTyp="Other" RowTyp="Other"/>
  <Msr Val="0.187688243065" ValTyp="Other" Col="VOL_REF" Row="2020-12-18" ColTyp="Other" RowTyp="Other"/>
  <Msr Val="_" ValTyp="Other" Col="FEEDCODE" Row="2020-12-18" ColTyp="Other" RowTyp="Other"/>
  <Msr Val="JPY-NIKKEI 225" ValTyp="Other" Col="NAME_ORC" Row="2027-12-17" ColTyp="Other" RowTyp="Other"/>
  <Msr Val="JPY-NIKKEI 225" ValTyp="Other" Col="NAME_MUREX" Row="2027-12-17" ColTyp="Other" RowTyp="Other"/>
  <Msr Val="2027-12-17" ValTyp="Other" Col="EXPIRY" Row="2027-12-17" ColTyp="Other" RowTyp="Other"/>
  <Msr Val="0" ValTyp="Other" Col="ATM_FWD" Row="2027-12-17" ColTyp="Other" RowTyp="Other"/>
  <Msr Val="20098.7591346" ValTyp="Other" Col="REF_FWD" Row="2027-12-17" ColTyp="Other" RowTyp="Other"/>
  <Msr Val="0.10303831" ValTyp="Other" Col="CALL_CURV" Row="2027-12-17" ColTyp="Other" RowTyp="Other"/>
  <Msr Val="-0.489431968296" ValTyp="Other" Col="DOWN_CUT" Row="2027-12-17" ColTyp="Other" RowTyp="Other"/>
  <Msr Val="3.3513871" ValTyp="Other" Col="DOWN_SMOOTH_RT" Row="2027-12-17" ColTyp="Other" RowTyp="Other"/>
  <Msr Val="0.091875826" ValTyp="Other" Col="PUT_CURV" Row="2027-12-17" ColTyp="Other" RowTyp="Other"/>
  <Msr Val="0" ValTyp="Other" Col="SLOPE_CH_RT" Row="2027-12-17" ColTyp="Other" RowTyp="Other"/>
  <Msr Val="-0.0205870753727" ValTyp="Other" Col="SLOPE_REF" Row="2027-12-17" ColTyp="Other" RowTyp="Other"/>
  <Msr Val="0" ValTyp="Other" Col="SLOPE_SWIMM_RT" Row="2027-12-17" ColTyp="Other" RowTyp="Other"/>
  <Msr Val="0.300858652576" ValTyp="Other" Col="UP_CUT" Row="2027-12-17" ColTyp="Other" RowTyp="Other"/>
  <Msr Val="1.3097754" ValTyp="Other" Col="UP_SMOOTH_RT" Row="2027-12-17" ColTyp="Other" RowTyp="Other"/>
  <Msr Val="0" ValTyp="Other" Col="VOL_CH_RT" Row="2027-12-17" ColTyp="Other" RowTyp="Other"/>
  <Msr Val="0.190260537081" ValTyp="Other" Col="VOL_REF" Row="2027-12-17" ColTyp="Other" RowTyp="Other"/>
  <Msr Val="_" ValTyp="Other" Col="FEEDCODE" Row="2027-12-17" ColTyp="Other" RowTyp="Other"/>
  <Msr Val="JPY-NIKKEI 225" ValTyp="Other" Col="NAME_ORC" Row="2026-12-18" ColTyp="Other" RowTyp="Other"/>
  <Msr Val="JPY-NIKKEI 225" ValTyp="Other" Col="NAME_MUREX" Row="2026-12-18" ColTyp="Other" RowTyp="Other"/>
  <Msr Val="2026-12-18" ValTyp="Other" Col="EXPIRY" Row="2026-12-18" ColTyp="Other" RowTyp="Other"/>
  <Msr Val="0" ValTyp="Other" Col="ATM_FWD" Row="2026-12-18" ColTyp="Other" RowTyp="Other"/>
  <Msr Val="20442.7228294" ValTyp="Other" Col="REF_FWD" Row="2026-12-18" ColTyp="Other" RowTyp="Other"/>
  <Msr Val="0.123431984776" ValTyp="Other" Col="CALL_CURV" Row="2026-12-18" ColTyp="Other" RowTyp="Other"/>
  <Msr Val="-0.487115913105" ValTyp="Other" Col="DOWN_CUT" Row="2026-12-18" ColTyp="Other" RowTyp="Other"/>
  <Msr Val="3.3513871" ValTyp="Other" Col="DOWN_SMOOTH_RT" Row="2026-12-18" ColTyp="Other" RowTyp="Other"/>
  <Msr Val="0.0988746703172" ValTyp="Other" Col="PUT_CURV" Row="2026-12-18" ColTyp="Other" RowTyp="Other"/>
  <Msr Val="0" ValTyp="Other" Col="SLOPE_CH_RT" Row="2026-12-18" ColTyp="Other" RowTyp="Other"/>
  <Msr Val="-0.0205870753727" ValTyp="Other" Col="SLOPE_REF" Row="2026-12-18" ColTyp="Other" RowTyp="Other"/>
  <Msr Val="0" ValTyp="Other" Col="SLOPE_SWIMM_RT" Row="2026-12-18" ColTyp="Other" RowTyp="Other"/>
  <Msr Val="0.298909623932" ValTyp="Other" Col="UP_CUT" Row="2026-12-18" ColTyp="Other" RowTyp="Other"/>
  <Msr Val="1.3560106" ValTyp="Other" Col="UP_SMOOTH_RT" Row="2026-12-18" ColTyp="Other" RowTyp="Other"/>
  <Msr Val="0" ValTyp="Other" Col="VOL_CH_RT" Row="2026-12-18" ColTyp="Other" RowTyp="Other"/>
  <Msr Val="0.190260537081" ValTyp="Other" Col="VOL_REF" Row="2026-12-18" ColTyp="Other" RowTyp="Other"/>
  <Msr Val="_" ValTyp="Other" Col="FEEDCODE" Row="2026-12-18" ColTyp="Other" RowTyp="Other"/>
  <Msr Val="JPY-NIKKEI 225" ValTyp="Other" Col="NAME_ORC" Row="2018-06-15" ColTyp="Other" RowTyp="Other"/>
  <Msr Val="JPY-NIKKEI 225" ValTyp="Other" Col="NAME_MUREX" Row="2018-06-15" ColTyp="Other" RowTyp="Other"/>
  <Msr Val="2018-06-15" ValTyp="Other" Col="EXPIRY" Row="2018-06-15" ColTyp="Other" RowTyp="Other"/>
  <Msr Val="0" ValTyp="Other" Col="ATM_FWD" Row="2018-06-15" ColTyp="Other" RowTyp="Other"/>
  <Msr Val="23779.1200409" ValTyp="Other" Col="REF_FWD" Row="2018-06-15" ColTyp="Other" RowTyp="Other"/>
  <Msr Val="1.38050125312" ValTyp="Other" Col="CALL_CURV" Row="2018-06-15" ColTyp="Other" RowTyp="Other"/>
  <Msr Val="-0.375825627477" ValTyp="Other" Col="DOWN_CUT" Row="2018-06-15" ColTyp="Other" RowTyp="Other"/>
  <Msr Val="5.107001321" ValTyp="Other" Col="DOWN_SMOOTH_RT" Row="2018-06-15" ColTyp="Other" RowTyp="Other"/>
  <Msr Val="0.329183009605" ValTyp="Other" Col="PUT_CURV" Row="2018-06-15" ColTyp="Other" RowTyp="Other"/>
  <Msr Val="0" ValTyp="Other" Col="SLOPE_CH_RT" Row="2018-06-15" ColTyp="Other" RowTyp="Other"/>
  <Msr Val="-0.271466314399" ValTyp="Other" Col="SLOPE_REF" Row="2018-06-15" ColTyp="Other" RowTyp="Other"/>
  <Msr Val="0" ValTyp="Other" Col="SLOPE_SWIMM_RT" Row="2018-06-15" ColTyp="Other" RowTyp="Other"/>
  <Msr Val="0.139832866876" ValTyp="Other" Col="UP_CUT" Row="2018-06-15" ColTyp="Other" RowTyp="Other"/>
  <Msr Val="2.4253633" ValTyp="Other" Col="UP_SMOOTH_RT" Row="2018-06-15" ColTyp="Other" RowTyp="Other"/>
  <Msr Val="0" ValTyp="Other" Col="VOL_CH_RT" Row="2018-06-15" ColTyp="Other" RowTyp="Other"/>
  <Msr Val="0.164042272127" ValTyp="Other" Col="VOL_REF" Row="2018-06-15" ColTyp="Other" RowTyp="Other"/>
  <Msr Val="_" ValTyp="Other" Col="FEEDCODE" Row="2018-06-15" ColTyp="Other" RowTyp="Other"/>
  <Msr Val="JPY-NIKKEI 225" ValTyp="Other" Col="NAME_ORC" Row="2025-12-19" ColTyp="Other" RowTyp="Other"/>
  <Msr Val="JPY-NIKKEI 225" ValTyp="Other" Col="NAME_MUREX" Row="2025-12-19" ColTyp="Other" RowTyp="Other"/>
  <Msr Val="2025-12-19" ValTyp="Other" Col="EXPIRY" Row="2025-12-19" ColTyp="Other" RowTyp="Other"/>
  <Msr Val="0" ValTyp="Other" Col="ATM_FWD" Row="2025-12-19" ColTyp="Other" RowTyp="Other"/>
  <Msr Val="20794.1023697" ValTyp="Other" Col="REF_FWD" Row="2025-12-19" ColTyp="Other" RowTyp="Other"/>
  <Msr Val="0.118313213586" ValTyp="Other" Col="CALL_CURV" Row="2025-12-19" ColTyp="Other" RowTyp="Other"/>
  <Msr Val="-0.485733157199" ValTyp="Other" Col="DOWN_CUT" Row="2025-12-19" ColTyp="Other" RowTyp="Other"/>
  <Msr Val="3.3791281" ValTyp="Other" Col="DOWN_SMOOTH_RT" Row="2025-12-19" ColTyp="Other" RowTyp="Other"/>
  <Msr Val="0.094550859" ValTyp="Other" Col="PUT_CURV" Row="2025-12-19" ColTyp="Other" RowTyp="Other"/>
  <Msr Val="0" ValTyp="Other" Col="SLOPE_CH_RT" Row="2025-12-19" ColTyp="Other" RowTyp="Other"/>
  <Msr Val="-0.0205870753727" ValTyp="Other" Col="SLOPE_REF" Row="2025-12-19" ColTyp="Other" RowTyp="Other"/>
  <Msr Val="0" ValTyp="Other" Col="SLOPE_SWIMM_RT" Row="2025-12-19" ColTyp="Other" RowTyp="Other"/>
  <Msr Val="0.295684330195" ValTyp="Other" Col="UP_CUT" Row="2025-12-19" ColTyp="Other" RowTyp="Other"/>
  <Msr Val="1.4022457" ValTyp="Other" Col="UP_SMOOTH_RT" Row="2025-12-19" ColTyp="Other" RowTyp="Other"/>
  <Msr Val="0" ValTyp="Other" Col="VOL_CH_RT" Row="2025-12-19" ColTyp="Other" RowTyp="Other"/>
  <Msr Val="0.190224570674" ValTyp="Other" Col="VOL_REF" Row="2025-12-19" ColTyp="Other" RowTyp="Other"/>
  <Msr Val="_" ValTyp="Other" Col="FEEDCODE" Row="2025-12-19" ColTyp="Other" RowTyp="Other"/>
  <Msr Val="JPY-NIKKEI 225" ValTyp="Other" Col="NAME_ORC" Row="2019-06-21" ColTyp="Other" RowTyp="Other"/>
  <Msr Val="JPY-NIKKEI 225" ValTyp="Other" Col="NAME_MUREX" Row="2019-06-21" ColTyp="Other" RowTyp="Other"/>
  <Msr Val="2019-06-21" ValTyp="Other" Col="EXPIRY" Row="2019-06-21" ColTyp="Other" RowTyp="Other"/>
  <Msr Val="0" ValTyp="Other" Col="ATM_FWD" Row="2019-06-21" ColTyp="Other" RowTyp="Other"/>
  <Msr Val="23366.7724044" ValTyp="Other" Col="REF_FWD" Row="2019-06-21" ColTyp="Other" RowTyp="Other"/>
  <Msr Val="0.357970104189" ValTyp="Other" Col="CALL_CURV" Row="2019-06-21" ColTyp="Other" RowTyp="Other"/>
  <Msr Val="-0.44689564" ValTyp="Other" Col="DOWN_CUT" Row="2019-06-21" ColTyp="Other" RowTyp="Other"/>
  <Msr Val="3.990753" ValTyp="Other" Col="DOWN_SMOOTH_RT" Row="2019-06-21" ColTyp="Other" RowTyp="Other"/>
  <Msr Val="0.140404831281" ValTyp="Other" Col="PUT_CURV" Row="2019-06-21" ColTyp="Other" RowTyp="Other"/>
  <Msr Val="0" ValTyp="Other" Col="SLOPE_CH_RT" Row="2019-06-21" ColTyp="Other" RowTyp="Other"/>
  <Msr Val="-0.130899474931" ValTyp="Other" Col="SLOPE_REF" Row="2019-06-21" ColTyp="Other" RowTyp="Other"/>
  <Msr Val="0" ValTyp="Other" Col="SLOPE_SWIMM_RT" Row="2019-06-21" ColTyp="Other" RowTyp="Other"/>
  <Msr Val="0.191875825627" ValTyp="Other" Col="UP_CUT" Row="2019-06-21" ColTyp="Other" RowTyp="Other"/>
  <Msr Val="1.7397622" ValTyp="Other" Col="UP_SMOOTH_RT" Row="2019-06-21" ColTyp="Other" RowTyp="Other"/>
  <Msr Val="0" ValTyp="Other" Col="VOL_CH_RT" Row="2019-06-21" ColTyp="Other" RowTyp="Other"/>
  <Msr Val="0.180211360634" ValTyp="Other" Col="VOL_REF" Row="2019-06-21" ColTyp="Other" RowTyp="Other"/>
  <Msr Val="_" ValTyp="Other" Col="FEEDCODE" Row="2019-06-21" ColTyp="Other" RowTyp="Other"/>
  <Msr Val="JPY-NIKKEI 225" ValTyp="Other" Col="NAME_ORC" Row="2024-12-20" ColTyp="Other" RowTyp="Other"/>
  <Msr Val="JPY-NIKKEI 225" ValTyp="Other" Col="NAME_MUREX" Row="2024-12-20" ColTyp="Other" RowTyp="Other"/>
  <Msr Val="2024-12-20" ValTyp="Other" Col="EXPIRY" Row="2024-12-20" ColTyp="Other" RowTyp="Other"/>
  <Msr Val="0" ValTyp="Other" Col="ATM_FWD" Row="2024-12-20" ColTyp="Other" RowTyp="Other"/>
  <Msr Val="21161.8550315" ValTyp="Other" Col="REF_FWD" Row="2024-12-20" ColTyp="Other" RowTyp="Other"/>
  <Msr Val="0.110039685323" ValTyp="Other" Col="CALL_CURV" Row="2024-12-20" ColTyp="Other" RowTyp="Other"/>
  <Msr Val="-0.482562747688" ValTyp="Other" Col="DOWN_CUT" Row="2024-12-20" ColTyp="Other" RowTyp="Other"/>
  <Msr Val="3.4425363" ValTyp="Other" Col="DOWN_SMOOTH_RT" Row="2024-12-20" ColTyp="Other" RowTyp="Other"/>
  <Msr Val="0.0930839588203" ValTyp="Other" Col="PUT_CURV" Row="2024-12-20" ColTyp="Other" RowTyp="Other"/>
  <Msr Val="0" ValTyp="Other" Col="SLOPE_CH_RT" Row="2024-12-20" ColTyp="Other" RowTyp="Other"/>
  <Msr Val="-0.0219595457296" ValTyp="Other" Col="SLOPE_REF" Row="2024-12-20" ColTyp="Other" RowTyp="Other"/>
  <Msr Val="0" ValTyp="Other" Col="SLOPE_SWIMM_RT" Row="2024-12-20" ColTyp="Other" RowTyp="Other"/>
  <Msr Val="0.293472915267" ValTyp="Other" Col="UP_CUT" Row="2024-12-20" ColTyp="Other" RowTyp="Other"/>
  <Msr Val="1.4435931" ValTyp="Other" Col="UP_SMOOTH_RT" Row="2024-12-20" ColTyp="Other" RowTyp="Other"/>
  <Msr Val="0" ValTyp="Other" Col="VOL_CH_RT" Row="2024-12-20" ColTyp="Other" RowTyp="Other"/>
  <Msr Val="0.189940188205" ValTyp="Other" Col="VOL_REF" Row="2024-12-20" ColTyp="Other" RowTyp="Other"/>
  <Msr Val="_" ValTyp="Other" Col="FEEDCODE" Row="2024-12-20" ColTyp="Other" RowTyp="Other"/>
  <Msr Val="JPY-NIKKEI 225" ValTyp="Other" Col="NAME_ORC" Row="2018-12-21" ColTyp="Other" RowTyp="Other"/>
  <Msr Val="JPY-NIKKEI 225" ValTyp="Other" Col="NAME_MUREX" Row="2018-12-21" ColTyp="Other" RowTyp="Other"/>
  <Msr Val="2018-12-21" ValTyp="Other" Col="EXPIRY" Row="2018-12-21" ColTyp="Other" RowTyp="Other"/>
  <Msr Val="0" ValTyp="Other" Col="ATM_FWD" Row="2018-12-21" ColTyp="Other" RowTyp="Other"/>
  <Msr Val="23587.4314076" ValTyp="Other" Col="REF_FWD" Row="2018-12-21" ColTyp="Other" RowTyp="Other"/>
  <Msr Val="0.740434486621" ValTyp="Other" Col="CALL_CURV" Row="2018-12-21" ColTyp="Other" RowTyp="Other"/>
  <Msr Val="-0.436591809775" ValTyp="Other" Col="DOWN_CUT" Row="2018-12-21" ColTyp="Other" RowTyp="Other"/>
  <Msr Val="4.17701453104" ValTyp="Other" Col="DOWN_SMOOTH_RT" Row="2018-12-21" ColTyp="Other" RowTyp="Other"/>
  <Msr Val="0.12855334874" ValTyp="Other" Col="PUT_CURV" Row="2018-12-21" ColTyp="Other" RowTyp="Other"/>
  <Msr Val="0" ValTyp="Other" Col="SLOPE_CH_RT" Row="2018-12-21" ColTyp="Other" RowTyp="Other"/>
  <Msr Val="-0.198014339617" ValTyp="Other" Col="SLOPE_REF" Row="2018-12-21" ColTyp="Other" RowTyp="Other"/>
  <Msr Val="0" ValTyp="Other" Col="SLOPE_SWIMM_RT" Row="2018-12-21" ColTyp="Other" RowTyp="Other"/>
  <Msr Val="0.166908850727" ValTyp="Other" Col="UP_CUT" Row="2018-12-21" ColTyp="Other" RowTyp="Other"/>
  <Msr Val="1.8705416" ValTyp="Other" Col="UP_SMOOTH_RT" Row="2018-12-21" ColTyp="Other" RowTyp="Other"/>
  <Msr Val="0" ValTyp="Other" Col="VOL_CH_RT" Row="2018-12-21" ColTyp="Other" RowTyp="Other"/>
  <Msr Val="0.175138705416" ValTyp="Other" Col="VOL_REF" Row="2018-12-21" ColTyp="Other" RowTyp="Other"/>
  <Msr Val="_" ValTyp="Other" Col="FEEDCODE" Row="2018-12-21" ColTyp="Other" RowTyp="Other"/>
  <Msr Val="JPY-NIKKEI 225" ValTyp="Other" Col="NAME_ORC" Row="2018-03-16" ColTyp="Other" RowTyp="Other"/>
  <Msr Val="JPY-NIKKEI 225" ValTyp="Other" Col="NAME_MUREX" Row="2018-03-16" ColTyp="Other" RowTyp="Other"/>
  <Msr Val="2018-03-16" ValTyp="Other" Col="EXPIRY" Row="2018-03-16" ColTyp="Other" RowTyp="Other"/>
  <Msr Val="0" ValTyp="Other" Col="ATM_FWD" Row="2018-03-16" ColTyp="Other" RowTyp="Other"/>
  <Msr Val="23940.4942246" ValTyp="Other" Col="REF_FWD" Row="2018-03-16" ColTyp="Other" RowTyp="Other"/>
  <Msr Val="5.3379557854" ValTyp="Other" Col="CALL_CURV" Row="2018-03-16" ColTyp="Other" RowTyp="Other"/>
  <Msr Val="-0.323727577014" ValTyp="Other" Col="DOWN_CUT" Row="2018-03-16" ColTyp="Other" RowTyp="Other"/>
  <Msr Val="7.36856010568" ValTyp="Other" Col="DOWN_SMOOTH_RT" Row="2018-03-16" ColTyp="Other" RowTyp="Other"/>
  <Msr Val="0.678617696085" ValTyp="Other" Col="PUT_CURV" Row="2018-03-16" ColTyp="Other" RowTyp="Other"/>
  <Msr Val="0" ValTyp="Other" Col="SLOPE_CH_RT" Row="2018-03-16" ColTyp="Other" RowTyp="Other"/>
  <Msr Val="-0.36647754372" ValTyp="Other" Col="SLOPE_REF" Row="2018-03-16" ColTyp="Other" RowTyp="Other"/>
  <Msr Val="0" ValTyp="Other" Col="SLOPE_SWIMM_RT" Row="2018-03-16" ColTyp="Other" RowTyp="Other"/>
  <Msr Val="0.0614448606691" ValTyp="Other" Col="UP_CUT" Row="2018-03-16" ColTyp="Other" RowTyp="Other"/>
  <Msr Val="5.0474622" ValTyp="Other" Col="UP_SMOOTH_RT" Row="2018-03-16" ColTyp="Other" RowTyp="Other"/>
  <Msr Val="0" ValTyp="Other" Col="VOL_CH_RT" Row="2018-03-16" ColTyp="Other" RowTyp="Other"/>
  <Msr Val="0.155482166446" ValTyp="Other" Col="VOL_REF" Row="2018-03-16" ColTyp="Other" RowTyp="Other"/>
  <Msr Val="_" ValTyp="Other" Col="FEEDCODE" Row="2018-03-16" ColTyp="Other" RowTyp="Other"/>
  <Msr Val="JPY-NIKKEI 225" ValTyp="Other" Col="NAME_ORC" Row="2019-12-20" ColTyp="Other" RowTyp="Other"/>
  <Msr Val="JPY-NIKKEI 225" ValTyp="Other" Col="NAME_MUREX" Row="2019-12-20" ColTyp="Other" RowTyp="Other"/>
  <Msr Val="2019-12-20" ValTyp="Other" Col="EXPIRY" Row="2019-12-20" ColTyp="Other" RowTyp="Other"/>
  <Msr Val="0" ValTyp="Other" Col="ATM_FWD" Row="2019-12-20" ColTyp="Other" RowTyp="Other"/>
  <Msr Val="23170.0658338" ValTyp="Other" Col="REF_FWD" Row="2019-12-20" ColTyp="Other" RowTyp="Other"/>
  <Msr Val="0.244865940979" ValTyp="Other" Col="CALL_CURV" Row="2019-12-20" ColTyp="Other" RowTyp="Other"/>
  <Msr Val="-0.450330250991" ValTyp="Other" Col="DOWN_CUT" Row="2019-12-20" ColTyp="Other" RowTyp="Other"/>
  <Msr Val="3.9194188" ValTyp="Other" Col="DOWN_SMOOTH_RT" Row="2019-12-20" ColTyp="Other" RowTyp="Other"/>
  <Msr Val="0.142194779491" ValTyp="Other" Col="PUT_CURV" Row="2019-12-20" ColTyp="Other" RowTyp="Other"/>
  <Msr Val="0" ValTyp="Other" Col="SLOPE_CH_RT" Row="2019-12-20" ColTyp="Other" RowTyp="Other"/>
  <Msr Val="-0.0924702774108" ValTyp="Other" Col="SLOPE_REF" Row="2019-12-20" ColTyp="Other" RowTyp="Other"/>
  <Msr Val="0" ValTyp="Other" Col="SLOPE_SWIMM_RT" Row="2019-12-20" ColTyp="Other" RowTyp="Other"/>
  <Msr Val="0.214068692206" ValTyp="Other" Col="UP_CUT" Row="2019-12-20" ColTyp="Other" RowTyp="Other"/>
  <Msr Val="1.6848659" ValTyp="Other" Col="UP_SMOOTH_RT" Row="2019-12-20" ColTyp="Other" RowTyp="Other"/>
  <Msr Val="0" ValTyp="Other" Col="VOL_CH_RT" Row="2019-12-20" ColTyp="Other" RowTyp="Other"/>
  <Msr Val="0.183540290621" ValTyp="Other" Col="VOL_REF" Row="2019-12-20" ColTyp="Other" RowTyp="Other"/>
  <Msr Val="_" ValTyp="Other" Col="FEEDCODE" Row="2019-12-20" ColTyp="Other" RowTyp="Other"/>
  <Msr Val="JPY-NIKKEI 225" ValTyp="Other" Col="NAME_ORC" Row="2018-09-21" ColTyp="Other" RowTyp="Other"/>
  <Msr Val="JPY-NIKKEI 225" ValTyp="Other" Col="NAME_MUREX" Row="2018-09-21" ColTyp="Other" RowTyp="Other"/>
  <Msr Val="2018-09-21" ValTyp="Other" Col="EXPIRY" Row="2018-09-21" ColTyp="Other" RowTyp="Other"/>
  <Msr Val="0" ValTyp="Other" Col="ATM_FWD" Row="2018-09-21" ColTyp="Other" RowTyp="Other"/>
  <Msr Val="23738.3169463" ValTyp="Other" Col="REF_FWD" Row="2018-09-21" ColTyp="Other" RowTyp="Other"/>
  <Msr Val="1.03176536465" ValTyp="Other" Col="CALL_CURV" Row="2018-09-21" ColTyp="Other" RowTyp="Other"/>
  <Msr Val="-0.420412873861" ValTyp="Other" Col="DOWN_CUT" Row="2018-09-21" ColTyp="Other" RowTyp="Other"/>
  <Msr Val="4.51519154557" ValTyp="Other" Col="DOWN_SMOOTH_RT" Row="2018-09-21" ColTyp="Other" RowTyp="Other"/>
  <Msr Val="0.15620373835" ValTyp="Other" Col="PUT_CURV" Row="2018-09-21" ColTyp="Other" RowTyp="Other"/>
  <Msr Val="0" ValTyp="Other" Col="SLOPE_CH_RT" Row="2018-09-21" ColTyp="Other" RowTyp="Other"/>
  <Msr Val="-0.233817701453" ValTyp="Other" Col="SLOPE_REF" Row="2018-09-21" ColTyp="Other" RowTyp="Other"/>
  <Msr Val="0" ValTyp="Other" Col="SLOPE_SWIMM_RT" Row="2018-09-21" ColTyp="Other" RowTyp="Other"/>
  <Msr Val="0.153957646605" ValTyp="Other" Col="UP_CUT" Row="2018-09-21" ColTyp="Other" RowTyp="Other"/>
  <Msr Val="2.0369881" ValTyp="Other" Col="UP_SMOOTH_RT" Row="2018-09-21" ColTyp="Other" RowTyp="Other"/>
  <Msr Val="0" ValTyp="Other" Col="VOL_CH_RT" Row="2018-09-21" ColTyp="Other" RowTyp="Other"/>
  <Msr Val="0.170541611625" ValTyp="Other" Col="VOL_REF" Row="2018-09-21" ColTyp="Other" RowTyp="Other"/>
  <Msr Val="_" ValTyp="Other" Col="FEEDCODE" Row="2018-09-21" ColTyp="Other" RowTyp="Other"/>
  <Msr Val="JPY-NIKKEI 225" ValTyp="Other" Col="NAME_ORC" Row="2020-06-19" ColTyp="Other" RowTyp="Other"/>
  <Msr Val="JPY-NIKKEI 225" ValTyp="Other" Col="NAME_MUREX" Row="2020-06-19" ColTyp="Other" RowTyp="Other"/>
  <Msr Val="2020-06-19" ValTyp="Other" Col="EXPIRY" Row="2020-06-19" ColTyp="Other" RowTyp="Other"/>
  <Msr Val="0" ValTyp="Other" Col="ATM_FWD" Row="2020-06-19" ColTyp="Other" RowTyp="Other"/>
  <Msr Val="22942.9075646" ValTyp="Other" Col="REF_FWD" Row="2020-06-19" ColTyp="Other" RowTyp="Other"/>
  <Msr Val="0.201641704008" ValTyp="Other" Col="CALL_CURV" Row="2020-06-19" ColTyp="Other" RowTyp="Other"/>
  <Msr Val="-0.45381459833" ValTyp="Other" Col="DOWN_CUT" Row="2020-06-19" ColTyp="Other" RowTyp="Other"/>
  <Msr Val="3.8546896" ValTyp="Other" Col="DOWN_SMOOTH_RT" Row="2020-06-19" ColTyp="Other" RowTyp="Other"/>
  <Msr Val="0.133959126516" ValTyp="Other" Col="PUT_CURV" Row="2020-06-19" ColTyp="Other" RowTyp="Other"/>
  <Msr Val="0" ValTyp="Other" Col="SLOPE_CH_RT" Row="2020-06-19" ColTyp="Other" RowTyp="Other"/>
  <Msr Val="-0.0672511100481" ValTyp="Other" Col="SLOPE_REF" Row="2020-06-19" ColTyp="Other" RowTyp="Other"/>
  <Msr Val="0" ValTyp="Other" Col="SLOPE_SWIMM_RT" Row="2020-06-19" ColTyp="Other" RowTyp="Other"/>
  <Msr Val="0.232731898199" ValTyp="Other" Col="UP_CUT" Row="2020-06-19" ColTyp="Other" RowTyp="Other"/>
  <Msr Val="1.653897" ValTyp="Other" Col="UP_SMOOTH_RT" Row="2020-06-19" ColTyp="Other" RowTyp="Other"/>
  <Msr Val="0" ValTyp="Other" Col="VOL_CH_RT" Row="2020-06-19" ColTyp="Other" RowTyp="Other"/>
  <Msr Val="0.185810810811" ValTyp="Other" Col="VOL_REF" Row="2020-06-19" ColTyp="Other" RowTyp="Other"/>
  <Msr Val="_" ValTyp="Other" Col="FEEDCODE" Row="2020-06-19" ColTyp="Other" RowTyp="Other"/>
</Mtrx>

<Pnt Name="JPY-NIKKEI 225">
  <Undly PxStrctTyp="EQ_SPOT" IssuDtTm="2018-01-29" LastUpdateTm="2018-01-29"/>
  <Msr Val="23558.78522456" ValTyp="Other" MktDataTyp="MID"/>
</Pnt>

<Pnt Name="JPY-NIKKEI 225">
  <Undly PxStrctTyp="EQ_LIQUIDITY" IssuDtTm="2018-01-29" LastUpdateTm="2018-01-29"/>
  <Msr Val="60000000000" ValTyp="Other" MktDataTyp="MID"/>
</Pnt>


</Mkt>
