
<Mkt>
<Curve Name="GBP-BATS.L">
  <Undly PxStrctTyp="EQ_DIVIDENDS_YIELD" IssuDtTm="2018-01-29" LastUpdateTm="2018-01-29"/>
  <Msr Val="1" ValTyp="Other" Row="2018-01-29" RowTyp="Other"/>
  <Msr Val="1.0000027410996473" ValTyp="Other" Row="2018-01-30" RowTyp="Other"/>
  <Msr Val="1.0000410967348585" ValTyp="Other" Row="2018-02-08" RowTyp="Other"/>
  <Msr Val="1.0000698654541758" ValTyp="Other" Row="2018-02-15" RowTyp="Other"/>
  <Msr Val="1.0001274053756495" ValTyp="Other" Row="2018-03-01" RowTyp="Other"/>
  <Msr Val="1.0005102792276244" ValTyp="Other" Row="2018-05-02" RowTyp="Other"/>
  <Msr Val="1.001109656309378" ValTyp="Other" Row="2018-08-01" RowTyp="Other"/>
  <Msr Val="1.0018164422567406" ValTyp="Other" Row="2018-11-01" RowTyp="Other"/>
  <Msr Val="1.0026248086571203" ValTyp="Other" Row="2019-02-01" RowTyp="Other"/>
  <Msr Val="1.0035224019391962" ValTyp="Other" Row="2019-05-02" RowTyp="Other"/>
  <Msr Val="1.004373123190805" ValTyp="Other" Row="2019-08-01" RowTyp="Other"/>
  <Msr Val="1.0052823960658055" ValTyp="Other" Row="2019-11-01" RowTyp="Other"/>
  <Msr Val="1.0060593801105555" ValTyp="Other" Row="2020-02-03" RowTyp="Other"/>
  <Msr Val="1.0090779587092664" ValTyp="Other" Row="2021-02-01" RowTyp="Other"/>
  <Msr Val="1.0141540748454632" ValTyp="Other" Row="2022-02-01" RowTyp="Other"/>
  <Msr Val="1.0202516653795317" ValTyp="Other" Row="2023-02-01" RowTyp="Other"/>
  <Msr Val="1.0255724745178507" ValTyp="Other" Row="2024-02-01" RowTyp="Other"/>
  <Msr Val="1.0321102924911083" ValTyp="Other" Row="2025-02-03" RowTyp="Other"/>
  <Msr Val="1.040896323799107" ValTyp="Other" Row="2026-02-02" RowTyp="Other"/>
  <Msr Val="1.0460995081062237" ValTyp="Other" Row="2027-02-01" RowTyp="Other"/>
  <Msr Val="1.0513431037116154" ValTyp="Other" Row="2028-02-01" RowTyp="Other"/>
  <Msr Val="1.0619238243687728" ValTyp="Other" Row="2030-02-01" RowTyp="Other"/>
  <Msr Val="1.077987514594541" ValTyp="Other" Row="2033-02-01" RowTyp="Other"/>
  <Msr Val="1.1052920393334666" ValTyp="Other" Row="2038-02-01" RowTyp="Other"/>
  <Msr Val="1.1333036895147055" ValTyp="Other" Row="2043-02-02" RowTyp="Other"/>
</Curve>

<Mtrx Name="GBP-BATS.L">
  <Undly PxStrctTyp="EQ_DIVIDENDS" IssuDtTm="2018-01-29" LastUpdateTm="2018-01-16"/>
  <Msr Val="-1" ValTyp="Other" Col="TAX_RATE" Row="0" ColTyp="Other" RowTyp="Other"/>
  <Msr Val="2018-03-22" ValTyp="Other" Col="EX_DATE" Row="0" ColTyp="Other" RowTyp="Other"/>
  <Msr Val="2018-03-22" ValTyp="Other" Col="PAYMENT_DATE" Row="0" ColTyp="Other" RowTyp="Other"/>
  <Msr Val="0.3999999999999989" ValTyp="Other" Col="VALUE" Row="0" ColTyp="Other" RowTyp="Other"/>
  <Msr Val="false" ValTyp="Other" Col="RELATIVE" Row="0" ColTyp="Other" RowTyp="Other"/>
  <Msr Val="-1" ValTyp="Other" Col="TAX_RATE" Row="1" ColTyp="Other" RowTyp="Other"/>
  <Msr Val="2018-06-27" ValTyp="Other" Col="EX_DATE" Row="1" ColTyp="Other" RowTyp="Other"/>
  <Msr Val="2018-06-27" ValTyp="Other" Col="PAYMENT_DATE" Row="1" ColTyp="Other" RowTyp="Other"/>
  <Msr Val="0.4000000000000079" ValTyp="Other" Col="VALUE" Row="1" ColTyp="Other" RowTyp="Other"/>
  <Msr Val="false" ValTyp="Other" Col="RELATIVE" Row="1" ColTyp="Other" RowTyp="Other"/>
  <Msr Val="-1" ValTyp="Other" Col="TAX_RATE" Row="2" ColTyp="Other" RowTyp="Other"/>
  <Msr Val="2018-10-03" ValTyp="Other" Col="EX_DATE" Row="2" ColTyp="Other" RowTyp="Other"/>
  <Msr Val="2018-10-03" ValTyp="Other" Col="PAYMENT_DATE" Row="2" ColTyp="Other" RowTyp="Other"/>
  <Msr Val="0.4000000000000028" ValTyp="Other" Col="VALUE" Row="2" ColTyp="Other" RowTyp="Other"/>
  <Msr Val="false" ValTyp="Other" Col="RELATIVE" Row="2" ColTyp="Other" RowTyp="Other"/>
  <Msr Val="-1" ValTyp="Other" Col="TAX_RATE" Row="3" ColTyp="Other" RowTyp="Other"/>
  <Msr Val="2018-12-24" ValTyp="Other" Col="EX_DATE" Row="3" ColTyp="Other" RowTyp="Other"/>
  <Msr Val="2018-12-24" ValTyp="Other" Col="PAYMENT_DATE" Row="3" ColTyp="Other" RowTyp="Other"/>
  <Msr Val="0.3999999999999962" ValTyp="Other" Col="VALUE" Row="3" ColTyp="Other" RowTyp="Other"/>
  <Msr Val="false" ValTyp="Other" Col="RELATIVE" Row="3" ColTyp="Other" RowTyp="Other"/>
  <Msr Val="-1" ValTyp="Other" Col="TAX_RATE" Row="4" ColTyp="Other" RowTyp="Other"/>
  <Msr Val="2019-03-22" ValTyp="Other" Col="EX_DATE" Row="4" ColTyp="Other" RowTyp="Other"/>
  <Msr Val="2019-03-22" ValTyp="Other" Col="PAYMENT_DATE" Row="4" ColTyp="Other" RowTyp="Other"/>
  <Msr Val="0.3757808219178067" ValTyp="Other" Col="VALUE" Row="4" ColTyp="Other" RowTyp="Other"/>
  <Msr Val="false" ValTyp="Other" Col="RELATIVE" Row="4" ColTyp="Other" RowTyp="Other"/>
  <Msr Val="-1" ValTyp="Other" Col="TAX_RATE" Row="5" ColTyp="Other" RowTyp="Other"/>
  <Msr Val="2019-03-22" ValTyp="Other" Col="EX_DATE" Row="5" ColTyp="Other" RowTyp="Other"/>
  <Msr Val="2019-03-22" ValTyp="Other" Col="PAYMENT_DATE" Row="5" ColTyp="Other" RowTyp="Other"/>
  <Msr Val="0.0004884799241825" ValTyp="Other" Col="VALUE" Row="5" ColTyp="Other" RowTyp="Other"/>
  <Msr Val="true" ValTyp="Other" Col="RELATIVE" Row="5" ColTyp="Other" RowTyp="Other"/>
  <Msr Val="-1" ValTyp="Other" Col="TAX_RATE" Row="6" ColTyp="Other" RowTyp="Other"/>
  <Msr Val="2019-06-27" ValTyp="Other" Col="EX_DATE" Row="6" ColTyp="Other" RowTyp="Other"/>
  <Msr Val="2019-06-27" ValTyp="Other" Col="PAYMENT_DATE" Row="6" ColTyp="Other" RowTyp="Other"/>
  <Msr Val="0.3396383561643813" ValTyp="Other" Col="VALUE" Row="6" ColTyp="Other" RowTyp="Other"/>
  <Msr Val="false" ValTyp="Other" Col="RELATIVE" Row="6" ColTyp="Other" RowTyp="Other"/>
  <Msr Val="-1" ValTyp="Other" Col="TAX_RATE" Row="7" ColTyp="Other" RowTyp="Other"/>
  <Msr Val="2019-06-27" ValTyp="Other" Col="EX_DATE" Row="7" ColTyp="Other" RowTyp="Other"/>
  <Msr Val="2019-06-27" ValTyp="Other" Col="PAYMENT_DATE" Row="7" ColTyp="Other" RowTyp="Other"/>
  <Msr Val="0.0012235230556658" ValTyp="Other" Col="VALUE" Row="7" ColTyp="Other" RowTyp="Other"/>
  <Msr Val="true" ValTyp="Other" Col="RELATIVE" Row="7" ColTyp="Other" RowTyp="Other"/>
  <Msr Val="-1" ValTyp="Other" Col="TAX_RATE" Row="8" ColTyp="Other" RowTyp="Other"/>
  <Msr Val="2019-10-03" ValTyp="Other" Col="EX_DATE" Row="8" ColTyp="Other" RowTyp="Other"/>
  <Msr Val="2019-10-03" ValTyp="Other" Col="PAYMENT_DATE" Row="8" ColTyp="Other" RowTyp="Other"/>
  <Msr Val="0.3031232876712394" ValTyp="Other" Col="VALUE" Row="8" ColTyp="Other" RowTyp="Other"/>
  <Msr Val="false" ValTyp="Other" Col="RELATIVE" Row="8" ColTyp="Other" RowTyp="Other"/>
  <Msr Val="-1" ValTyp="Other" Col="TAX_RATE" Row="9" ColTyp="Other" RowTyp="Other"/>
  <Msr Val="2019-10-03" ValTyp="Other" Col="EX_DATE" Row="9" ColTyp="Other" RowTyp="Other"/>
  <Msr Val="2019-10-03" ValTyp="Other" Col="PAYMENT_DATE" Row="9" ColTyp="Other" RowTyp="Other"/>
  <Msr Val="0.0019731454035409" ValTyp="Other" Col="VALUE" Row="9" ColTyp="Other" RowTyp="Other"/>
  <Msr Val="true" ValTyp="Other" Col="RELATIVE" Row="9" ColTyp="Other" RowTyp="Other"/>
  <Msr Val="-1" ValTyp="Other" Col="TAX_RATE" Row="10" ColTyp="Other" RowTyp="Other"/>
  <Msr Val="2019-12-24" ValTyp="Other" Col="EX_DATE" Row="10" ColTyp="Other" RowTyp="Other"/>
  <Msr Val="2019-12-24" ValTyp="Other" Col="PAYMENT_DATE" Row="10" ColTyp="Other" RowTyp="Other"/>
  <Msr Val="0.2725698630136996" ValTyp="Other" Col="VALUE" Row="10" ColTyp="Other" RowTyp="Other"/>
  <Msr Val="false" ValTyp="Other" Col="RELATIVE" Row="10" ColTyp="Other" RowTyp="Other"/>
  <Msr Val="2021-12-24" ValTyp="Other" Col="EX_DATE" Row="27" ColTyp="Other" RowTyp="Other"/>
  <Msr Val="2021-12-24" ValTyp="Other" Col="PAYMENT_DATE" Row="27" ColTyp="Other" RowTyp="Other"/>
  <Msr Val="2020-12-24" ValTyp="Other" Col="PAYMENT_DATE" Row="18" ColTyp="Other" RowTyp="Other"/>
  <Msr Val="0.1402950819672161" ValTyp="Other" Col="VALUE" Row="18" ColTyp="Other" RowTyp="Other"/>
  <Msr Val="false" ValTyp="Other" Col="RELATIVE" Row="18" ColTyp="Other" RowTyp="Other"/>
  <Msr Val="-1" ValTyp="Other" Col="TAX_RATE" Row="19" ColTyp="Other" RowTyp="Other"/>
  <Msr Val="2020-12-24" ValTyp="Other" Col="EX_DATE" Row="19" ColTyp="Other" RowTyp="Other"/>
  <Msr Val="2020-12-24" ValTyp="Other" Col="PAYMENT_DATE" Row="19" ColTyp="Other" RowTyp="Other"/>
  <Msr Val="0.0054262505739018" ValTyp="Other" Col="VALUE" Row="19" ColTyp="Other" RowTyp="Other"/>
  <Msr Val="true" ValTyp="Other" Col="RELATIVE" Row="19" ColTyp="Other" RowTyp="Other"/>
  <Msr Val="-1" ValTyp="Other" Col="TAX_RATE" Row="20" ColTyp="Other" RowTyp="Other"/>
  <Msr Val="2021-03-22" ValTyp="Other" Col="EX_DATE" Row="20" ColTyp="Other" RowTyp="Other"/>
  <Msr Val="2021-03-22" ValTyp="Other" Col="PAYMENT_DATE" Row="20" ColTyp="Other" RowTyp="Other"/>
  <Msr Val="0.108493150684932" ValTyp="Other" Col="VALUE" Row="20" ColTyp="Other" RowTyp="Other"/>
  <Msr Val="false" ValTyp="Other" Col="RELATIVE" Row="20" ColTyp="Other" RowTyp="Other"/>
  <Msr Val="-1" ValTyp="Other" Col="TAX_RATE" Row="21" ColTyp="Other" RowTyp="Other"/>
  <Msr Val="2021-03-22" ValTyp="Other" Col="EX_DATE" Row="21" ColTyp="Other" RowTyp="Other"/>
  <Msr Val="2021-03-22" ValTyp="Other" Col="PAYMENT_DATE" Row="21" ColTyp="Other" RowTyp="Other"/>
  <Msr Val="0.0061203437515096" ValTyp="Other" Col="VALUE" Row="21" ColTyp="Other" RowTyp="Other"/>
  <Msr Val="true" ValTyp="Other" Col="RELATIVE" Row="21" ColTyp="Other" RowTyp="Other"/>
  <Msr Val="-1" ValTyp="Other" Col="TAX_RATE" Row="22" ColTyp="Other" RowTyp="Other"/>
  <Msr Val="2021-06-27" ValTyp="Other" Col="EX_DATE" Row="22" ColTyp="Other" RowTyp="Other"/>
  <Msr Val="2021-06-27" ValTyp="Other" Col="PAYMENT_DATE" Row="22" ColTyp="Other" RowTyp="Other"/>
  <Msr Val="0.0734136986301368" ValTyp="Other" Col="VALUE" Row="22" ColTyp="Other" RowTyp="Other"/>
  <Msr Val="false" ValTyp="Other" Col="RELATIVE" Row="22" ColTyp="Other" RowTyp="Other"/>
  <Msr Val="-1" ValTyp="Other" Col="TAX_RATE" Row="23" ColTyp="Other" RowTyp="Other"/>
  <Msr Val="2021-06-27" ValTyp="Other" Col="EX_DATE" Row="23" ColTyp="Other" RowTyp="Other"/>
  <Msr Val="2021-06-27" ValTyp="Other" Col="PAYMENT_DATE" Row="23" ColTyp="Other" RowTyp="Other"/>
  <Msr Val="0.006886310770959" ValTyp="Other" Col="VALUE" Row="23" ColTyp="Other" RowTyp="Other"/>
  <Msr Val="true" ValTyp="Other" Col="RELATIVE" Row="23" ColTyp="Other" RowTyp="Other"/>
  <Msr Val="-1" ValTyp="Other" Col="TAX_RATE" Row="24" ColTyp="Other" RowTyp="Other"/>
  <Msr Val="2021-10-03" ValTyp="Other" Col="EX_DATE" Row="24" ColTyp="Other" RowTyp="Other"/>
  <Msr Val="2021-10-03" ValTyp="Other" Col="PAYMENT_DATE" Row="24" ColTyp="Other" RowTyp="Other"/>
  <Msr Val="0.0379726027397261" ValTyp="Other" Col="VALUE" Row="24" ColTyp="Other" RowTyp="Other"/>
  <Msr Val="false" ValTyp="Other" Col="RELATIVE" Row="24" ColTyp="Other" RowTyp="Other"/>
  <Msr Val="-1" ValTyp="Other" Col="TAX_RATE" Row="25" ColTyp="Other" RowTyp="Other"/>
  <Msr Val="2021-10-03" ValTyp="Other" Col="EX_DATE" Row="25" ColTyp="Other" RowTyp="Other"/>
  <Msr Val="2021-10-03" ValTyp="Other" Col="PAYMENT_DATE" Row="25" ColTyp="Other" RowTyp="Other"/>
  <Msr Val="0.0076652625151558" ValTyp="Other" Col="VALUE" Row="25" ColTyp="Other" RowTyp="Other"/>
  <Msr Val="true" ValTyp="Other" Col="RELATIVE" Row="25" ColTyp="Other" RowTyp="Other"/>
  <Msr Val="-1" ValTyp="Other" Col="TAX_RATE" Row="26" ColTyp="Other" RowTyp="Other"/>
  <Msr Val="2021-12-24" ValTyp="Other" Col="EX_DATE" Row="26" ColTyp="Other" RowTyp="Other"/>
  <Msr Val="2021-12-24" ValTyp="Other" Col="PAYMENT_DATE" Row="26" ColTyp="Other" RowTyp="Other"/>
  <Msr Val="0.0083178082191781" ValTyp="Other" Col="VALUE" Row="26" ColTyp="Other" RowTyp="Other"/>
  <Msr Val="false" ValTyp="Other" Col="RELATIVE" Row="26" ColTyp="Other" RowTyp="Other"/>
  <Msr Val="-1" ValTyp="Other" Col="TAX_RATE" Row="27" ColTyp="Other" RowTyp="Other"/>
  <Msr Val="0.0083327703750798" ValTyp="Other" Col="VALUE" Row="27" ColTyp="Other" RowTyp="Other"/>
  <Msr Val="-1" ValTyp="Other" Col="TAX_RATE" Row="11" ColTyp="Other" RowTyp="Other"/>
  <Msr Val="2019-12-24" ValTyp="Other" Col="EX_DATE" Row="11" ColTyp="Other" RowTyp="Other"/>
  <Msr Val="2019-12-24" ValTyp="Other" Col="PAYMENT_DATE" Row="11" ColTyp="Other" RowTyp="Other"/>
  <Msr Val="0.0026094525990847" ValTyp="Other" Col="VALUE" Row="11" ColTyp="Other" RowTyp="Other"/>
  <Msr Val="true" ValTyp="Other" Col="RELATIVE" Row="11" ColTyp="Other" RowTyp="Other"/>
  <Msr Val="-1" ValTyp="Other" Col="TAX_RATE" Row="12" ColTyp="Other" RowTyp="Other"/>
  <Msr Val="2020-03-22" ValTyp="Other" Col="EX_DATE" Row="12" ColTyp="Other" RowTyp="Other"/>
  <Msr Val="2020-03-22" ValTyp="Other" Col="PAYMENT_DATE" Row="12" ColTyp="Other" RowTyp="Other"/>
  <Msr Val="0.2401967213114779" ValTyp="Other" Col="VALUE" Row="12" ColTyp="Other" RowTyp="Other"/>
  <Msr Val="false" ValTyp="Other" Col="RELATIVE" Row="12" ColTyp="Other" RowTyp="Other"/>
  <Msr Val="-1" ValTyp="Other" Col="TAX_RATE" Row="13" ColTyp="Other" RowTyp="Other"/>
  <Msr Val="2020-03-22" ValTyp="Other" Col="EX_DATE" Row="13" ColTyp="Other" RowTyp="Other"/>
  <Msr Val="2020-03-22" ValTyp="Other" Col="PAYMENT_DATE" Row="13" ColTyp="Other" RowTyp="Other"/>
  <Msr Val="0.0032892744753262" ValTyp="Other" Col="VALUE" Row="13" ColTyp="Other" RowTyp="Other"/>
  <Msr Val="true" ValTyp="Other" Col="RELATIVE" Row="13" ColTyp="Other" RowTyp="Other"/>
  <Msr Val="-1" ValTyp="Other" Col="TAX_RATE" Row="14" ColTyp="Other" RowTyp="Other"/>
  <Msr Val="2020-06-27" ValTyp="Other" Col="EX_DATE" Row="14" ColTyp="Other" RowTyp="Other"/>
  <Msr Val="2020-06-27" ValTyp="Other" Col="PAYMENT_DATE" Row="14" ColTyp="Other" RowTyp="Other"/>
  <Msr Val="0.2052131147540982" ValTyp="Other" Col="VALUE" Row="14" ColTyp="Other" RowTyp="Other"/>
  <Msr Val="false" ValTyp="Other" Col="RELATIVE" Row="14" ColTyp="Other" RowTyp="Other"/>
  <Msr Val="-1" ValTyp="Other" Col="TAX_RATE" Row="15" ColTyp="Other" RowTyp="Other"/>
  <Msr Val="2020-06-27" ValTyp="Other" Col="EX_DATE" Row="15" ColTyp="Other" RowTyp="Other"/>
  <Msr Val="2020-06-27" ValTyp="Other" Col="PAYMENT_DATE" Row="15" ColTyp="Other" RowTyp="Other"/>
  <Msr Val="0.0040288361660226" ValTyp="Other" Col="VALUE" Row="15" ColTyp="Other" RowTyp="Other"/>
  <Msr Val="true" ValTyp="Other" Col="RELATIVE" Row="15" ColTyp="Other" RowTyp="Other"/>
  <Msr Val="-1" ValTyp="Other" Col="TAX_RATE" Row="16" ColTyp="Other" RowTyp="Other"/>
  <Msr Val="2020-10-03" ValTyp="Other" Col="EX_DATE" Row="16" ColTyp="Other" RowTyp="Other"/>
  <Msr Val="2020-10-03" ValTyp="Other" Col="PAYMENT_DATE" Row="16" ColTyp="Other" RowTyp="Other"/>
  <Msr Val="0.1698688524590142" ValTyp="Other" Col="VALUE" Row="16" ColTyp="Other" RowTyp="Other"/>
  <Msr Val="false" ValTyp="Other" Col="RELATIVE" Row="16" ColTyp="Other" RowTyp="Other"/>
  <Msr Val="-1" ValTyp="Other" Col="TAX_RATE" Row="17" ColTyp="Other" RowTyp="Other"/>
  <Msr Val="2020-10-03" ValTyp="Other" Col="EX_DATE" Row="17" ColTyp="Other" RowTyp="Other"/>
  <Msr Val="2020-10-03" ValTyp="Other" Col="PAYMENT_DATE" Row="17" ColTyp="Other" RowTyp="Other"/>
  <Msr Val="0.0047826947953615" ValTyp="Other" Col="VALUE" Row="17" ColTyp="Other" RowTyp="Other"/>
  <Msr Val="true" ValTyp="Other" Col="RELATIVE" Row="17" ColTyp="Other" RowTyp="Other"/>
  <Msr Val="-1" ValTyp="Other" Col="TAX_RATE" Row="18" ColTyp="Other" RowTyp="Other"/>
  <Msr Val="2020-12-24" ValTyp="Other" Col="EX_DATE" Row="18" ColTyp="Other" RowTyp="Other"/>
  <Msr Val="true" ValTyp="Other" Col="RELATIVE" Row="27" ColTyp="Other" RowTyp="Other"/>
  <Msr Val="-1" ValTyp="Other" Col="TAX_RATE" Row="28" ColTyp="Other" RowTyp="Other"/>
  <Msr Val="2022-03-22" ValTyp="Other" Col="EX_DATE" Row="28" ColTyp="Other" RowTyp="Other"/>
  <Msr Val="2022-03-22" ValTyp="Other" Col="PAYMENT_DATE" Row="28" ColTyp="Other" RowTyp="Other"/>
  <Msr Val="0.0085474186505365" ValTyp="Other" Col="VALUE" Row="28" ColTyp="Other" RowTyp="Other"/>
  <Msr Val="true" ValTyp="Other" Col="RELATIVE" Row="28" ColTyp="Other" RowTyp="Other"/>
  <Msr Val="-1" ValTyp="Other" Col="TAX_RATE" Row="29" ColTyp="Other" RowTyp="Other"/>
  <Msr Val="2022-06-27" ValTyp="Other" Col="EX_DATE" Row="29" ColTyp="Other" RowTyp="Other"/>
  <Msr Val="2022-06-27" ValTyp="Other" Col="PAYMENT_DATE" Row="29" ColTyp="Other" RowTyp="Other"/>
  <Msr Val="0.0085808723286913" ValTyp="Other" Col="VALUE" Row="29" ColTyp="Other" RowTyp="Other"/>
  <Msr Val="true" ValTyp="Other" Col="RELATIVE" Row="29" ColTyp="Other" RowTyp="Other"/>
  <Msr Val="-1" ValTyp="Other" Col="TAX_RATE" Row="30" ColTyp="Other" RowTyp="Other"/>
  <Msr Val="2022-10-03" ValTyp="Other" Col="EX_DATE" Row="30" ColTyp="Other" RowTyp="Other"/>
  <Msr Val="2022-10-03" ValTyp="Other" Col="PAYMENT_DATE" Row="30" ColTyp="Other" RowTyp="Other"/>
  <Msr Val="0.0086132884378849" ValTyp="Other" Col="VALUE" Row="30" ColTyp="Other" RowTyp="Other"/>
  <Msr Val="true" ValTyp="Other" Col="RELATIVE" Row="30" ColTyp="Other" RowTyp="Other"/>
  <Msr Val="-1" ValTyp="Other" Col="TAX_RATE" Row="31" ColTyp="Other" RowTyp="Other"/>
  <Msr Val="0.0086522661569779" ValTyp="Other" Col="VALUE" Row="31" ColTyp="Other" RowTyp="Other"/>
  <Msr Val="true" ValTyp="Other" Col="RELATIVE" Row="31" ColTyp="Other" RowTyp="Other"/>
  <Msr Val="-1" ValTyp="Other" Col="TAX_RATE" Row="32" ColTyp="Other" RowTyp="Other"/>
  <Msr Val="2023-03-22" ValTyp="Other" Col="EX_DATE" Row="32" ColTyp="Other" RowTyp="Other"/>
  <Msr Val="2022-12-24" ValTyp="Other" Col="EX_DATE" Row="31" ColTyp="Other" RowTyp="Other"/>
  <Msr Val="2022-12-24" ValTyp="Other" Col="PAYMENT_DATE" Row="31" ColTyp="Other" RowTyp="Other"/>
  <Msr Val="2023-03-22" ValTyp="Other" Col="PAYMENT_DATE" Row="32" ColTyp="Other" RowTyp="Other"/>
  <Msr Val="0.0086908223599603" ValTyp="Other" Col="VALUE" Row="32" ColTyp="Other" RowTyp="Other"/>
  <Msr Val="true" ValTyp="Other" Col="RELATIVE" Row="32" ColTyp="Other" RowTyp="Other"/>
  <Msr Val="-1" ValTyp="Other" Col="TAX_RATE" Row="33" ColTyp="Other" RowTyp="Other"/>
  <Msr Val="2023-06-27" ValTyp="Other" Col="EX_DATE" Row="33" ColTyp="Other" RowTyp="Other"/>
  <Msr Val="2023-06-27" ValTyp="Other" Col="PAYMENT_DATE" Row="33" ColTyp="Other" RowTyp="Other"/>
  <Msr Val="0.0087268809497182" ValTyp="Other" Col="VALUE" Row="33" ColTyp="Other" RowTyp="Other"/>
  <Msr Val="true" ValTyp="Other" Col="RELATIVE" Row="33" ColTyp="Other" RowTyp="Other"/>
  <Msr Val="-1" ValTyp="Other" Col="TAX_RATE" Row="34" ColTyp="Other" RowTyp="Other"/>
  <Msr Val="2023-10-03" ValTyp="Other" Col="EX_DATE" Row="34" ColTyp="Other" RowTyp="Other"/>
  <Msr Val="2023-10-03" ValTyp="Other" Col="PAYMENT_DATE" Row="34" ColTyp="Other" RowTyp="Other"/>
  <Msr Val="0.0087628845401073" ValTyp="Other" Col="VALUE" Row="34" ColTyp="Other" RowTyp="Other"/>
  <Msr Val="true" ValTyp="Other" Col="RELATIVE" Row="34" ColTyp="Other" RowTyp="Other"/>
  <Msr Val="-1" ValTyp="Other" Col="TAX_RATE" Row="35" ColTyp="Other" RowTyp="Other"/>
  <Msr Val="2023-12-24" ValTyp="Other" Col="EX_DATE" Row="35" ColTyp="Other" RowTyp="Other"/>
  <Msr Val="2023-12-24" ValTyp="Other" Col="PAYMENT_DATE" Row="35" ColTyp="Other" RowTyp="Other"/>
  <Msr Val="0.0088060535747236" ValTyp="Other" Col="VALUE" Row="35" ColTyp="Other" RowTyp="Other"/>
  <Msr Val="true" ValTyp="Other" Col="RELATIVE" Row="35" ColTyp="Other" RowTyp="Other"/>
  <Msr Val="-1" ValTyp="Other" Col="TAX_RATE" Row="36" ColTyp="Other" RowTyp="Other"/>
  <Msr Val="2024-03-22" ValTyp="Other" Col="EX_DATE" Row="36" ColTyp="Other" RowTyp="Other"/>
  <Msr Val="2024-03-22" ValTyp="Other" Col="PAYMENT_DATE" Row="36" ColTyp="Other" RowTyp="Other"/>
  <Msr Val="0.0088460274676952" ValTyp="Other" Col="VALUE" Row="36" ColTyp="Other" RowTyp="Other"/>
  <Msr Val="true" ValTyp="Other" Col="RELATIVE" Row="36" ColTyp="Other" RowTyp="Other"/>
  <Msr Val="-1" ValTyp="Other" Col="TAX_RATE" Row="37" ColTyp="Other" RowTyp="Other"/>
  <Msr Val="2024-06-27" ValTyp="Other" Col="EX_DATE" Row="37" ColTyp="Other" RowTyp="Other"/>
  <Msr Val="2024-06-27" ValTyp="Other" Col="PAYMENT_DATE" Row="37" ColTyp="Other" RowTyp="Other"/>
  <Msr Val="0.0088824398655007" ValTyp="Other" Col="VALUE" Row="37" ColTyp="Other" RowTyp="Other"/>
  <Msr Val="true" ValTyp="Other" Col="RELATIVE" Row="37" ColTyp="Other" RowTyp="Other"/>
  <Msr Val="-1" ValTyp="Other" Col="TAX_RATE" Row="38" ColTyp="Other" RowTyp="Other"/>
  <Msr Val="2024-10-03" ValTyp="Other" Col="EX_DATE" Row="38" ColTyp="Other" RowTyp="Other"/>
  <Msr Val="2024-10-03" ValTyp="Other" Col="PAYMENT_DATE" Row="38" ColTyp="Other" RowTyp="Other"/>
  <Msr Val="0.0089181910390302" ValTyp="Other" Col="VALUE" Row="38" ColTyp="Other" RowTyp="Other"/>
  <Msr Val="true" ValTyp="Other" Col="RELATIVE" Row="38" ColTyp="Other" RowTyp="Other"/>
  <Msr Val="-1" ValTyp="Other" Col="TAX_RATE" Row="39" ColTyp="Other" RowTyp="Other"/>
  <Msr Val="2024-12-24" ValTyp="Other" Col="EX_DATE" Row="39" ColTyp="Other" RowTyp="Other"/>
  <Msr Val="2024-12-24" ValTyp="Other" Col="PAYMENT_DATE" Row="39" ColTyp="Other" RowTyp="Other"/>
  <Msr Val="0.0089607047466287" ValTyp="Other" Col="VALUE" Row="39" ColTyp="Other" RowTyp="Other"/>
  <Msr Val="true" ValTyp="Other" Col="RELATIVE" Row="39" ColTyp="Other" RowTyp="Other"/>
  <Msr Val="-1" ValTyp="Other" Col="TAX_RATE" Row="40" ColTyp="Other" RowTyp="Other"/>
  <Msr Val="2025-03-22" ValTyp="Other" Col="EX_DATE" Row="40" ColTyp="Other" RowTyp="Other"/>
  <Msr Val="2025-03-22" ValTyp="Other" Col="PAYMENT_DATE" Row="40" ColTyp="Other" RowTyp="Other"/>
  <Msr Val="0.0089977099586264" ValTyp="Other" Col="VALUE" Row="40" ColTyp="Other" RowTyp="Other"/>
  <Msr Val="true" ValTyp="Other" Col="RELATIVE" Row="40" ColTyp="Other" RowTyp="Other"/>
  <Msr Val="-1" ValTyp="Other" Col="TAX_RATE" Row="41" ColTyp="Other" RowTyp="Other"/>
  <Msr Val="2025-06-27" ValTyp="Other" Col="EX_DATE" Row="41" ColTyp="Other" RowTyp="Other"/>
  <Msr Val="2025-06-27" ValTyp="Other" Col="PAYMENT_DATE" Row="41" ColTyp="Other" RowTyp="Other"/>
  <Msr Val="0.0090281627512516" ValTyp="Other" Col="VALUE" Row="41" ColTyp="Other" RowTyp="Other"/>
  <Msr Val="true" ValTyp="Other" Col="RELATIVE" Row="41" ColTyp="Other" RowTyp="Other"/>
  <Msr Val="-1" ValTyp="Other" Col="TAX_RATE" Row="42" ColTyp="Other" RowTyp="Other"/>
  <Msr Val="2025-10-03" ValTyp="Other" Col="EX_DATE" Row="42" ColTyp="Other" RowTyp="Other"/>
  <Msr Val="2025-10-03" ValTyp="Other" Col="PAYMENT_DATE" Row="42" ColTyp="Other" RowTyp="Other"/>
  <Msr Val="0.0090573159605599" ValTyp="Other" Col="VALUE" Row="42" ColTyp="Other" RowTyp="Other"/>
  <Msr Val="true" ValTyp="Other" Col="RELATIVE" Row="42" ColTyp="Other" RowTyp="Other"/>
  <Msr Val="-1" ValTyp="Other" Col="TAX_RATE" Row="43" ColTyp="Other" RowTyp="Other"/>
  <Msr Val="2025-12-24" ValTyp="Other" Col="EX_DATE" Row="43" ColTyp="Other" RowTyp="Other"/>
  <Msr Val="2025-12-24" ValTyp="Other" Col="PAYMENT_DATE" Row="43" ColTyp="Other" RowTyp="Other"/>
  <Msr Val="0.0090949739965192" ValTyp="Other" Col="VALUE" Row="43" ColTyp="Other" RowTyp="Other"/>
  <Msr Val="true" ValTyp="Other" Col="RELATIVE" Row="43" ColTyp="Other" RowTyp="Other"/>
</Mtrx>

<Mtrx Name="GBP-BATS.L">
  <Undly PxStrctTyp="EQ_ORC_PARAMS" IssuDtTm="2018-01-29" LastUpdateTm="2018-01-22"/>
  <Msr Val="GBP-BATS.L" ValTyp="Other" Col="NAME_ORC" Row="2021-01-29" ColTyp="Other" RowTyp="Other"/>
  <Msr Val="GBP-BATS.L" ValTyp="Other" Col="NAME_MUREX" Row="2021-01-29" ColTyp="Other" RowTyp="Other"/>
  <Msr Val="2021-01-29" ValTyp="Other" Col="EXPIRY" Row="2021-01-29" ColTyp="Other" RowTyp="Other"/>
  <Msr Val="50" ValTyp="Other" Col="ATM_FWD" Row="2021-01-29" ColTyp="Other" RowTyp="Other"/>
  <Msr Val="50" ValTyp="Other" Col="REF_FWD" Row="2021-01-29" ColTyp="Other" RowTyp="Other"/>
  <Msr Val="0.201121859398581" ValTyp="Other" Col="CALL_CURV" Row="2021-01-29" ColTyp="Other" RowTyp="Other"/>
  <Msr Val="-0.5108256237659907" ValTyp="Other" Col="DOWN_CUT" Row="2021-01-29" ColTyp="Other" RowTyp="Other"/>
  <Msr Val="3.507575551943848" ValTyp="Other" Col="DOWN_SMOOTH_RT" Row="2021-01-29" ColTyp="Other" RowTyp="Other"/>
  <Msr Val="0.1129826636361224" ValTyp="Other" Col="PUT_CURV" Row="2021-01-29" ColTyp="Other" RowTyp="Other"/>
  <Msr Val="0" ValTyp="Other" Col="SLOPE_CH_RT" Row="2021-01-29" ColTyp="Other" RowTyp="Other"/>
  <Msr Val="-0.0787184363984927" ValTyp="Other" Col="SLOPE_REF" Row="2021-01-29" ColTyp="Other" RowTyp="Other"/>
  <Msr Val="0" ValTyp="Other" Col="SLOPE_SWIMM_RT" Row="2021-01-29" ColTyp="Other" RowTyp="Other"/>
  <Msr Val="0.3364722366212129" ValTyp="Other" Col="UP_CUT" Row="2021-01-29" ColTyp="Other" RowTyp="Other"/>
  <Msr Val="1.0600427171061453" ValTyp="Other" Col="UP_SMOOTH_RT" Row="2021-01-29" ColTyp="Other" RowTyp="Other"/>
  <Msr Val="0" ValTyp="Other" Col="VOL_CH_RT" Row="2021-01-29" ColTyp="Other" RowTyp="Other"/>
  <Msr Val="0.2107236402575635" ValTyp="Other" Col="VOL_REF" Row="2021-01-29" ColTyp="Other" RowTyp="Other"/>
  <Msr Val="_" ValTyp="Other" Col="FEEDCODE" Row="2021-01-29" ColTyp="Other" RowTyp="Other"/>
  <Msr Val="GBP-BATS.L" ValTyp="Other" Col="NAME_ORC" Row="2020-01-29" ColTyp="Other" RowTyp="Other"/>
  <Msr Val="GBP-BATS.L" ValTyp="Other" Col="NAME_MUREX" Row="2020-01-29" ColTyp="Other" RowTyp="Other"/>
  <Msr Val="2020-01-29" ValTyp="Other" Col="EXPIRY" Row="2020-01-29" ColTyp="Other" RowTyp="Other"/>
  <Msr Val="50" ValTyp="Other" Col="ATM_FWD" Row="2020-01-29" ColTyp="Other" RowTyp="Other"/>
  <Msr Val="50" ValTyp="Other" Col="REF_FWD" Row="2020-01-29" ColTyp="Other" RowTyp="Other"/>
  <Msr Val="0.2464354163954665" ValTyp="Other" Col="CALL_CURV" Row="2020-01-29" ColTyp="Other" RowTyp="Other"/>
  <Msr Val="-0.5108256237659907" ValTyp="Other" Col="DOWN_CUT" Row="2020-01-29" ColTyp="Other" RowTyp="Other"/>
  <Msr Val="3.507575551943848" ValTyp="Other" Col="DOWN_SMOOTH_RT" Row="2020-01-29" ColTyp="Other" RowTyp="Other"/>
  <Msr Val="0.1384381083284336" ValTyp="Other" Col="PUT_CURV" Row="2020-01-29" ColTyp="Other" RowTyp="Other"/>
  <Msr Val="0" ValTyp="Other" Col="SLOPE_CH_RT" Row="2020-01-29" ColTyp="Other" RowTyp="Other"/>
  <Msr Val="-0.0964540140483579" ValTyp="Other" Col="SLOPE_REF" Row="2020-01-29" ColTyp="Other" RowTyp="Other"/>
  <Msr Val="0" ValTyp="Other" Col="SLOPE_SWIMM_RT" Row="2020-01-29" ColTyp="Other" RowTyp="Other"/>
  <Msr Val="0.3364722366212129" ValTyp="Other" Col="UP_CUT" Row="2020-01-29" ColTyp="Other" RowTyp="Other"/>
  <Msr Val="1.0600427171061453" ValTyp="Other" Col="UP_SMOOTH_RT" Row="2020-01-29" ColTyp="Other" RowTyp="Other"/>
  <Msr Val="0" ValTyp="Other" Col="VOL_CH_RT" Row="2020-01-29" ColTyp="Other" RowTyp="Other"/>
  <Msr Val="0.2088146115813908" ValTyp="Other" Col="VOL_REF" Row="2020-01-29" ColTyp="Other" RowTyp="Other"/>
  <Msr Val="_" ValTyp="Other" Col="FEEDCODE" Row="2020-01-29" ColTyp="Other" RowTyp="Other"/>
  <Msr Val="GBP-BATS.L" ValTyp="Other" Col="NAME_ORC" Row="2019-01-29" ColTyp="Other" RowTyp="Other"/>
  <Msr Val="GBP-BATS.L" ValTyp="Other" Col="NAME_MUREX" Row="2019-01-29" ColTyp="Other" RowTyp="Other"/>
  <Msr Val="2019-01-29" ValTyp="Other" Col="EXPIRY" Row="2019-01-29" ColTyp="Other" RowTyp="Other"/>
  <Msr Val="50" ValTyp="Other" Col="ATM_FWD" Row="2019-01-29" ColTyp="Other" RowTyp="Other"/>
  <Msr Val="50" ValTyp="Other" Col="REF_FWD" Row="2019-01-29" ColTyp="Other" RowTyp="Other"/>
  <Msr Val="0.3485123081155298" ValTyp="Other" Col="CALL_CURV" Row="2019-01-29" ColTyp="Other" RowTyp="Other"/>
  <Msr Val="-0.5108256237659907" ValTyp="Other" Col="DOWN_CUT" Row="2019-01-29" ColTyp="Other" RowTyp="Other"/>
  <Msr Val="3.507575551943848" ValTyp="Other" Col="DOWN_SMOOTH_RT" Row="2019-01-29" ColTyp="Other" RowTyp="Other"/>
  <Msr Val="0.1957810503473464" ValTyp="Other" Col="PUT_CURV" Row="2019-01-29" ColTyp="Other" RowTyp="Other"/>
  <Msr Val="0" ValTyp="Other" Col="SLOPE_CH_RT" Row="2019-01-29" ColTyp="Other" RowTyp="Other"/>
  <Msr Val="-0.1364065748125128" ValTyp="Other" Col="SLOPE_REF" Row="2019-01-29" ColTyp="Other" RowTyp="Other"/>
  <Msr Val="0" ValTyp="Other" Col="SLOPE_SWIMM_RT" Row="2019-01-29" ColTyp="Other" RowTyp="Other"/>
  <Msr Val="0.3364722366212129" ValTyp="Other" Col="UP_CUT" Row="2019-01-29" ColTyp="Other" RowTyp="Other"/>
  <Msr Val="1.0600427171061453" ValTyp="Other" Col="UP_SMOOTH_RT" Row="2019-01-29" ColTyp="Other" RowTyp="Other"/>
  <Msr Val="0" ValTyp="Other" Col="VOL_CH_RT" Row="2019-01-29" ColTyp="Other" RowTyp="Other"/>
  <Msr Val="0.2032913376434559" ValTyp="Other" Col="VOL_REF" Row="2019-01-29" ColTyp="Other" RowTyp="Other"/>
  <Msr Val="_" ValTyp="Other" Col="FEEDCODE" Row="2019-01-29" ColTyp="Other" RowTyp="Other"/>
  <Msr Val="GBP-BATS.L" ValTyp="Other" Col="NAME_ORC" Row="2022-01-31" ColTyp="Other" RowTyp="Other"/>
  <Msr Val="GBP-BATS.L" ValTyp="Other" Col="NAME_MUREX" Row="2022-01-31" ColTyp="Other" RowTyp="Other"/>
  <Msr Val="2022-01-31" ValTyp="Other" Col="EXPIRY" Row="2022-01-31" ColTyp="Other" RowTyp="Other"/>
  <Msr Val="50" ValTyp="Other" Col="ATM_FWD" Row="2022-01-31" ColTyp="Other" RowTyp="Other"/>
  <Msr Val="50" ValTyp="Other" Col="REF_FWD" Row="2022-01-31" ColTyp="Other" RowTyp="Other"/>
  <Msr Val="0.1740773991937637" ValTyp="Other" Col="CALL_CURV" Row="2022-01-31" ColTyp="Other" RowTyp="Other"/>
  <Msr Val="-0.5108256237659907" ValTyp="Other" Col="DOWN_CUT" Row="2022-01-31" ColTyp="Other" RowTyp="Other"/>
  <Msr Val="3.507575551943848" ValTyp="Other" Col="DOWN_SMOOTH_RT" Row="2022-01-31" ColTyp="Other" RowTyp="Other"/>
  <Msr Val="0.0977901074431832" ValTyp="Other" Col="PUT_CURV" Row="2022-01-31" ColTyp="Other" RowTyp="Other"/>
  <Msr Val="0" ValTyp="Other" Col="SLOPE_CH_RT" Row="2022-01-31" ColTyp="Other" RowTyp="Other"/>
  <Msr Val="-0.0681333233385272" ValTyp="Other" Col="SLOPE_REF" Row="2022-01-31" ColTyp="Other" RowTyp="Other"/>
  <Msr Val="0" ValTyp="Other" Col="SLOPE_SWIMM_RT" Row="2022-01-31" ColTyp="Other" RowTyp="Other"/>
  <Msr Val="0.3364722366212129" ValTyp="Other" Col="UP_CUT" Row="2022-01-31" ColTyp="Other" RowTyp="Other"/>
  <Msr Val="1.0600427171061453" ValTyp="Other" Col="UP_SMOOTH_RT" Row="2022-01-31" ColTyp="Other" RowTyp="Other"/>
  <Msr Val="0" ValTyp="Other" Col="VOL_CH_RT" Row="2022-01-31" ColTyp="Other" RowTyp="Other"/>
  <Msr Val="0.2113035499831454" ValTyp="Other" Col="VOL_REF" Row="2022-01-31" ColTyp="Other" RowTyp="Other"/>
  <Msr Val="_" ValTyp="Other" Col="FEEDCODE" Row="2022-01-31" ColTyp="Other" RowTyp="Other"/>
  <Msr Val="GBP-BATS.L" ValTyp="Other" Col="NAME_ORC" Row="2023-01-30" ColTyp="Other" RowTyp="Other"/>
  <Msr Val="GBP-BATS.L" ValTyp="Other" Col="NAME_MUREX" Row="2023-01-30" ColTyp="Other" RowTyp="Other"/>
  <Msr Val="2023-01-30" ValTyp="Other" Col="EXPIRY" Row="2023-01-30" ColTyp="Other" RowTyp="Other"/>
  <Msr Val="50" ValTyp="Other" Col="ATM_FWD" Row="2023-01-30" ColTyp="Other" RowTyp="Other"/>
  <Msr Val="50" ValTyp="Other" Col="REF_FWD" Row="2023-01-30" ColTyp="Other" RowTyp="Other"/>
  <Msr Val="0.1557741100838889" ValTyp="Other" Col="CALL_CURV" Row="2023-01-30" ColTyp="Other" RowTyp="Other"/>
  <Msr Val="-0.5108256237659907" ValTyp="Other" Col="DOWN_CUT" Row="2023-01-30" ColTyp="Other" RowTyp="Other"/>
  <Msr Val="3.507575551943848" ValTyp="Other" Col="DOWN_SMOOTH_RT" Row="2023-01-30" ColTyp="Other" RowTyp="Other"/>
  <Msr Val="0.0875080109912134" ValTyp="Other" Col="PUT_CURV" Row="2023-01-30" ColTyp="Other" RowTyp="Other"/>
  <Msr Val="0" ValTyp="Other" Col="SLOPE_CH_RT" Row="2023-01-30" ColTyp="Other" RowTyp="Other"/>
  <Msr Val="-0.0609694759875362" ValTyp="Other" Col="SLOPE_REF" Row="2023-01-30" ColTyp="Other" RowTyp="Other"/>
  <Msr Val="0" ValTyp="Other" Col="SLOPE_SWIMM_RT" Row="2023-01-30" ColTyp="Other" RowTyp="Other"/>
  <Msr Val="0.3364722366212129" ValTyp="Other" Col="UP_CUT" Row="2023-01-30" ColTyp="Other" RowTyp="Other"/>
  <Msr Val="1.0600427171061453" ValTyp="Other" Col="UP_SMOOTH_RT" Row="2023-01-30" ColTyp="Other" RowTyp="Other"/>
  <Msr Val="0" ValTyp="Other" Col="VOL_CH_RT" Row="2023-01-30" ColTyp="Other" RowTyp="Other"/>
  <Msr Val="0.2113392496806556" ValTyp="Other" Col="VOL_REF" Row="2023-01-30" ColTyp="Other" RowTyp="Other"/>
  <Msr Val="_" ValTyp="Other" Col="FEEDCODE" Row="2023-01-30" ColTyp="Other" RowTyp="Other"/>
  <Msr Val="GBP-BATS.L" ValTyp="Other" Col="NAME_ORC" Row="2028-01-31" ColTyp="Other" RowTyp="Other"/>
  <Msr Val="GBP-BATS.L" ValTyp="Other" Col="NAME_MUREX" Row="2028-01-31" ColTyp="Other" RowTyp="Other"/>
  <Msr Val="2028-01-31" ValTyp="Other" Col="EXPIRY" Row="2028-01-31" ColTyp="Other" RowTyp="Other"/>
  <Msr Val="50" ValTyp="Other" Col="ATM_FWD" Row="2028-01-31" ColTyp="Other" RowTyp="Other"/>
  <Msr Val="50" ValTyp="Other" Col="REF_FWD" Row="2028-01-31" ColTyp="Other" RowTyp="Other"/>
  <Msr Val="0.1101489295736176" ValTyp="Other" Col="CALL_CURV" Row="2028-01-31" ColTyp="Other" RowTyp="Other"/>
  <Msr Val="-0.5108256237659907" ValTyp="Other" Col="DOWN_CUT" Row="2028-01-31" ColTyp="Other" RowTyp="Other"/>
  <Msr Val="3.507575551943848" ValTyp="Other" Col="DOWN_SMOOTH_RT" Row="2028-01-31" ColTyp="Other" RowTyp="Other"/>
  <Msr Val="0.0618775079800339" ValTyp="Other" Col="PUT_CURV" Row="2028-01-31" ColTyp="Other" RowTyp="Other"/>
  <Msr Val="0" ValTyp="Other" Col="SLOPE_CH_RT" Row="2028-01-31" ColTyp="Other" RowTyp="Other"/>
  <Msr Val="-0.0431119299161772" ValTyp="Other" Col="SLOPE_REF" Row="2028-01-31" ColTyp="Other" RowTyp="Other"/>
  <Msr Val="0" ValTyp="Other" Col="SLOPE_SWIMM_RT" Row="2028-01-31" ColTyp="Other" RowTyp="Other"/>
  <Msr Val="0.3364722366212129" ValTyp="Other" Col="UP_CUT" Row="2028-01-31" ColTyp="Other" RowTyp="Other"/>
  <Msr Val="1.0600427171061453" ValTyp="Other" Col="UP_SMOOTH_RT" Row="2028-01-31" ColTyp="Other" RowTyp="Other"/>
  <Msr Val="0" ValTyp="Other" Col="VOL_CH_RT" Row="2028-01-31" ColTyp="Other" RowTyp="Other"/>
  <Msr Val="0.2121101719974561" ValTyp="Other" Col="VOL_REF" Row="2028-01-31" ColTyp="Other" RowTyp="Other"/>
  <Msr Val="_" ValTyp="Other" Col="FEEDCODE" Row="2028-01-31" ColTyp="Other" RowTyp="Other"/>
  <Msr Val="GBP-BATS.L" ValTyp="Other" Col="NAME_ORC" Row="2018-10-29" ColTyp="Other" RowTyp="Other"/>
  <Msr Val="GBP-BATS.L" ValTyp="Other" Col="NAME_MUREX" Row="2018-10-29" ColTyp="Other" RowTyp="Other"/>
  <Msr Val="2018-10-29" ValTyp="Other" Col="EXPIRY" Row="2018-10-29" ColTyp="Other" RowTyp="Other"/>
  <Msr Val="50" ValTyp="Other" Col="ATM_FWD" Row="2018-10-29" ColTyp="Other" RowTyp="Other"/>
  <Msr Val="50" ValTyp="Other" Col="REF_FWD" Row="2018-10-29" ColTyp="Other" RowTyp="Other"/>
  <Msr Val="0.4521777443374969" ValTyp="Other" Col="CALL_CURV" Row="2018-10-29" ColTyp="Other" RowTyp="Other"/>
  <Msr Val="-0.5108256237659907" ValTyp="Other" Col="DOWN_CUT" Row="2018-10-29" ColTyp="Other" RowTyp="Other"/>
  <Msr Val="3.507575551943848" ValTyp="Other" Col="DOWN_SMOOTH_RT" Row="2018-10-29" ColTyp="Other" RowTyp="Other"/>
  <Msr Val="0.266572742579878" ValTyp="Other" Col="PUT_CURV" Row="2018-10-29" ColTyp="Other" RowTyp="Other"/>
  <Msr Val="0" ValTyp="Other" Col="SLOPE_CH_RT" Row="2018-10-29" ColTyp="Other" RowTyp="Other"/>
  <Msr Val="-0.1610231747120638" ValTyp="Other" Col="SLOPE_REF" Row="2018-10-29" ColTyp="Other" RowTyp="Other"/>
  <Msr Val="0" ValTyp="Other" Col="SLOPE_SWIMM_RT" Row="2018-10-29" ColTyp="Other" RowTyp="Other"/>
  <Msr Val="0.3364722366212129" ValTyp="Other" Col="UP_CUT" Row="2018-10-29" ColTyp="Other" RowTyp="Other"/>
  <Msr Val="1.0600427171061453" ValTyp="Other" Col="UP_SMOOTH_RT" Row="2018-10-29" ColTyp="Other" RowTyp="Other"/>
  <Msr Val="0" ValTyp="Other" Col="VOL_CH_RT" Row="2018-10-29" ColTyp="Other" RowTyp="Other"/>
  <Msr Val="0.1997076574627807" ValTyp="Other" Col="VOL_REF" Row="2018-10-29" ColTyp="Other" RowTyp="Other"/>
  <Msr Val="_" ValTyp="Other" Col="FEEDCODE" Row="2018-10-29" ColTyp="Other" RowTyp="Other"/>
  <Msr Val="GBP-BATS.L" ValTyp="Other" Col="NAME_ORC" Row="2018-02-28" ColTyp="Other" RowTyp="Other"/>
  <Msr Val="GBP-BATS.L" ValTyp="Other" Col="NAME_MUREX" Row="2018-02-28" ColTyp="Other" RowTyp="Other"/>
  <Msr Val="2018-02-28" ValTyp="Other" Col="EXPIRY" Row="2018-02-28" ColTyp="Other" RowTyp="Other"/>
  <Msr Val="50" ValTyp="Other" Col="ATM_FWD" Row="2018-02-28" ColTyp="Other" RowTyp="Other"/>
  <Msr Val="50" ValTyp="Other" Col="REF_FWD" Row="2018-02-28" ColTyp="Other" RowTyp="Other"/>
  <Msr Val="1.7748933006429999" ValTyp="Other" Col="CALL_CURV" Row="2018-02-28" ColTyp="Other" RowTyp="Other"/>
  <Msr Val="-0.5108256237659907" ValTyp="Other" Col="DOWN_CUT" Row="2018-02-28" ColTyp="Other" RowTyp="Other"/>
  <Msr Val="3.507575551943848" ValTyp="Other" Col="DOWN_SMOOTH_RT" Row="2018-02-28" ColTyp="Other" RowTyp="Other"/>
  <Msr Val="1.1407010126756567" ValTyp="Other" Col="PUT_CURV" Row="2018-02-28" ColTyp="Other" RowTyp="Other"/>
  <Msr Val="0" ValTyp="Other" Col="SLOPE_CH_RT" Row="2018-02-28" ColTyp="Other" RowTyp="Other"/>
  <Msr Val="-0.2862059472551002" ValTyp="Other" Col="SLOPE_REF" Row="2018-02-28" ColTyp="Other" RowTyp="Other"/>
  <Msr Val="0" ValTyp="Other" Col="SLOPE_SWIMM_RT" Row="2018-02-28" ColTyp="Other" RowTyp="Other"/>
  <Msr Val="0.3364722366212129" ValTyp="Other" Col="UP_CUT" Row="2018-02-28" ColTyp="Other" RowTyp="Other"/>
  <Msr Val="1.0600427171061453" ValTyp="Other" Col="UP_SMOOTH_RT" Row="2018-02-28" ColTyp="Other" RowTyp="Other"/>
  <Msr Val="0" ValTyp="Other" Col="VOL_CH_RT" Row="2018-02-28" ColTyp="Other" RowTyp="Other"/>
  <Msr Val="0.202739074497699" ValTyp="Other" Col="VOL_REF" Row="2018-02-28" ColTyp="Other" RowTyp="Other"/>
  <Msr Val="_" ValTyp="Other" Col="FEEDCODE" Row="2018-02-28" ColTyp="Other" RowTyp="Other"/>
  <Msr Val="GBP-BATS.L" ValTyp="Other" Col="NAME_ORC" Row="2018-07-30" ColTyp="Other" RowTyp="Other"/>
  <Msr Val="GBP-BATS.L" ValTyp="Other" Col="NAME_MUREX" Row="2018-07-30" ColTyp="Other" RowTyp="Other"/>
  <Msr Val="2018-07-30" ValTyp="Other" Col="EXPIRY" Row="2018-07-30" ColTyp="Other" RowTyp="Other"/>
  <Msr Val="50" ValTyp="Other" Col="ATM_FWD" Row="2018-07-30" ColTyp="Other" RowTyp="Other"/>
  <Msr Val="50" ValTyp="Other" Col="REF_FWD" Row="2018-07-30" ColTyp="Other" RowTyp="Other"/>
  <Msr Val="0.6424770924387013" ValTyp="Other" Col="CALL_CURV" Row="2018-07-30" ColTyp="Other" RowTyp="Other"/>
  <Msr Val="-0.5108256237659907" ValTyp="Other" Col="DOWN_CUT" Row="2018-07-30" ColTyp="Other" RowTyp="Other"/>
  <Msr Val="3.507575551943848" ValTyp="Other" Col="DOWN_SMOOTH_RT" Row="2018-07-30" ColTyp="Other" RowTyp="Other"/>
  <Msr Val="0.3920878884678548" ValTyp="Other" Col="PUT_CURV" Row="2018-07-30" ColTyp="Other" RowTyp="Other"/>
  <Msr Val="0" ValTyp="Other" Col="SLOPE_CH_RT" Row="2018-07-30" ColTyp="Other" RowTyp="Other"/>
  <Msr Val="-0.1934578265976782" ValTyp="Other" Col="SLOPE_REF" Row="2018-07-30" ColTyp="Other" RowTyp="Other"/>
  <Msr Val="0" ValTyp="Other" Col="SLOPE_SWIMM_RT" Row="2018-07-30" ColTyp="Other" RowTyp="Other"/>
  <Msr Val="0.3364722366212129" ValTyp="Other" Col="UP_CUT" Row="2018-07-30" ColTyp="Other" RowTyp="Other"/>
  <Msr Val="1.0600427171061453" ValTyp="Other" Col="UP_SMOOTH_RT" Row="2018-07-30" ColTyp="Other" RowTyp="Other"/>
  <Msr Val="0" ValTyp="Other" Col="VOL_CH_RT" Row="2018-07-30" ColTyp="Other" RowTyp="Other"/>
  <Msr Val="0.1959657353887836" ValTyp="Other" Col="VOL_REF" Row="2018-07-30" ColTyp="Other" RowTyp="Other"/>
  <Msr Val="_" ValTyp="Other" Col="FEEDCODE" Row="2018-07-30" ColTyp="Other" RowTyp="Other"/>
  <Msr Val="GBP-BATS.L" ValTyp="Other" Col="NAME_ORC" Row="2027-01-29" ColTyp="Other" RowTyp="Other"/>
  <Msr Val="GBP-BATS.L" ValTyp="Other" Col="NAME_MUREX" Row="2027-01-29" ColTyp="Other" RowTyp="Other"/>
  <Msr Val="2027-01-29" ValTyp="Other" Col="EXPIRY" Row="2027-01-29" ColTyp="Other" RowTyp="Other"/>
  <Msr Val="50" ValTyp="Other" Col="ATM_FWD" Row="2027-01-29" ColTyp="Other" RowTyp="Other"/>
  <Msr Val="50" ValTyp="Other" Col="REF_FWD" Row="2027-01-29" ColTyp="Other" RowTyp="Other"/>
  <Msr Val="0.1161354215026629" ValTyp="Other" Col="CALL_CURV" Row="2027-01-29" ColTyp="Other" RowTyp="Other"/>
  <Msr Val="-0.5108256237659907" ValTyp="Other" Col="DOWN_CUT" Row="2027-01-29" ColTyp="Other" RowTyp="Other"/>
  <Msr Val="3.507575551943848" ValTyp="Other" Col="DOWN_SMOOTH_RT" Row="2027-01-29" ColTyp="Other" RowTyp="Other"/>
  <Msr Val="0.0652404930180714" ValTyp="Other" Col="PUT_CURV" Row="2027-01-29" ColTyp="Other" RowTyp="Other"/>
  <Msr Val="0" ValTyp="Other" Col="SLOPE_CH_RT" Row="2027-01-29" ColTyp="Other" RowTyp="Other"/>
  <Msr Val="-0.045455023230727" ValTyp="Other" Col="SLOPE_REF" Row="2027-01-29" ColTyp="Other" RowTyp="Other"/>
  <Msr Val="0" ValTyp="Other" Col="SLOPE_SWIMM_RT" Row="2027-01-29" ColTyp="Other" RowTyp="Other"/>
  <Msr Val="0.3364722366212129" ValTyp="Other" Col="UP_CUT" Row="2027-01-29" ColTyp="Other" RowTyp="Other"/>
  <Msr Val="1.0600427171061453" ValTyp="Other" Col="UP_SMOOTH_RT" Row="2027-01-29" ColTyp="Other" RowTyp="Other"/>
  <Msr Val="0" ValTyp="Other" Col="VOL_CH_RT" Row="2027-01-29" ColTyp="Other" RowTyp="Other"/>
  <Msr Val="0.2111899019352197" ValTyp="Other" Col="VOL_REF" Row="2027-01-29" ColTyp="Other" RowTyp="Other"/>
  <Msr Val="_" ValTyp="Other" Col="FEEDCODE" Row="2027-01-29" ColTyp="Other" RowTyp="Other"/>
  <Msr Val="GBP-BATS.L" ValTyp="Other" Col="NAME_ORC" Row="2026-01-29" ColTyp="Other" RowTyp="Other"/>
  <Msr Val="GBP-BATS.L" ValTyp="Other" Col="NAME_MUREX" Row="2026-01-29" ColTyp="Other" RowTyp="Other"/>
  <Msr Val="2026-01-29" ValTyp="Other" Col="EXPIRY" Row="2026-01-29" ColTyp="Other" RowTyp="Other"/>
  <Msr Val="50" ValTyp="Other" Col="ATM_FWD" Row="2026-01-29" ColTyp="Other" RowTyp="Other"/>
  <Msr Val="50" ValTyp="Other" Col="REF_FWD" Row="2026-01-29" ColTyp="Other" RowTyp="Other"/>
  <Msr Val="0.12317553201707" ValTyp="Other" Col="CALL_CURV" Row="2026-01-29" ColTyp="Other" RowTyp="Other"/>
  <Msr Val="-0.5108256237659907" ValTyp="Other" Col="DOWN_CUT" Row="2026-01-29" ColTyp="Other" RowTyp="Other"/>
  <Msr Val="3.507575551943848" ValTyp="Other" Col="DOWN_SMOOTH_RT" Row="2026-01-29" ColTyp="Other" RowTyp="Other"/>
  <Msr Val="0.0691953611790406" ValTyp="Other" Col="PUT_CURV" Row="2026-01-29" ColTyp="Other" RowTyp="Other"/>
  <Msr Val="0" ValTyp="Other" Col="SLOPE_CH_RT" Row="2026-01-29" ColTyp="Other" RowTyp="Other"/>
  <Msr Val="-0.0482104994053404" ValTyp="Other" Col="SLOPE_REF" Row="2026-01-29" ColTyp="Other" RowTyp="Other"/>
  <Msr Val="0" ValTyp="Other" Col="SLOPE_SWIMM_RT" Row="2026-01-29" ColTyp="Other" RowTyp="Other"/>
  <Msr Val="0.3364722366212129" ValTyp="Other" Col="UP_CUT" Row="2026-01-29" ColTyp="Other" RowTyp="Other"/>
  <Msr Val="1.0600427171061453" ValTyp="Other" Col="UP_SMOOTH_RT" Row="2026-01-29" ColTyp="Other" RowTyp="Other"/>
  <Msr Val="0" ValTyp="Other" Col="VOL_CH_RT" Row="2026-01-29" ColTyp="Other" RowTyp="Other"/>
  <Msr Val="0.2104636868138893" ValTyp="Other" Col="VOL_REF" Row="2026-01-29" ColTyp="Other" RowTyp="Other"/>
  <Msr Val="_" ValTyp="Other" Col="FEEDCODE" Row="2026-01-29" ColTyp="Other" RowTyp="Other"/>
  <Msr Val="GBP-BATS.L" ValTyp="Other" Col="NAME_ORC" Row="2024-01-29" ColTyp="Other" RowTyp="Other"/>
  <Msr Val="GBP-BATS.L" ValTyp="Other" Col="NAME_MUREX" Row="2024-01-29" ColTyp="Other" RowTyp="Other"/>
  <Msr Val="2024-01-29" ValTyp="Other" Col="EXPIRY" Row="2024-01-29" ColTyp="Other" RowTyp="Other"/>
  <Msr Val="50" ValTyp="Other" Col="ATM_FWD" Row="2024-01-29" ColTyp="Other" RowTyp="Other"/>
  <Msr Val="50" ValTyp="Other" Col="REF_FWD" Row="2024-01-29" ColTyp="Other" RowTyp="Other"/>
  <Msr Val="0.1422470811977406" ValTyp="Other" Col="CALL_CURV" Row="2024-01-29" ColTyp="Other" RowTyp="Other"/>
  <Msr Val="-0.5108256237659907" ValTyp="Other" Col="DOWN_CUT" Row="2024-01-29" ColTyp="Other" RowTyp="Other"/>
  <Msr Val="3.507575551943848" ValTyp="Other" Col="DOWN_SMOOTH_RT" Row="2024-01-29" ColTyp="Other" RowTyp="Other"/>
  <Msr Val="0.0799090371193033" ValTyp="Other" Col="PUT_CURV" Row="2024-01-29" ColTyp="Other" RowTyp="Other"/>
  <Msr Val="0" ValTyp="Other" Col="SLOPE_CH_RT" Row="2024-01-29" ColTyp="Other" RowTyp="Other"/>
  <Msr Val="-0.0556750412293303" ValTyp="Other" Col="SLOPE_REF" Row="2024-01-29" ColTyp="Other" RowTyp="Other"/>
  <Msr Val="0" ValTyp="Other" Col="SLOPE_SWIMM_RT" Row="2024-01-29" ColTyp="Other" RowTyp="Other"/>
  <Msr Val="0.3364722366212129" ValTyp="Other" Col="UP_CUT" Row="2024-01-29" ColTyp="Other" RowTyp="Other"/>
  <Msr Val="1.0600427171061453" ValTyp="Other" Col="UP_SMOOTH_RT" Row="2024-01-29" ColTyp="Other" RowTyp="Other"/>
  <Msr Val="0" ValTyp="Other" Col="VOL_CH_RT" Row="2024-01-29" ColTyp="Other" RowTyp="Other"/>
  <Msr Val="0.2110353941000549" ValTyp="Other" Col="VOL_REF" Row="2024-01-29" ColTyp="Other" RowTyp="Other"/>
  <Msr Val="_" ValTyp="Other" Col="FEEDCODE" Row="2024-01-29" ColTyp="Other" RowTyp="Other"/>
  <Msr Val="GBP-BATS.L" ValTyp="Other" Col="NAME_ORC" Row="2025-01-29" ColTyp="Other" RowTyp="Other"/>
  <Msr Val="GBP-BATS.L" ValTyp="Other" Col="NAME_MUREX" Row="2025-01-29" ColTyp="Other" RowTyp="Other"/>
  <Msr Val="2025-01-29" ValTyp="Other" Col="EXPIRY" Row="2025-01-29" ColTyp="Other" RowTyp="Other"/>
  <Msr Val="50" ValTyp="Other" Col="ATM_FWD" Row="2025-01-29" ColTyp="Other" RowTyp="Other"/>
  <Msr Val="50" ValTyp="Other" Col="REF_FWD" Row="2025-01-29" ColTyp="Other" RowTyp="Other"/>
  <Msr Val="0.131673745243013" ValTyp="Other" Col="CALL_CURV" Row="2025-01-29" ColTyp="Other" RowTyp="Other"/>
  <Msr Val="-0.5108256237659907" ValTyp="Other" Col="DOWN_CUT" Row="2025-01-29" ColTyp="Other" RowTyp="Other"/>
  <Msr Val="3.507575551943848" ValTyp="Other" Col="DOWN_SMOOTH_RT" Row="2025-01-29" ColTyp="Other" RowTyp="Other"/>
  <Msr Val="0.0739693363664515" ValTyp="Other" Col="PUT_CURV" Row="2025-01-29" ColTyp="Other" RowTyp="Other"/>
  <Msr Val="0" ValTyp="Other" Col="SLOPE_CH_RT" Row="2025-01-29" ColTyp="Other" RowTyp="Other"/>
  <Msr Val="-0.0515366722009163" ValTyp="Other" Col="SLOPE_REF" Row="2025-01-29" ColTyp="Other" RowTyp="Other"/>
  <Msr Val="0" ValTyp="Other" Col="SLOPE_SWIMM_RT" Row="2025-01-29" ColTyp="Other" RowTyp="Other"/>
  <Msr Val="0.3364722366212129" ValTyp="Other" Col="UP_CUT" Row="2025-01-29" ColTyp="Other" RowTyp="Other"/>
  <Msr Val="1.0600427171061453" ValTyp="Other" Col="UP_SMOOTH_RT" Row="2025-01-29" ColTyp="Other" RowTyp="Other"/>
  <Msr Val="0" ValTyp="Other" Col="VOL_CH_RT" Row="2025-01-29" ColTyp="Other" RowTyp="Other"/>
  <Msr Val="0.2106616866827801" ValTyp="Other" Col="VOL_REF" Row="2025-01-29" ColTyp="Other" RowTyp="Other"/>
  <Msr Val="_" ValTyp="Other" Col="FEEDCODE" Row="2025-01-29" ColTyp="Other" RowTyp="Other"/>
  <Msr Val="GBP-BATS.L" ValTyp="Other" Col="NAME_ORC" Row="2018-04-30" ColTyp="Other" RowTyp="Other"/>
  <Msr Val="GBP-BATS.L" ValTyp="Other" Col="NAME_MUREX" Row="2018-04-30" ColTyp="Other" RowTyp="Other"/>
  <Msr Val="2018-04-30" ValTyp="Other" Col="EXPIRY" Row="2018-04-30" ColTyp="Other" RowTyp="Other"/>
  <Msr Val="50" ValTyp="Other" Col="ATM_FWD" Row="2018-04-30" ColTyp="Other" RowTyp="Other"/>
  <Msr Val="50" ValTyp="Other" Col="REF_FWD" Row="2018-04-30" ColTyp="Other" RowTyp="Other"/>
  <Msr Val="1.070680856496148" ValTyp="Other" Col="CALL_CURV" Row="2018-04-30" ColTyp="Other" RowTyp="Other"/>
  <Msr Val="-0.5108256237659907" ValTyp="Other" Col="DOWN_CUT" Row="2018-04-30" ColTyp="Other" RowTyp="Other"/>
  <Msr Val="3.507575551943848" ValTyp="Other" Col="DOWN_SMOOTH_RT" Row="2018-04-30" ColTyp="Other" RowTyp="Other"/>
  <Msr Val="0.6701223185366045" ValTyp="Other" Col="PUT_CURV" Row="2018-04-30" ColTyp="Other" RowTyp="Other"/>
  <Msr Val="0" ValTyp="Other" Col="SLOPE_CH_RT" Row="2018-04-30" ColTyp="Other" RowTyp="Other"/>
  <Msr Val="-0.2482290745106585" ValTyp="Other" Col="SLOPE_REF" Row="2018-04-30" ColTyp="Other" RowTyp="Other"/>
  <Msr Val="0" ValTyp="Other" Col="SLOPE_SWIMM_RT" Row="2018-04-30" ColTyp="Other" RowTyp="Other"/>
  <Msr Val="0.3364722366212129" ValTyp="Other" Col="UP_CUT" Row="2018-04-30" ColTyp="Other" RowTyp="Other"/>
  <Msr Val="1.0600427171061453" ValTyp="Other" Col="UP_SMOOTH_RT" Row="2018-04-30" ColTyp="Other" RowTyp="Other"/>
  <Msr Val="0" ValTyp="Other" Col="VOL_CH_RT" Row="2018-04-30" ColTyp="Other" RowTyp="Other"/>
  <Msr Val="0.1944473573683847" ValTyp="Other" Col="VOL_REF" Row="2018-04-30" ColTyp="Other" RowTyp="Other"/>
  <Msr Val="_" ValTyp="Other" Col="FEEDCODE" Row="2018-04-30" ColTyp="Other" RowTyp="Other"/>
</Mtrx>

  <Mtrx Name="GBP-BATS.L">
                    
    <Msr Col="VOL" ColTyp="Other" Row="2018-02-16" RowTyp="Other" Val="0.2037687984469378" ValTyp="Other"/>
                    
    <Msr Col="STRIKE" ColTyp="Other" Row="2018-02-16" RowTyp="Other" Val="50" ValTyp="Other"/>
                    
    <Msr Col="VOL" ColTyp="Other" Row="2018-04-20" RowTyp="Other" Val="0.194489882023713" ValTyp="Other"/>
                    
    <Msr Col="STRIKE" ColTyp="Other" Row="2018-04-20" RowTyp="Other" Val="50" ValTyp="Other"/>
                    
    <Msr Col="VOL" ColTyp="Other" Row="2023-12-15" RowTyp="Other" Val="0.2110812144215739" ValTyp="Other"/>
                    
    <Msr Col="STRIKE" ColTyp="Other" Row="2023-12-15" RowTyp="Other" Val="50" ValTyp="Other"/>
                    
    <Msr Col="VOL" ColTyp="Other" Row="2022-12-16" RowTyp="Other" Val="0.2113754220009255" ValTyp="Other"/>
                    
    <Msr Col="STRIKE" ColTyp="Other" Row="2022-12-16" RowTyp="Other" Val="50" ValTyp="Other"/>
                    
    <Msr Col="VOL" ColTyp="Other" Row="2021-12-17" RowTyp="Other" Val="0.2112930302196857" ValTyp="Other"/>
                    
    <Msr Col="STRIKE" ColTyp="Other" Row="2021-12-17" RowTyp="Other" Val="50" ValTyp="Other"/>
                    
    <Msr Col="VOL" ColTyp="Other" Row="2020-12-18" RowTyp="Other" Val="0.2106421601194463" ValTyp="Other"/>
                    
    <Msr Col="STRIKE" ColTyp="Other" Row="2020-12-18" RowTyp="Other" Val="50" ValTyp="Other"/>
                    
    <Msr Col="VOL" ColTyp="Other" Row="2026-12-18" RowTyp="Other" Val="0.2110910506928537" ValTyp="Other"/>
                    
    <Msr Col="STRIKE" ColTyp="Other" Row="2026-12-18" RowTyp="Other" Val="50" ValTyp="Other"/>
                    
    <Msr Col="VOL" ColTyp="Other" Row="2025-12-19" RowTyp="Other" Val="0.2103907813853168" ValTyp="Other"/>
                    
    <Msr Col="STRIKE" ColTyp="Other" Row="2025-12-19" RowTyp="Other" Val="50" ValTyp="Other"/>
                    
    <Msr Col="VOL" ColTyp="Other" Row="2018-06-15" RowTyp="Other" Val="0.1939876549848797" ValTyp="Other"/>
                    
    <Msr Col="STRIKE" ColTyp="Other" Row="2018-06-15" RowTyp="Other" Val="50" ValTyp="Other"/>
                    
    <Msr Col="VOL" ColTyp="Other" Row="2024-12-20" RowTyp="Other" Val="0.2106925683056828" ValTyp="Other"/>
                    
    <Msr Col="STRIKE" ColTyp="Other" Row="2024-12-20" RowTyp="Other" Val="50" ValTyp="Other"/>
                    
    <Msr Col="VOL" ColTyp="Other" Row="2019-06-21" RowTyp="Other" Val="0.2063999243291522" ValTyp="Other"/>
                    
    <Msr Col="STRIKE" ColTyp="Other" Row="2019-06-21" RowTyp="Other" Val="50" ValTyp="Other"/>
                    
    <Msr Col="VOL" ColTyp="Other" Row="2018-03-16" RowTyp="Other" Val="0.2009456502882294" ValTyp="Other"/>
                    
    <Msr Col="STRIKE" ColTyp="Other" Row="2018-03-16" RowTyp="Other" Val="50" ValTyp="Other"/>
                    
    <Msr Col="VOL" ColTyp="Other" Row="2018-12-21" RowTyp="Other" Val="0.2023519524774009" ValTyp="Other"/>
                    
    <Msr Col="STRIKE" ColTyp="Other" Row="2018-12-21" RowTyp="Other" Val="50" ValTyp="Other"/>
                    
    <Msr Col="VOL" ColTyp="Other" Row="2019-12-20" RowTyp="Other" Val="0.2085358558677057" ValTyp="Other"/>
                    
    <Msr Col="STRIKE" ColTyp="Other" Row="2019-12-20" RowTyp="Other" Val="50" ValTyp="Other"/>
                    
    <Msr Col="VOL" ColTyp="Other" Row="2019-03-15" RowTyp="Other" Val="0.2045039092060044" ValTyp="Other"/>
                    
    <Msr Col="STRIKE" ColTyp="Other" Row="2019-03-15" RowTyp="Other" Val="50" ValTyp="Other"/>
                    
    <Msr Col="VOL" ColTyp="Other" Row="2028-12-15" RowTyp="Other" Val="0.2127827649220065" ValTyp="Other"/>
                    
    <Msr Col="STRIKE" ColTyp="Other" Row="2028-12-15" RowTyp="Other" Val="50" ValTyp="Other"/>
                    
    <Msr Col="VOL" ColTyp="Other" Row="2018-09-21" RowTyp="Other" Val="0.1978061965819407" ValTyp="Other"/>
                    
    <Msr Col="STRIKE" ColTyp="Other" Row="2018-09-21" RowTyp="Other" Val="50" ValTyp="Other"/>
             
    <Undly PxStrctTyp="EQ_ATM_VOL" IssuDtTm="2018-01-29" LastUpdateTm="--"/>
  </Mtrx>
<Pnt Name="GBP-BATS.L">
  <Undly PxStrctTyp="EQ_SPOT" IssuDtTm="2018-01-29" LastUpdateTm="2018-01-29"/>
  <Msr Val="49.015" ValTyp="Other" MktDataTyp="MID"/>
</Pnt>

<Pnt Name="GBP-BATS.L">
  <Undly PxStrctTyp="EQ_LIQUIDITY" IssuDtTm="2018-01-29" LastUpdateTm="2018-01-29"/>
  <Msr Val="120000000" ValTyp="Other" MktDataTyp="MID"/>
</Pnt>


</Mkt>
