
<Mkt>

<Pnt Name="USD-BIIB.O">
  <Undly ID="CHF-HOLN.S" PxStrctTyp="EQ_CORRELATION" IssuDtTm="2018-01-29" LastUpdateTm="2018-01-24"/>
  <Msr Val="0.452307027775688" ValTyp="Other" MktDataTyp="ASK"/>
</Pnt>


<Pnt Name="USD-ABT.N">
  <Undly ID="CHF-HOLN.S" PxStrctTyp="EQ_CORRELATION" IssuDtTm="2018-01-29" LastUpdateTm="2018-01-24"/>
  <Msr Val="0.53304116090998" ValTyp="Other" MktDataTyp="ASK"/>
</Pnt>


<Pnt Name="CHF-ADEN.S">
  <Undly ID="CHF-HOLN.S" PxStrctTyp="EQ_CORRELATION" IssuDtTm="2018-01-29" LastUpdateTm="2018-01-24"/>
  <Msr Val="0.700443659359703" ValTyp="Other" MktDataTyp="ASK"/>
</Pnt>


<Pnt Name="USD-UTX.N">
  <Undly ID="CHF-HOLN.S" PxStrctTyp="EQ_CORRELATION" IssuDtTm="2018-01-29" LastUpdateTm="2018-01-17"/>
  <Msr Val="0.577450097280235" ValTyp="Other" MktDataTyp="ASK"/>
</Pnt>


<Pnt Name="USD-KO.N">
  <Undly ID="CHF-HOLN.S" PxStrctTyp="EQ_CORRELATION" IssuDtTm="2018-01-29" LastUpdateTm="2018-01-24"/>
  <Msr Val="0.398580779992255" ValTyp="Other" MktDataTyp="ASK"/>
</Pnt>


<Pnt Name="USD-CL.N">
  <Undly ID="CHF-HOLN.S" PxStrctTyp="EQ_CORRELATION" IssuDtTm="2018-01-29" LastUpdateTm="2018-01-24"/>
  <Msr Val="0.453983579309396" ValTyp="Other" MktDataTyp="ASK"/>
</Pnt>


<Pnt Name="USD-PXD.N">
  <Undly ID="CHF-HOLN.S" PxStrctTyp="EQ_CORRELATION" IssuDtTm="2018-01-29" LastUpdateTm="2018-01-24"/>
  <Msr Val="0.465381208333673" ValTyp="Other" MktDataTyp="ASK"/>
</Pnt>


<Pnt Name="EUR-REP.MC">
  <Undly ID="CHF-HOLN.S" PxStrctTyp="EQ_CORRELATION" IssuDtTm="2018-01-29" LastUpdateTm="2018-01-24"/>
  <Msr Val="0.631901485394043" ValTyp="Other" MktDataTyp="ASK"/>
</Pnt>


<Pnt Name="USD-AAL.OQ">
  <Undly ID="CHF-HOLN.S" PxStrctTyp="EQ_CORRELATION" IssuDtTm="2018-01-29" LastUpdateTm="2018-01-24"/>
  <Msr Val="0.474378829402936" ValTyp="Other" MktDataTyp="ASK"/>
</Pnt>


<Pnt Name="JPY-NIKKEI 225">
  <Undly ID="CHF-HOLN.S" PxStrctTyp="EQ_CORRELATION" IssuDtTm="2018-01-29" LastUpdateTm="2018-01-24"/>
  <Msr Val="0.613815258114333" ValTyp="Other" MktDataTyp="ASK"/>
</Pnt>


<Pnt Name="EUR-FTE.PA">
  <Undly ID="CHF-HOLN.S" PxStrctTyp="EQ_CORRELATION" IssuDtTm="2018-01-29" LastUpdateTm="2018-01-24"/>
  <Msr Val="0.578406200491159" ValTyp="Other" MktDataTyp="ASK"/>
</Pnt>


<Pnt Name="USD-PRU.N">
  <Undly ID="CHF-HOLN.S" PxStrctTyp="EQ_CORRELATION" IssuDtTm="2018-01-29" LastUpdateTm="2018-01-24"/>
  <Msr Val="0.603554120406455" ValTyp="Other" MktDataTyp="ASK"/>
</Pnt>


<Pnt Name="USD-CVX.N">
  <Undly ID="CHF-HOLN.S" PxStrctTyp="EQ_CORRELATION" IssuDtTm="2018-01-29" LastUpdateTm="2018-01-24"/>
  <Msr Val="0.513149765392243" ValTyp="Other" MktDataTyp="ASK"/>
</Pnt>


<Pnt Name="USD-M.N">
  <Undly ID="CHF-HOLN.S" PxStrctTyp="EQ_CORRELATION" IssuDtTm="2018-01-29" LastUpdateTm="2018-01-24"/>
  <Msr Val="0.458023849470522" ValTyp="Other" MktDataTyp="ASK"/>
</Pnt>


<Pnt Name="USD-PFE.N">
  <Undly ID="CHF-HOLN.S" PxStrctTyp="EQ_CORRELATION" IssuDtTm="2018-01-29" LastUpdateTm="2018-01-24"/>
  <Msr Val="0.499538852143816" ValTyp="Other" MktDataTyp="ASK"/>
</Pnt>


<Pnt Name="GBP-AAL.L">
  <Undly ID="CHF-HOLN.S" PxStrctTyp="EQ_CORRELATION" IssuDtTm="2018-01-29" LastUpdateTm="2018-01-24"/>
  <Msr Val="0.534626893397561" ValTyp="Other" MktDataTyp="ASK"/>
</Pnt>


<Pnt Name="EUR-CBKG.DE">
  <Undly ID="CHF-HOLN.S" PxStrctTyp="EQ_CORRELATION" IssuDtTm="2018-01-29" LastUpdateTm="2018-01-24"/>
  <Msr Val="0.59672520165135" ValTyp="Other" MktDataTyp="ASK"/>
</Pnt>


<Pnt Name="EUR-SAPG.DE">
  <Undly ID="CHF-HOLN.S" PxStrctTyp="EQ_CORRELATION" IssuDtTm="2018-01-29" LastUpdateTm="2018-01-24"/>
  <Msr Val="0.629828894118293" ValTyp="Other" MktDataTyp="ASK"/>
</Pnt>


<Pnt Name="USD-WFC.N">
  <Undly ID="CHF-HOLN.S" PxStrctTyp="EQ_CORRELATION" IssuDtTm="2018-01-29" LastUpdateTm="2018-01-17"/>
  <Msr Val="0.551471164917962" ValTyp="Other" MktDataTyp="ASK"/>
</Pnt>


<Pnt Name="USD-CX.N">
  <Undly ID="CHF-HOLN.S" PxStrctTyp="EQ_CORRELATION" IssuDtTm="2018-01-29" LastUpdateTm="2018-01-24"/>
  <Msr Val="0.550180276330233" ValTyp="Other" MktDataTyp="ASK"/>
</Pnt>


<Pnt Name="USD-CAT.N">
  <Undly ID="CHF-HOLN.S" PxStrctTyp="EQ_CORRELATION" IssuDtTm="2018-01-29" LastUpdateTm="2018-01-24"/>
  <Msr Val="0.567241388743247" ValTyp="Other" MktDataTyp="ASK"/>
</Pnt>


<Pnt Name="USD-SO.N">
  <Undly ID="CHF-HOLN.S" PxStrctTyp="EQ_CORRELATION" IssuDtTm="2018-01-29" LastUpdateTm="2018-01-17"/>
  <Msr Val="0.306098896392025" ValTyp="Other" MktDataTyp="ASK"/>
</Pnt>


<Pnt Name="EUR-PHG.AS">
  <Undly ID="CHF-HOLN.S" PxStrctTyp="EQ_CORRELATION" IssuDtTm="2018-01-29" LastUpdateTm="2018-01-24"/>
  <Msr Val="0.650495698799471" ValTyp="Other" MktDataTyp="ASK"/>
</Pnt>


<Pnt Name="EUR-ISPA.AS">
  <Undly ID="CHF-HOLN.S" PxStrctTyp="EQ_CORRELATION" IssuDtTm="2018-01-29" LastUpdateTm="2018-01-24"/>
  <Msr Val="0.596540721907305" ValTyp="Other" MktDataTyp="ASK"/>
</Pnt>


<Pnt Name="USD-TWTR.N">
  <Undly ID="CHF-HOLN.S" PxStrctTyp="EQ_CORRELATION" IssuDtTm="2018-01-29" LastUpdateTm="2018-01-17"/>
  <Msr Val="0.405512574513014" ValTyp="Other" MktDataTyp="ASK"/>
</Pnt>


<Pnt Name="SEK-OMX INDEX">
  <Undly ID="CHF-HOLN.S" PxStrctTyp="EQ_CORRELATION" IssuDtTm="2018-01-29" LastUpdateTm="2018-01-24"/>
  <Msr Val="0.728764862602623" ValTyp="Other" MktDataTyp="ASK"/>
</Pnt>


<Pnt Name="GBP-GSK.L">
  <Undly ID="CHF-HOLN.S" PxStrctTyp="EQ_CORRELATION" IssuDtTm="2018-01-29" LastUpdateTm="2018-01-24"/>
  <Msr Val="0.487577346894294" ValTyp="Other" MktDataTyp="ASK"/>
</Pnt>


<Pnt Name="USD-XLF.N">
  <Undly ID="CHF-HOLN.S" PxStrctTyp="EQ_CORRELATION" IssuDtTm="2018-01-29" LastUpdateTm="2018-01-17"/>
  <Msr Val="0.648227815941501" ValTyp="Other" MktDataTyp="ASK"/>
</Pnt>


<Pnt Name="EUROSTOXX BANK">
  <Undly ID="CHF-HOLN.S" PxStrctTyp="EQ_CORRELATION" IssuDtTm="2018-01-29" LastUpdateTm="2018-01-24"/>
  <Msr Val="0.680054738777121" ValTyp="Other" MktDataTyp="ASK"/>
</Pnt>


<Pnt Name="USD-XLB.N">
  <Undly ID="CHF-HOLN.S" PxStrctTyp="EQ_CORRELATION" IssuDtTm="2018-01-29" LastUpdateTm="2018-01-17"/>
  <Msr Val="0.638901915175107" ValTyp="Other" MktDataTyp="ASK"/>
</Pnt>


<Pnt Name="USD-EWJ.N">
  <Undly ID="CHF-HOLN.S" PxStrctTyp="EQ_CORRELATION" IssuDtTm="2018-01-29" LastUpdateTm="2018-01-24"/>
  <Msr Val="0.566865484301279" ValTyp="Other" MktDataTyp="ASK"/>
</Pnt>


<Pnt Name="CHF-SLHN.S">
  <Undly ID="CHF-HOLN.S" PxStrctTyp="EQ_CORRELATION" IssuDtTm="2018-01-29" LastUpdateTm="2018-01-24"/>
  <Msr Val="0.711801649196195" ValTyp="Other" MktDataTyp="ASK"/>
</Pnt>


<Pnt Name="USD-MWD.N">
  <Undly ID="CHF-HOLN.S" PxStrctTyp="EQ_CORRELATION" IssuDtTm="2018-01-29" LastUpdateTm="2018-01-24"/>
  <Msr Val="0.58624644163027" ValTyp="Other" MktDataTyp="ASK"/>
</Pnt>


<Pnt Name="USD-MA.N">
  <Undly ID="CHF-HOLN.S" PxStrctTyp="EQ_CORRELATION" IssuDtTm="2018-01-29" LastUpdateTm="2018-01-24"/>
  <Msr Val="0.535077263100566" ValTyp="Other" MktDataTyp="ASK"/>
</Pnt>


<Pnt Name="USD-GILD.O">
  <Undly ID="CHF-HOLN.S" PxStrctTyp="EQ_CORRELATION" IssuDtTm="2018-01-29" LastUpdateTm="2018-01-24"/>
  <Msr Val="0.461890476232258" ValTyp="Other" MktDataTyp="ASK"/>
</Pnt>


<Pnt Name="CHF-UHR.S">
  <Undly ID="CHF-HOLN.S" PxStrctTyp="EQ_CORRELATION" IssuDtTm="2018-01-29" LastUpdateTm="2018-01-24"/>
  <Msr Val="0.595813767887055" ValTyp="Other" MktDataTyp="ASK"/>
</Pnt>


<Pnt Name="USD-K.N">
  <Undly ID="CHF-HOLN.S" PxStrctTyp="EQ_CORRELATION" IssuDtTm="2018-01-29" LastUpdateTm="2018-01-24"/>
  <Msr Val="0.378180261644915" ValTyp="Other" MktDataTyp="ASK"/>
</Pnt>


<Pnt Name="USD-BLK.N">
  <Undly ID="CHF-HOLN.S" PxStrctTyp="EQ_CORRELATION" IssuDtTm="2018-01-29" LastUpdateTm="2018-01-24"/>
  <Msr Val="0.623911633122103" ValTyp="Other" MktDataTyp="ASK"/>
</Pnt>


<Pnt Name="USD-EWW.N">
  <Undly ID="CHF-HOLN.S" PxStrctTyp="EQ_CORRELATION" IssuDtTm="2018-01-29" LastUpdateTm="2018-01-24"/>
  <Msr Val="0.56980608712723" ValTyp="Other" MktDataTyp="ASK"/>
</Pnt>


<Pnt Name="USD-YHOO.O">
  <Undly ID="CHF-HOLN.S" PxStrctTyp="EQ_CORRELATION" IssuDtTm="2018-01-29" LastUpdateTm="2017-10-16"/>
  <Msr Val="0.541847009707706" ValTyp="Other" MktDataTyp="ASK"/>
</Pnt>


<Pnt Name="USD-CRM.N">
  <Undly ID="CHF-HOLN.S" PxStrctTyp="EQ_CORRELATION" IssuDtTm="2018-01-29" LastUpdateTm="2018-01-24"/>
  <Msr Val="0.488739264615757" ValTyp="Other" MktDataTyp="ASK"/>
</Pnt>


<Pnt Name="USD-EEM.N">
  <Undly ID="CHF-HOLN.S" PxStrctTyp="EQ_CORRELATION" IssuDtTm="2018-01-29" LastUpdateTm="2018-01-24"/>
  <Msr Val="0.658477040759201" ValTyp="Other" MktDataTyp="ASK"/>
</Pnt>


<Pnt Name="USD-HESS.N">
  <Undly ID="CHF-HOLN.S" PxStrctTyp="EQ_CORRELATION" IssuDtTm="2018-01-29" LastUpdateTm="2018-01-24"/>
  <Msr Val="0.519128546400323" ValTyp="Other" MktDataTyp="ASK"/>
</Pnt>


<Pnt Name="USD-AXP.N">
  <Undly ID="CHF-HOLN.S" PxStrctTyp="EQ_CORRELATION" IssuDtTm="2018-01-29" LastUpdateTm="2018-01-24"/>
  <Msr Val="0.570113245903484" ValTyp="Other" MktDataTyp="ASK"/>
</Pnt>


<Pnt Name="EUR-HEIN.AS">
  <Undly ID="CHF-HOLN.S" PxStrctTyp="EQ_CORRELATION" IssuDtTm="2018-01-29" LastUpdateTm="2018-01-24"/>
  <Msr Val="0.529119048731427" ValTyp="Other" MktDataTyp="ASK"/>
</Pnt>


<Pnt Name="USD-ADP.O">
  <Undly ID="CHF-HOLN.S" PxStrctTyp="EQ_CORRELATION" IssuDtTm="2018-01-29" LastUpdateTm="2018-01-24"/>
  <Msr Val="0.490815535124517" ValTyp="Other" MktDataTyp="ASK"/>
</Pnt>


<Pnt Name="USD-MO.N">
  <Undly ID="CHF-HOLN.S" PxStrctTyp="EQ_CORRELATION" IssuDtTm="2018-01-29" LastUpdateTm="2018-01-24"/>
  <Msr Val="0.394557772818335" ValTyp="Other" MktDataTyp="ASK"/>
</Pnt>


<Pnt Name="USD-CMCSA.O">
  <Undly ID="CHF-HOLN.S" PxStrctTyp="EQ_CORRELATION" IssuDtTm="2018-01-29" LastUpdateTm="2018-01-24"/>
  <Msr Val="0.504996816956222" ValTyp="Other" MktDataTyp="ASK"/>
</Pnt>


<Pnt Name="USD-POT.N">
  <Undly ID="CHF-HOLN.S" PxStrctTyp="EQ_CORRELATION" IssuDtTm="2018-01-29" LastUpdateTm="2018-01-24"/>
  <Msr Val="0.502347275166989" ValTyp="Other" MktDataTyp="ASK"/>
</Pnt>


<Pnt Name="USD-MSFT.O">
  <Undly ID="CHF-HOLN.S" PxStrctTyp="EQ_CORRELATION" IssuDtTm="2018-01-29" LastUpdateTm="2018-01-24"/>
  <Msr Val="0.509163272683357" ValTyp="Other" MktDataTyp="ASK"/>
</Pnt>


<Pnt Name="USD-LMT.N">
  <Undly ID="CHF-HOLN.S" PxStrctTyp="EQ_CORRELATION" IssuDtTm="2018-01-29" LastUpdateTm="2018-01-24"/>
  <Msr Val="0.448163182892144" ValTyp="Other" MktDataTyp="ASK"/>
</Pnt>


<Pnt Name="USD-BMY.N">
  <Undly ID="CHF-HOLN.S" PxStrctTyp="EQ_CORRELATION" IssuDtTm="2018-01-29" LastUpdateTm="2018-01-24"/>
  <Msr Val="0.478612999353419" ValTyp="Other" MktDataTyp="ASK"/>
</Pnt>


<Pnt Name="USD-SPX 500 IND">
  <Undly ID="CHF-HOLN.S" PxStrctTyp="EQ_CORRELATION" IssuDtTm="2018-01-29" LastUpdateTm="2018-01-17"/>
  <Msr Val="0.679667613474786" ValTyp="Other" MktDataTyp="ASK"/>
</Pnt>


<Pnt Name="IPC">
  <Undly ID="CHF-HOLN.S" PxStrctTyp="EQ_CORRELATION" IssuDtTm="2018-01-29" LastUpdateTm="2018-01-24"/>
  <Msr Val="0.57945369552888" ValTyp="Other" MktDataTyp="ASK"/>
</Pnt>


<Pnt Name="USD-WDC.P">
  <Undly ID="CHF-HOLN.S" PxStrctTyp="EQ_CORRELATION" IssuDtTm="2018-01-29" LastUpdateTm="2018-01-17"/>
  <Msr Val="0.478953352339292" ValTyp="Other" MktDataTyp="ASK"/>
</Pnt>


<Pnt Name="USD-MAR.N">
  <Undly ID="CHF-HOLN.S" PxStrctTyp="EQ_CORRELATION" IssuDtTm="2018-01-29" LastUpdateTm="2018-01-24"/>
  <Msr Val="0.554430072045889" ValTyp="Other" MktDataTyp="ASK"/>
</Pnt>


<Pnt Name="CHF-ROCZG.S">
  <Undly ID="CHF-HOLN.S" PxStrctTyp="EQ_CORRELATION" IssuDtTm="2018-01-29" LastUpdateTm="2018-01-24"/>
  <Msr Val="0.611565835725732" ValTyp="Other" MktDataTyp="ASK"/>
</Pnt>


<Pnt Name="GBP-BATS.L">
  <Undly ID="CHF-HOLN.S" PxStrctTyp="EQ_CORRELATION" IssuDtTm="2018-01-29" LastUpdateTm="2018-01-24"/>
  <Msr Val="0.490391565553756" ValTyp="Other" MktDataTyp="ASK"/>
</Pnt>


<Pnt Name="USD-GOOAV.O">
  <Undly ID="CHF-HOLN.S" PxStrctTyp="EQ_CORRELATION" IssuDtTm="2018-01-29" LastUpdateTm="2018-01-24"/>
  <Msr Val="0.514786116772326" ValTyp="Other" MktDataTyp="ASK"/>
</Pnt>


<Pnt Name="EUR-CAC IND">
  <Undly ID="CHF-HOLN.S" PxStrctTyp="EQ_CORRELATION" IssuDtTm="2018-01-29" LastUpdateTm="2018-01-24"/>
  <Msr Val="0.759272349464981" ValTyp="Other" MktDataTyp="ASK"/>
</Pnt>


<Pnt Name="USD-XOM.N">
  <Undly ID="CHF-HOLN.S" PxStrctTyp="EQ_CORRELATION" IssuDtTm="2018-01-29" LastUpdateTm="2018-01-17"/>
  <Msr Val="0.521304393104453" ValTyp="Other" MktDataTyp="ASK"/>
</Pnt>


<Pnt Name="USD-JNJ.N">
  <Undly ID="CHF-HOLN.S" PxStrctTyp="EQ_CORRELATION" IssuDtTm="2018-01-29" LastUpdateTm="2018-01-24"/>
  <Msr Val="0.477519182740981" ValTyp="Other" MktDataTyp="ASK"/>
</Pnt>


<Pnt Name="EUR-RDSA.AS">
  <Undly ID="CHF-HOLN.S" PxStrctTyp="EQ_CORRELATION" IssuDtTm="2018-01-29" LastUpdateTm="2018-01-24"/>
  <Msr Val="0.585194950239241" ValTyp="Other" MktDataTyp="ASK"/>
</Pnt>


<Pnt Name="USD-NEM.N">
  <Undly ID="CHF-HOLN.S" PxStrctTyp="EQ_CORRELATION" IssuDtTm="2018-01-29" LastUpdateTm="2018-01-24"/>
  <Msr Val="0.306098896392025" ValTyp="Other" MktDataTyp="ASK"/>
</Pnt>


<Pnt Name="EUR-SGEF.PA">
  <Undly ID="CHF-HOLN.S" PxStrctTyp="EQ_CORRELATION" IssuDtTm="2018-01-29" LastUpdateTm="2018-01-24"/>
  <Msr Val="0.613361276898705" ValTyp="Other" MktDataTyp="ASK"/>
</Pnt>


<Pnt Name="EUR-EONG.DE">
  <Undly ID="CHF-HOLN.S" PxStrctTyp="EQ_CORRELATION" IssuDtTm="2018-01-29" LastUpdateTm="2018-01-24"/>
  <Msr Val="0.602225185679927" ValTyp="Other" MktDataTyp="ASK"/>
</Pnt>


<Pnt Name="USD-PCLN.O">
  <Undly ID="CHF-HOLN.S" PxStrctTyp="EQ_CORRELATION" IssuDtTm="2018-01-29" LastUpdateTm="2018-01-24"/>
  <Msr Val="0.526629832107432" ValTyp="Other" MktDataTyp="ASK"/>
</Pnt>


<Pnt Name="SEK-NDA.ST">
  <Undly ID="CHF-HOLN.S" PxStrctTyp="EQ_CORRELATION" IssuDtTm="2018-01-29" LastUpdateTm="2018-01-24"/>
  <Msr Val="0.616678338265513" ValTyp="Other" MktDataTyp="ASK"/>
</Pnt>


<Pnt Name="USD-ALLY.N">
  <Undly ID="CHF-HOLN.S" PxStrctTyp="EQ_CORRELATION" IssuDtTm="2018-01-29" LastUpdateTm="2018-01-24"/>
  <Msr Val="0.515387353554581" ValTyp="Other" MktDataTyp="ASK"/>
</Pnt>


<Pnt Name="USD-BBY.N">
  <Undly ID="CHF-HOLN.S" PxStrctTyp="EQ_CORRELATION" IssuDtTm="2018-01-29" LastUpdateTm="2018-01-24"/>
  <Msr Val="0.461606842154671" ValTyp="Other" MktDataTyp="ASK"/>
</Pnt>


<Pnt Name="KOSPI 200 IND">
  <Undly ID="CHF-HOLN.S" PxStrctTyp="EQ_CORRELATION" IssuDtTm="2018-01-29" LastUpdateTm="2018-01-24"/>
  <Msr Val="0.608522363530487" ValTyp="Other" MktDataTyp="ASK"/>
</Pnt>


<Pnt Name="EUR-NOK1V.HE">
  <Undly ID="CHF-HOLN.S" PxStrctTyp="EQ_CORRELATION" IssuDtTm="2018-01-29" LastUpdateTm="2018-01-24"/>
  <Msr Val="0.527496905982101" ValTyp="Other" MktDataTyp="ASK"/>
</Pnt>


<Pnt Name="EUR-BIN.MI">
  <Undly ID="CHF-HOLN.S" PxStrctTyp="EQ_CORRELATION" IssuDtTm="2018-01-29" LastUpdateTm="2018-01-24"/>
  <Msr Val="0.628694223736934" ValTyp="Other" MktDataTyp="ASK"/>
</Pnt>


<Pnt Name="USD-FB.O">
  <Undly ID="CHF-HOLN.S" PxStrctTyp="EQ_CORRELATION" IssuDtTm="2018-01-29" LastUpdateTm="2018-01-24"/>
  <Msr Val="0.46307119860541" ValTyp="Other" MktDataTyp="ASK"/>
</Pnt>


<Pnt Name="USD-MCD.N">
  <Undly ID="CHF-HOLN.S" PxStrctTyp="EQ_CORRELATION" IssuDtTm="2018-01-29" LastUpdateTm="2018-01-24"/>
  <Msr Val="0.447564634273446" ValTyp="Other" MktDataTyp="ASK"/>
</Pnt>


<Pnt Name="EUR-SCH.MC">
  <Undly ID="CHF-HOLN.S" PxStrctTyp="EQ_CORRELATION" IssuDtTm="2018-01-29" LastUpdateTm="2018-01-24"/>
  <Msr Val="0.6526893561421" ValTyp="Other" MktDataTyp="ASK"/>
</Pnt>


<Pnt Name="CHF-ABBN.S">
  <Undly ID="CHF-HOLN.S" PxStrctTyp="EQ_CORRELATION" IssuDtTm="2018-01-29" LastUpdateTm="2018-01-24"/>
  <Msr Val="0.737726467426455" ValTyp="Other" MktDataTyp="ASK"/>
</Pnt>


<Pnt Name="USD-TRV.N">
  <Undly ID="CHF-HOLN.S" PxStrctTyp="EQ_CORRELATION" IssuDtTm="2018-01-29" LastUpdateTm="2018-01-17"/>
  <Msr Val="0.487064155184824" ValTyp="Other" MktDataTyp="ASK"/>
</Pnt>


<Pnt Name="USD-BAP.N">
  <Undly ID="CHF-HOLN.S" PxStrctTyp="EQ_CORRELATION" IssuDtTm="2018-01-29" LastUpdateTm="2018-01-24"/>
  <Msr Val="0.523680102190569" ValTyp="Other" MktDataTyp="ASK"/>
</Pnt>


<Pnt Name="USD-LOW.N">
  <Undly ID="CHF-HOLN.S" PxStrctTyp="EQ_CORRELATION" IssuDtTm="2018-01-29" LastUpdateTm="2018-01-24"/>
  <Msr Val="0.474530703330313" ValTyp="Other" MktDataTyp="ASK"/>
</Pnt>


<Pnt Name="EUR-ITX.MC">
  <Undly ID="CHF-HOLN.S" PxStrctTyp="EQ_CORRELATION" IssuDtTm="2018-01-29" LastUpdateTm="2018-01-24"/>
  <Msr Val="0.621458526101131" ValTyp="Other" MktDataTyp="ASK"/>
</Pnt>


<Pnt Name="EUR-ENEI.MI">
  <Undly ID="CHF-HOLN.S" PxStrctTyp="EQ_CORRELATION" IssuDtTm="2018-01-29" LastUpdateTm="2018-01-24"/>
  <Msr Val="0.594769419861636" ValTyp="Other" MktDataTyp="ASK"/>
</Pnt>


<Pnt Name="EUR-ESSI.PA">
  <Undly ID="CHF-HOLN.S" PxStrctTyp="EQ_CORRELATION" IssuDtTm="2018-01-29" LastUpdateTm="2018-01-24"/>
  <Msr Val="0.552659299603958" ValTyp="Other" MktDataTyp="ASK"/>
</Pnt>


<Pnt Name="USD-DHR.N">
  <Undly ID="CHF-HOLN.S" PxStrctTyp="EQ_CORRELATION" IssuDtTm="2018-01-29" LastUpdateTm="2018-01-24"/>
  <Msr Val="0.56943653001024" ValTyp="Other" MktDataTyp="ASK"/>
</Pnt>


<Pnt Name="EUR-AXAF.PA">
  <Undly ID="CHF-HOLN.S" PxStrctTyp="EQ_CORRELATION" IssuDtTm="2018-01-29" LastUpdateTm="2018-01-24"/>
  <Msr Val="0.668490386401068" ValTyp="Other" MktDataTyp="ASK"/>
</Pnt>


<Pnt Name="USD-JD.O">
  <Undly ID="CHF-HOLN.S" PxStrctTyp="EQ_CORRELATION" IssuDtTm="2018-01-29" LastUpdateTm="2018-01-24"/>
  <Msr Val="0.502877110796578" ValTyp="Other" MktDataTyp="ASK"/>
</Pnt>


<Pnt Name="EUR-FIA.MI">
  <Undly ID="CHF-HOLN.S" PxStrctTyp="EQ_CORRELATION" IssuDtTm="2018-01-29" LastUpdateTm="2018-01-24"/>
  <Msr Val="0.601926834028922" ValTyp="Other" MktDataTyp="ASK"/>
</Pnt>


<Pnt Name="USD-IBM.N">
  <Undly ID="CHF-HOLN.S" PxStrctTyp="EQ_CORRELATION" IssuDtTm="2018-01-29" LastUpdateTm="2018-01-24"/>
  <Msr Val="0.497383455771639" ValTyp="Other" MktDataTyp="ASK"/>
</Pnt>


<Pnt Name="USD-NEE.N">
  <Undly ID="CHF-HOLN.S" PxStrctTyp="EQ_CORRELATION" IssuDtTm="2018-01-29" LastUpdateTm="2018-01-24"/>
  <Msr Val="0.306098896392025" ValTyp="Other" MktDataTyp="ASK"/>
</Pnt>


<Pnt Name="EUR-CARR.PA">
  <Undly ID="CHF-HOLN.S" PxStrctTyp="EQ_CORRELATION" IssuDtTm="2018-01-29" LastUpdateTm="2018-01-24"/>
  <Msr Val="0.640920975321417" ValTyp="Other" MktDataTyp="ASK"/>
</Pnt>


<Pnt Name="USD-TSLA.O">
  <Undly ID="CHF-HOLN.S" PxStrctTyp="EQ_CORRELATION" IssuDtTm="2018-01-29" LastUpdateTm="2018-01-17"/>
  <Msr Val="0.431271981936465" ValTyp="Other" MktDataTyp="ASK"/>
</Pnt>


<Pnt Name="CHF-GIVZN.S">
  <Undly ID="CHF-HOLN.S" PxStrctTyp="EQ_CORRELATION" IssuDtTm="2018-01-29" LastUpdateTm="2018-01-24"/>
  <Msr Val="0.586900241209155" ValTyp="Other" MktDataTyp="ASK"/>
</Pnt>


<Pnt Name="EUR-BNPP.PA">
  <Undly ID="CHF-HOLN.S" PxStrctTyp="EQ_CORRELATION" IssuDtTm="2018-01-29" LastUpdateTm="2018-01-24"/>
  <Msr Val="0.667972589703171" ValTyp="Other" MktDataTyp="ASK"/>
</Pnt>


<Pnt Name="USD-DUK.N">
  <Undly ID="CHF-HOLN.S" PxStrctTyp="EQ_CORRELATION" IssuDtTm="2018-01-29" LastUpdateTm="2018-01-24"/>
  <Msr Val="0.325655218662678" ValTyp="Other" MktDataTyp="ASK"/>
</Pnt>


<Pnt Name="USD-HON.N">
  <Undly ID="CHF-HOLN.S" PxStrctTyp="EQ_CORRELATION" IssuDtTm="2018-01-29" LastUpdateTm="2018-01-24"/>
  <Msr Val="0.610728505984596" ValTyp="Other" MktDataTyp="ASK"/>
</Pnt>


<Pnt Name="EUR-VIE.PA">
  <Undly ID="CHF-HOLN.S" PxStrctTyp="EQ_CORRELATION" IssuDtTm="2018-01-29" LastUpdateTm="2018-01-24"/>
  <Msr Val="0.577644860209964" ValTyp="Other" MktDataTyp="ASK"/>
</Pnt>


<Pnt Name="EUR-DCXGN.DE">
  <Undly ID="CHF-HOLN.S" PxStrctTyp="EQ_CORRELATION" IssuDtTm="2018-01-29" LastUpdateTm="2018-01-24"/>
  <Msr Val="0.683406835747592" ValTyp="Other" MktDataTyp="ASK"/>
</Pnt>


<Pnt Name="CHF-CFR.S">
  <Undly ID="CHF-HOLN.S" PxStrctTyp="EQ_CORRELATION" IssuDtTm="2018-01-29" LastUpdateTm="2018-01-24"/>
  <Msr Val="0.696402771544014" ValTyp="Other" MktDataTyp="ASK"/>
</Pnt>


<Pnt Name="USD-ADBE.O">
  <Undly ID="CHF-HOLN.S" PxStrctTyp="EQ_CORRELATION" IssuDtTm="2018-01-29" LastUpdateTm="2018-01-24"/>
  <Msr Val="0.529105242210336" ValTyp="Other" MktDataTyp="ASK"/>
</Pnt>


<Pnt Name="USD-MDT.N">
  <Undly ID="CHF-HOLN.S" PxStrctTyp="EQ_CORRELATION" IssuDtTm="2018-01-29" LastUpdateTm="2018-01-24"/>
  <Msr Val="0.502282864959821" ValTyp="Other" MktDataTyp="ASK"/>
</Pnt>


<Pnt Name="GBP-BP/.L">
  <Undly ID="CHF-HOLN.S" PxStrctTyp="EQ_CORRELATION" IssuDtTm="2018-01-29" LastUpdateTm="2018-01-24"/>
  <Msr Val="0.541645815768483" ValTyp="Other" MktDataTyp="ASK"/>
</Pnt>


<Pnt Name="USD-AVGO.O">
  <Undly ID="CHF-HOLN.S" PxStrctTyp="EQ_CORRELATION" IssuDtTm="2018-01-29" LastUpdateTm="2018-01-24"/>
  <Msr Val="0.520644895382233" ValTyp="Other" MktDataTyp="ASK"/>
</Pnt>


<Pnt Name="EUR-SOGN.PA">
  <Undly ID="CHF-HOLN.S" PxStrctTyp="EQ_CORRELATION" IssuDtTm="2018-01-29" LastUpdateTm="2018-01-24"/>
  <Msr Val="0.656020064537578" ValTyp="Other" MktDataTyp="ASK"/>
</Pnt>


<Pnt Name="USD-C.N">
  <Undly ID="CHF-HOLN.S" PxStrctTyp="EQ_CORRELATION" IssuDtTm="2018-01-29" LastUpdateTm="2018-01-24"/>
  <Msr Val="0.598167135136656" ValTyp="Other" MktDataTyp="ASK"/>
</Pnt>


<Pnt Name="EUR-SIEGN.DE">
  <Undly ID="CHF-HOLN.S" PxStrctTyp="EQ_CORRELATION" IssuDtTm="2018-01-29" LastUpdateTm="2018-01-24"/>
  <Msr Val="0.674619389132598" ValTyp="Other" MktDataTyp="ASK"/>
</Pnt>


<Pnt Name="EUR-ING.AS">
  <Undly ID="CHF-HOLN.S" PxStrctTyp="EQ_CORRELATION" IssuDtTm="2018-01-29" LastUpdateTm="2018-01-24"/>
  <Msr Val="0.666619818540838" ValTyp="Other" MktDataTyp="ASK"/>
</Pnt>


<Pnt Name="EUR-DTEG.DE">
  <Undly ID="CHF-HOLN.S" PxStrctTyp="EQ_CORRELATION" IssuDtTm="2018-01-29" LastUpdateTm="2018-01-24"/>
  <Msr Val="0.615590243788134" ValTyp="Other" MktDataTyp="ASK"/>
</Pnt>


<Pnt Name="USD-SBUX.OK">
  <Undly ID="CHF-HOLN.S" PxStrctTyp="EQ_CORRELATION" IssuDtTm="2018-01-29" LastUpdateTm="2018-01-24"/>
  <Msr Val="0.47019283357609" ValTyp="Other" MktDataTyp="ASK"/>
</Pnt>


<Pnt Name="GBP-LLOY.L">
  <Undly ID="CHF-HOLN.S" PxStrctTyp="EQ_CORRELATION" IssuDtTm="2018-01-29" LastUpdateTm="2018-01-24"/>
  <Msr Val="0.52934837052132" ValTyp="Other" MktDataTyp="ASK"/>
</Pnt>


<Pnt Name="USD-AMZN.O">
  <Undly ID="CHF-HOLN.S" PxStrctTyp="EQ_CORRELATION" IssuDtTm="2018-01-29" LastUpdateTm="2018-01-24"/>
  <Msr Val="0.497030094438477" ValTyp="Other" MktDataTyp="ASK"/>
</Pnt>


<Pnt Name="USD-AEP.N">
  <Undly ID="CHF-HOLN.S" PxStrctTyp="EQ_CORRELATION" IssuDtTm="2018-01-29" LastUpdateTm="2018-01-24"/>
  <Msr Val="0.362147400704722" ValTyp="Other" MktDataTyp="ASK"/>
</Pnt>


<Pnt Name="USD-FEZ.P">
  <Undly ID="CHF-HOLN.S" PxStrctTyp="EQ_CORRELATION" IssuDtTm="2018-01-29" LastUpdateTm="2018-01-24"/>
  <Msr Val="0.684664706242669" ValTyp="Other" MktDataTyp="ASK"/>
</Pnt>


<Pnt Name="EUR-DAX IND">
  <Undly ID="CHF-HOLN.S" PxStrctTyp="EQ_CORRELATION" IssuDtTm="2018-01-29" LastUpdateTm="2018-01-24"/>
  <Msr Val="0.736528451318143" ValTyp="Other" MktDataTyp="ASK"/>
</Pnt>


<Pnt Name="USD-TRIP.O">
  <Undly ID="CHF-HOLN.S" PxStrctTyp="EQ_CORRELATION" IssuDtTm="2018-01-29" LastUpdateTm="2018-01-17"/>
  <Msr Val="0.493054707690137" ValTyp="Other" MktDataTyp="ASK"/>
</Pnt>


<Pnt Name="USD-PYPLV.O">
  <Undly ID="CHF-HOLN.S" PxStrctTyp="EQ_CORRELATION" IssuDtTm="2018-01-29" LastUpdateTm="2018-01-24"/>
  <Msr Val="0.460399471391789" ValTyp="Other" MktDataTyp="ASK"/>
</Pnt>


<Pnt Name="USD-TMO.N">
  <Undly ID="CHF-HOLN.S" PxStrctTyp="EQ_CORRELATION" IssuDtTm="2018-01-29" LastUpdateTm="2018-01-17"/>
  <Msr Val="0.554087903993167" ValTyp="Other" MktDataTyp="ASK"/>
</Pnt>


<Pnt Name="EUR-AIRP.PA">
  <Undly ID="CHF-HOLN.S" PxStrctTyp="EQ_CORRELATION" IssuDtTm="2018-01-29" LastUpdateTm="2018-01-24"/>
  <Msr Val="0.653196347858203" ValTyp="Other" MktDataTyp="ASK"/>
</Pnt>


<Pnt Name="USD-BIDU.O">
  <Undly ID="CHF-HOLN.S" PxStrctTyp="EQ_CORRELATION" IssuDtTm="2018-01-29" LastUpdateTm="2018-01-24"/>
  <Msr Val="0.495825097073377" ValTyp="Other" MktDataTyp="ASK"/>
</Pnt>


<Pnt Name="USD-ABX.N">
  <Undly ID="CHF-HOLN.S" PxStrctTyp="EQ_CORRELATION" IssuDtTm="2018-01-29" LastUpdateTm="2018-01-24"/>
  <Msr Val="0.306098896392025" ValTyp="Other" MktDataTyp="ASK"/>
</Pnt>


<Pnt Name="EUR-SPMIB IND">
  <Undly ID="CHF-HOLN.S" PxStrctTyp="EQ_CORRELATION" IssuDtTm="2018-01-29" LastUpdateTm="2018-01-24"/>
  <Msr Val="0.696961808189594" ValTyp="Other" MktDataTyp="ASK"/>
</Pnt>


<Pnt Name="USD-KMB.N">
  <Undly ID="CHF-HOLN.S" PxStrctTyp="EQ_CORRELATION" IssuDtTm="2018-01-29" LastUpdateTm="2018-01-24"/>
  <Msr Val="0.435676687894953" ValTyp="Other" MktDataTyp="ASK"/>
</Pnt>


<Pnt Name="USD-ACN.N">
  <Undly ID="CHF-HOLN.S" PxStrctTyp="EQ_CORRELATION" IssuDtTm="2018-01-29" LastUpdateTm="2018-01-24"/>
  <Msr Val="0.508642876144467" ValTyp="Other" MktDataTyp="ASK"/>
</Pnt>


<Pnt Name="USD-PPL.N">
  <Undly ID="CHF-HOLN.S" PxStrctTyp="EQ_CORRELATION" IssuDtTm="2018-01-29" LastUpdateTm="2018-01-24"/>
  <Msr Val="0.356832904814937" ValTyp="Other" MktDataTyp="ASK"/>
</Pnt>


<Pnt Name="USD-UPS.N">
  <Undly ID="CHF-HOLN.S" PxStrctTyp="EQ_CORRELATION" IssuDtTm="2018-01-29" LastUpdateTm="2018-01-17"/>
  <Msr Val="0.527819133921611" ValTyp="Other" MktDataTyp="ASK"/>
</Pnt>


<Pnt Name="USD-AMGN.O">
  <Undly ID="CHF-HOLN.S" PxStrctTyp="EQ_CORRELATION" IssuDtTm="2018-01-29" LastUpdateTm="2018-01-24"/>
  <Msr Val="0.461799218395239" ValTyp="Other" MktDataTyp="ASK"/>
</Pnt>


<Pnt Name="USD-WMT.N">
  <Undly ID="CHF-HOLN.S" PxStrctTyp="EQ_CORRELATION" IssuDtTm="2018-01-29" LastUpdateTm="2018-01-17"/>
  <Msr Val="0.416882675400856" ValTyp="Other" MktDataTyp="ASK"/>
</Pnt>


<Pnt Name="USD-XLE.N">
  <Undly ID="CHF-HOLN.S" PxStrctTyp="EQ_CORRELATION" IssuDtTm="2018-01-29" LastUpdateTm="2018-01-17"/>
  <Msr Val="0.57040408095439" ValTyp="Other" MktDataTyp="ASK"/>
</Pnt>


<Pnt Name="USD-UNP.N">
  <Undly ID="CHF-HOLN.S" PxStrctTyp="EQ_CORRELATION" IssuDtTm="2018-01-29" LastUpdateTm="2018-01-17"/>
  <Msr Val="0.536872467875917" ValTyp="Other" MktDataTyp="ASK"/>
</Pnt>


<Pnt Name="USD-BUD.N">
  <Undly ID="CHF-HOLN.S" PxStrctTyp="EQ_CORRELATION" IssuDtTm="2018-01-29" LastUpdateTm="2018-01-24"/>
  <Msr Val="0.541535739594192" ValTyp="Other" MktDataTyp="ASK"/>
</Pnt>


<Pnt Name="EUR-RWEG.DE">
  <Undly ID="CHF-HOLN.S" PxStrctTyp="EQ_CORRELATION" IssuDtTm="2018-01-29" LastUpdateTm="2018-01-24"/>
  <Msr Val="0.599369697622498" ValTyp="Other" MktDataTyp="ASK"/>
</Pnt>


<Pnt Name="USD-AMX.N">
  <Undly ID="CHF-HOLN.S" PxStrctTyp="EQ_CORRELATION" IssuDtTm="2018-01-29" LastUpdateTm="2018-01-24"/>
  <Msr Val="0.494114568209066" ValTyp="Other" MktDataTyp="ASK"/>
</Pnt>


<Pnt Name="USD-TWX.N">
  <Undly ID="CHF-HOLN.S" PxStrctTyp="EQ_CORRELATION" IssuDtTm="2018-01-29" LastUpdateTm="2018-01-17"/>
  <Msr Val="0.463458506029731" ValTyp="Other" MktDataTyp="ASK"/>
</Pnt>


<Pnt Name="USD-FDX.N">
  <Undly ID="CHF-HOLN.S" PxStrctTyp="EQ_CORRELATION" IssuDtTm="2018-01-29" LastUpdateTm="2018-01-24"/>
  <Msr Val="0.507116774213625" ValTyp="Other" MktDataTyp="ASK"/>
</Pnt>


<Pnt Name="USD-AET.N">
  <Undly ID="CHF-HOLN.S" PxStrctTyp="EQ_CORRELATION" IssuDtTm="2018-01-29" LastUpdateTm="2018-01-24"/>
  <Msr Val="0.487160032968267" ValTyp="Other" MktDataTyp="ASK"/>
</Pnt>


<Pnt Name="EUR-IBE.MC">
  <Undly ID="CHF-HOLN.S" PxStrctTyp="EQ_CORRELATION" IssuDtTm="2018-01-29" LastUpdateTm="2018-01-24"/>
  <Msr Val="0.59270660217624" ValTyp="Other" MktDataTyp="ASK"/>
</Pnt>


<Pnt Name="GBP-AZN.L">
  <Undly ID="CHF-HOLN.S" PxStrctTyp="EQ_CORRELATION" IssuDtTm="2018-01-29" LastUpdateTm="2018-01-24"/>
  <Msr Val="0.447744335900254" ValTyp="Other" MktDataTyp="ASK"/>
</Pnt>


<Pnt Name="USD-DOW.N">
  <Undly ID="CHF-HOLN.S" PxStrctTyp="EQ_CORRELATION" IssuDtTm="2018-01-29" LastUpdateTm="2018-01-24"/>
  <Msr Val="0.564918766616573" ValTyp="Other" MktDataTyp="ASK"/>
</Pnt>


<Pnt Name="CHF-SSMI IND">
  <Undly ID="CHF-HOLN.S" PxStrctTyp="EQ_CORRELATION" IssuDtTm="2018-01-29" LastUpdateTm="2018-01-24"/>
  <Msr Val="0.746091648542959" ValTyp="Other" MktDataTyp="ASK"/>
</Pnt>


<Pnt Name="USD-EBAY.O">
  <Undly ID="CHF-HOLN.S" PxStrctTyp="EQ_CORRELATION" IssuDtTm="2018-01-29" LastUpdateTm="2018-01-24"/>
  <Msr Val="0.517527036755987" ValTyp="Other" MktDataTyp="ASK"/>
</Pnt>


<Pnt Name="CHF-NOVZN.S">
  <Undly ID="CHF-HOLN.S" PxStrctTyp="EQ_CORRELATION" IssuDtTm="2018-01-29" LastUpdateTm="2018-01-24"/>
  <Msr Val="0.622423958287775" ValTyp="Other" MktDataTyp="ASK"/>
</Pnt>


<Pnt Name="USD-PSX.N">
  <Undly ID="CHF-HOLN.S" PxStrctTyp="EQ_CORRELATION" IssuDtTm="2018-01-29" LastUpdateTm="2018-01-24"/>
  <Msr Val="0.535032445079108" ValTyp="Other" MktDataTyp="ASK"/>
</Pnt>


<Pnt Name="SEK-ERICB.ST">
  <Undly ID="CHF-HOLN.S" PxStrctTyp="EQ_CORRELATION" IssuDtTm="2018-01-29" LastUpdateTm="2018-01-24"/>
  <Msr Val="0.529678571548899" ValTyp="Other" MktDataTyp="ASK"/>
</Pnt>


<Pnt Name="USD-WYNN.O">
  <Undly ID="CHF-HOLN.S" PxStrctTyp="EQ_CORRELATION" IssuDtTm="2018-01-29" LastUpdateTm="2018-01-17"/>
  <Msr Val="0.49163421865583" ValTyp="Other" MktDataTyp="ASK"/>
</Pnt>


<Pnt Name="EUR-GDFPP.PA">
  <Undly ID="CHF-HOLN.S" PxStrctTyp="EQ_CORRELATION" IssuDtTm="2018-01-29" LastUpdateTm="2018-01-24"/>
  <Msr Val="0.627374220800078" ValTyp="Other" MktDataTyp="ASK"/>
</Pnt>


<Pnt Name="HSCEI IND">
  <Undly ID="CHF-HOLN.S" PxStrctTyp="EQ_CORRELATION" IssuDtTm="2018-01-29" LastUpdateTm="2018-01-24"/>
  <Msr Val="0.533870980043693" ValTyp="Other" MktDataTyp="ASK"/>
</Pnt>


<Pnt Name="USD-XOP.N">
  <Undly ID="CHF-HOLN.S" PxStrctTyp="EQ_CORRELATION" IssuDtTm="2018-01-29" LastUpdateTm="2018-01-17"/>
  <Msr Val="0.534455435324222" ValTyp="Other" MktDataTyp="ASK"/>
</Pnt>


<Pnt Name="USD-PG.N">
  <Undly ID="CHF-HOLN.S" PxStrctTyp="EQ_CORRELATION" IssuDtTm="2018-01-29" LastUpdateTm="2018-01-24"/>
  <Msr Val="0.413386062108655" ValTyp="Other" MktDataTyp="ASK"/>
</Pnt>


<Pnt Name="USD-XLY.N">
  <Undly ID="CHF-HOLN.S" PxStrctTyp="EQ_CORRELATION" IssuDtTm="2018-01-29" LastUpdateTm="2018-01-17"/>
  <Msr Val="0.63249697806747" ValTyp="Other" MktDataTyp="ASK"/>
</Pnt>


<Pnt Name="USD-BAC.N">
  <Undly ID="CHF-HOLN.S" PxStrctTyp="EQ_CORRELATION" IssuDtTm="2018-01-29" LastUpdateTm="2018-01-24"/>
  <Msr Val="0.559214167916953" ValTyp="Other" MktDataTyp="ASK"/>
</Pnt>


<Pnt Name="USD-QCOM.O">
  <Undly ID="CHF-HOLN.S" PxStrctTyp="EQ_CORRELATION" IssuDtTm="2018-01-29" LastUpdateTm="2018-01-24"/>
  <Msr Val="0.491607088476953" ValTyp="Other" MktDataTyp="ASK"/>
</Pnt>


<Pnt Name="EUR-FREG.DE">
  <Undly ID="CHF-HOLN.S" PxStrctTyp="EQ_CORRELATION" IssuDtTm="2018-01-29" LastUpdateTm="2018-01-24"/>
  <Msr Val="0.554482246147192" ValTyp="Other" MktDataTyp="ASK"/>
</Pnt>


<Pnt Name="CHF-NESN.S">
  <Undly ID="CHF-HOLN.S" PxStrctTyp="EQ_CORRELATION" IssuDtTm="2018-01-29" LastUpdateTm="2018-01-24"/>
  <Msr Val="0.620069753619201" ValTyp="Other" MktDataTyp="ASK"/>
</Pnt>


<Pnt Name="USD-JPM.N">
  <Undly ID="CHF-HOLN.S" PxStrctTyp="EQ_CORRELATION" IssuDtTm="2018-01-29" LastUpdateTm="2018-01-24"/>
  <Msr Val="0.607867515730637" ValTyp="Other" MktDataTyp="ASK"/>
</Pnt>


<Pnt Name="EUR-LIN.DE">
  <Undly ID="CHF-HOLN.S" PxStrctTyp="EQ_CORRELATION" IssuDtTm="2018-01-29" LastUpdateTm="2018-01-24"/>
  <Msr Val="0.624618051412335" ValTyp="Other" MktDataTyp="ASK"/>
</Pnt>


<Pnt Name="EUR-IBEX 35 IND">
  <Undly ID="CHF-HOLN.S" PxStrctTyp="EQ_CORRELATION" IssuDtTm="2018-01-29" LastUpdateTm="2018-01-24"/>
  <Msr Val="0.684180597225978" ValTyp="Other" MktDataTyp="ASK"/>
</Pnt>


<Pnt Name="USD-SYMC.O">
  <Undly ID="CHF-HOLN.S" PxStrctTyp="EQ_CORRELATION" IssuDtTm="2018-01-29" LastUpdateTm="2018-01-17"/>
  <Msr Val="0.507245177628314" ValTyp="Other" MktDataTyp="ASK"/>
</Pnt>


<Pnt Name="USD-XLI.N">
  <Undly ID="CHF-HOLN.S" PxStrctTyp="EQ_CORRELATION" IssuDtTm="2018-01-29" LastUpdateTm="2018-01-17"/>
  <Msr Val="0.669749790653855" ValTyp="Other" MktDataTyp="ASK"/>
</Pnt>


<Pnt Name="USD-COH.N">
  <Undly ID="CHF-HOLN.S" PxStrctTyp="EQ_CORRELATION" IssuDtTm="2018-01-29" LastUpdateTm="2018-01-24"/>
  <Msr Val="0.466520091859092" ValTyp="Other" MktDataTyp="ASK"/>
</Pnt>


<Pnt Name="EUR-BMW.DE">
  <Undly ID="CHF-HOLN.S" PxStrctTyp="EQ_CORRELATION" IssuDtTm="2018-01-29" LastUpdateTm="2018-01-24"/>
  <Msr Val="0.66556701607372" ValTyp="Other" MktDataTyp="ASK"/>
</Pnt>


<Pnt Name="EUR-UNBP.AS">
  <Undly ID="CHF-HOLN.S" PxStrctTyp="EQ_CORRELATION" IssuDtTm="2018-01-29" LastUpdateTm="2018-01-24"/>
  <Msr Val="0.587761897214771" ValTyp="Other" MktDataTyp="ASK"/>
</Pnt>


<Pnt Name="CAD-TSX60.IND">
  <Undly ID="CHF-HOLN.S" PxStrctTyp="EQ_CORRELATION" IssuDtTm="2018-01-29" LastUpdateTm="2018-01-24"/>
  <Msr Val="0.618088118528661" ValTyp="Other" MktDataTyp="ASK"/>
</Pnt>


<Pnt Name="USD-VIAB.N">
  <Undly ID="CHF-HOLN.S" PxStrctTyp="EQ_CORRELATION" IssuDtTm="2018-01-29" LastUpdateTm="2018-01-17"/>
  <Msr Val="0.486167787187176" ValTyp="Other" MktDataTyp="ASK"/>
</Pnt>


<Pnt Name="EUR-TIT.MI">
  <Undly ID="CHF-HOLN.S" PxStrctTyp="EQ_CORRELATION" IssuDtTm="2018-01-29" LastUpdateTm="2018-01-24"/>
  <Msr Val="0.553161983286818" ValTyp="Other" MktDataTyp="ASK"/>
</Pnt>


<Pnt Name="USD-AMT.N">
  <Undly ID="CHF-HOLN.S" PxStrctTyp="EQ_CORRELATION" IssuDtTm="2018-01-29" LastUpdateTm="2018-01-24"/>
  <Msr Val="0.437579963092189" ValTyp="Other" MktDataTyp="ASK"/>
</Pnt>


<Pnt Name="USD-PNC.N">
  <Undly ID="CHF-HOLN.S" PxStrctTyp="EQ_CORRELATION" IssuDtTm="2018-01-29" LastUpdateTm="2018-01-24"/>
  <Msr Val="0.568384186878884" ValTyp="Other" MktDataTyp="ASK"/>
</Pnt>


<Pnt Name="USD-AIG.N">
  <Undly ID="CHF-HOLN.S" PxStrctTyp="EQ_CORRELATION" IssuDtTm="2018-01-29" LastUpdateTm="2018-01-24"/>
  <Msr Val="0.583700167491878" ValTyp="Other" MktDataTyp="ASK"/>
</Pnt>


<Pnt Name="USD-NKE.N">
  <Undly ID="CHF-HOLN.S" PxStrctTyp="EQ_CORRELATION" IssuDtTm="2018-01-29" LastUpdateTm="2018-01-24"/>
  <Msr Val="0.473938612730392" ValTyp="Other" MktDataTyp="ASK"/>
</Pnt>


<Pnt Name="USD-XLK.N">
  <Undly ID="CHF-HOLN.S" PxStrctTyp="EQ_CORRELATION" IssuDtTm="2018-01-29" LastUpdateTm="2018-01-17"/>
  <Msr Val="0.61999342455187" ValTyp="Other" MktDataTyp="ASK"/>
</Pnt>


<Pnt Name="EUR-CRDI.MI">
  <Undly ID="CHF-HOLN.S" PxStrctTyp="EQ_CORRELATION" IssuDtTm="2018-01-29" LastUpdateTm="2018-01-24"/>
  <Msr Val="0.597063920808531" ValTyp="Other" MktDataTyp="ASK"/>
</Pnt>


<Pnt Name="USD-MELI.O">
  <Undly ID="CHF-HOLN.S" PxStrctTyp="EQ_CORRELATION" IssuDtTm="2018-01-29" LastUpdateTm="2018-01-24"/>
  <Msr Val="0.481786921140555" ValTyp="Other" MktDataTyp="ASK"/>
</Pnt>


<Pnt Name="CHF-CSGN.S">
  <Undly ID="CHF-HOLN.S" PxStrctTyp="EQ_CORRELATION" IssuDtTm="2018-01-29" LastUpdateTm="2018-01-24"/>
  <Msr Val="0.713160265512298" ValTyp="Other" MktDataTyp="ASK"/>
</Pnt>


<Pnt Name="USD-MET.N">
  <Undly ID="CHF-HOLN.S" PxStrctTyp="EQ_CORRELATION" IssuDtTm="2018-01-29" LastUpdateTm="2018-01-24"/>
  <Msr Val="0.615371368069025" ValTyp="Other" MktDataTyp="ASK"/>
</Pnt>


<Pnt Name="EUR-VOWG_P.DE">
  <Undly ID="CHF-HOLN.S" PxStrctTyp="EQ_CORRELATION" IssuDtTm="2018-01-29" LastUpdateTm="2018-01-24"/>
  <Msr Val="0.602643799134487" ValTyp="Other" MktDataTyp="ASK"/>
</Pnt>


<Pnt Name="USD-SCHW.N">
  <Undly ID="CHF-HOLN.S" PxStrctTyp="EQ_CORRELATION" IssuDtTm="2018-01-29" LastUpdateTm="2018-01-17"/>
  <Msr Val="0.543050880455012" ValTyp="Other" MktDataTyp="ASK"/>
</Pnt>


<Pnt Name="EUR-IFXGN.DE">
  <Undly ID="CHF-HOLN.S" PxStrctTyp="EQ_CORRELATION" IssuDtTm="2018-01-29" LastUpdateTm="2018-01-24"/>
  <Msr Val="0.607018641892255" ValTyp="Other" MktDataTyp="ASK"/>
</Pnt>


<Pnt Name="USD-V.N">
  <Undly ID="CHF-HOLN.S" PxStrctTyp="EQ_CORRELATION" IssuDtTm="2018-01-29" LastUpdateTm="2018-01-17"/>
  <Msr Val="0.497203608795531" ValTyp="Other" MktDataTyp="ASK"/>
</Pnt>


<Pnt Name="USD-NDX 100 IND">
  <Undly ID="CHF-HOLN.S" PxStrctTyp="EQ_CORRELATION" IssuDtTm="2018-01-29" LastUpdateTm="2018-01-24"/>
  <Msr Val="0.630956121659039" ValTyp="Other" MktDataTyp="ASK"/>
</Pnt>


<Pnt Name="USD-KR.N">
  <Undly ID="CHF-HOLN.S" PxStrctTyp="EQ_CORRELATION" IssuDtTm="2018-01-29" LastUpdateTm="2018-01-24"/>
  <Msr Val="0.408628408132501" ValTyp="Other" MktDataTyp="ASK"/>
</Pnt>


<Pnt Name="USD-JWN.N">
  <Undly ID="CHF-HOLN.S" PxStrctTyp="EQ_CORRELATION" IssuDtTm="2018-01-29" LastUpdateTm="2018-01-24"/>
  <Msr Val="0.472928322710554" ValTyp="Other" MktDataTyp="ASK"/>
</Pnt>


<Pnt Name="USD-PM.N">
  <Undly ID="CHF-HOLN.S" PxStrctTyp="EQ_CORRELATION" IssuDtTm="2018-01-29" LastUpdateTm="2018-01-24"/>
  <Msr Val="0.433343108940465" ValTyp="Other" MktDataTyp="ASK"/>
</Pnt>


<Pnt Name="USD-HAL.N">
  <Undly ID="CHF-HOLN.S" PxStrctTyp="EQ_CORRELATION" IssuDtTm="2018-01-29" LastUpdateTm="2018-01-24"/>
  <Msr Val="0.509581972336944" ValTyp="Other" MktDataTyp="ASK"/>
</Pnt>


<Pnt Name="GBP-BT.L">
  <Undly ID="CHF-HOLN.S" PxStrctTyp="EQ_CORRELATION" IssuDtTm="2018-01-29" LastUpdateTm="2018-01-24"/>
  <Msr Val="0.475045774270615" ValTyp="Other" MktDataTyp="ASK"/>
</Pnt>


<Pnt Name="USD-WAG.N">
  <Undly ID="CHF-HOLN.S" PxStrctTyp="EQ_CORRELATION" IssuDtTm="2018-01-29" LastUpdateTm="2018-01-17"/>
  <Msr Val="0.445156272287446" ValTyp="Other" MktDataTyp="ASK"/>
</Pnt>


<Pnt Name="USD-NFLX.OQ">
  <Undly ID="CHF-HOLN.S" PxStrctTyp="EQ_CORRELATION" IssuDtTm="2018-01-29" LastUpdateTm="2018-01-24"/>
  <Msr Val="0.462779155679788" ValTyp="Other" MktDataTyp="ASK"/>
</Pnt>


<Pnt Name="USD-GE.N">
  <Undly ID="CHF-HOLN.S" PxStrctTyp="EQ_CORRELATION" IssuDtTm="2018-01-29" LastUpdateTm="2018-01-24"/>
  <Msr Val="0.589178167687115" ValTyp="Other" MktDataTyp="ASK"/>
</Pnt>


<Pnt Name="USD-SPG.N">
  <Undly ID="CHF-HOLN.S" PxStrctTyp="EQ_CORRELATION" IssuDtTm="2018-01-29" LastUpdateTm="2018-01-17"/>
  <Msr Val="0.446332241624851" ValTyp="Other" MktDataTyp="ASK"/>
</Pnt>


<Pnt Name="EUR-LHA.DE">
  <Undly ID="CHF-HOLN.S" PxStrctTyp="EQ_CORRELATION" IssuDtTm="2018-01-29" LastUpdateTm="2018-01-24"/>
  <Msr Val="0.524909146830432" ValTyp="Other" MktDataTyp="ASK"/>
</Pnt>


<Pnt Name="GBP-GLEN.L">
  <Undly ID="CHF-HOLN.S" PxStrctTyp="EQ_CORRELATION" IssuDtTm="2018-01-29" LastUpdateTm="2018-01-24"/>
  <Msr Val="0.570612062995033" ValTyp="Other" MktDataTyp="ASK"/>
</Pnt>


<Pnt Name="USD-INCY.O">
  <Undly ID="CHF-HOLN.S" PxStrctTyp="EQ_CORRELATION" IssuDtTm="2018-01-29" LastUpdateTm="2018-01-24"/>
  <Msr Val="0.454820860187111" ValTyp="Other" MktDataTyp="ASK"/>
</Pnt>


<Pnt Name="EUR-CAGR.PA">
  <Undly ID="CHF-HOLN.S" PxStrctTyp="EQ_CORRELATION" IssuDtTm="2018-01-29" LastUpdateTm="2018-01-24"/>
  <Msr Val="0.627915149008604" ValTyp="Other" MktDataTyp="ASK"/>
</Pnt>


<Pnt Name="USD-T.N">
  <Undly ID="CHF-HOLN.S" PxStrctTyp="EQ_CORRELATION" IssuDtTm="2018-01-29" LastUpdateTm="2018-01-17"/>
  <Msr Val="0.42757791502551" ValTyp="Other" MktDataTyp="ASK"/>
</Pnt>


<Pnt Name="USD-EXPE.O">
  <Undly ID="CHF-HOLN.S" PxStrctTyp="EQ_CORRELATION" IssuDtTm="2018-01-29" LastUpdateTm="2018-01-24"/>
  <Msr Val="0.507539308505485" ValTyp="Other" MktDataTyp="ASK"/>
</Pnt>


<Pnt Name="USD-HD.N">
  <Undly ID="CHF-HOLN.S" PxStrctTyp="EQ_CORRELATION" IssuDtTm="2018-01-29" LastUpdateTm="2018-01-24"/>
  <Msr Val="0.5050098871975" ValTyp="Other" MktDataTyp="ASK"/>
</Pnt>


<Pnt Name="GBP-FTSE IND">
  <Undly ID="CHF-HOLN.S" PxStrctTyp="EQ_CORRELATION" IssuDtTm="2018-01-29" LastUpdateTm="2018-01-24"/>
  <Msr Val="0.694435974527551" ValTyp="Other" MktDataTyp="ASK"/>
</Pnt>


<Pnt Name="USD-D.N">
  <Undly ID="CHF-HOLN.S" PxStrctTyp="EQ_CORRELATION" IssuDtTm="2018-01-29" LastUpdateTm="2018-01-24"/>
  <Msr Val="0.34882604994749" ValTyp="Other" MktDataTyp="ASK"/>
</Pnt>


<Pnt Name="USD-CELG.O">
  <Undly ID="CHF-HOLN.S" PxStrctTyp="EQ_CORRELATION" IssuDtTm="2018-01-29" LastUpdateTm="2018-01-24"/>
  <Msr Val="0.469705602281987" ValTyp="Other" MktDataTyp="ASK"/>
</Pnt>


<Pnt Name="USD-MPC.N">
  <Undly ID="CHF-HOLN.S" PxStrctTyp="EQ_CORRELATION" IssuDtTm="2018-01-29" LastUpdateTm="2018-01-24"/>
  <Msr Val="0.489695846374781" ValTyp="Other" MktDataTyp="ASK"/>
</Pnt>


<Pnt Name="USD-DIS.N">
  <Undly ID="CHF-HOLN.S" PxStrctTyp="EQ_CORRELATION" IssuDtTm="2018-01-29" LastUpdateTm="2018-01-24"/>
  <Msr Val="0.507886815234327" ValTyp="Other" MktDataTyp="ASK"/>
</Pnt>


<Pnt Name="EUR-ASML.AS">
  <Undly ID="CHF-HOLN.S" PxStrctTyp="EQ_CORRELATION" IssuDtTm="2018-01-29" LastUpdateTm="2018-01-24"/>
  <Msr Val="0.565318021952728" ValTyp="Other" MktDataTyp="ASK"/>
</Pnt>


<Pnt Name="EUR-TOTF.PA">
  <Undly ID="CHF-HOLN.S" PxStrctTyp="EQ_CORRELATION" IssuDtTm="2018-01-29" LastUpdateTm="2018-01-24"/>
  <Msr Val="0.669655807663079" ValTyp="Other" MktDataTyp="ASK"/>
</Pnt>


<Pnt Name="EUR-TKAG.DE">
  <Undly ID="CHF-HOLN.S" PxStrctTyp="EQ_CORRELATION" IssuDtTm="2018-01-29" LastUpdateTm="2018-01-24"/>
  <Msr Val="0.659886535347366" ValTyp="Other" MktDataTyp="ASK"/>
</Pnt>


<Pnt Name="EUROSTOXX50 IND">
  <Undly ID="CHF-HOLN.S" PxStrctTyp="EQ_CORRELATION" IssuDtTm="2018-01-29" LastUpdateTm="2018-01-24"/>
  <Msr Val="0.746852459322993" ValTyp="Other" MktDataTyp="ASK"/>
</Pnt>


<Pnt Name="EUR-ENI.MI">
  <Undly ID="CHF-HOLN.S" PxStrctTyp="EQ_CORRELATION" IssuDtTm="2018-01-29" LastUpdateTm="2018-01-24"/>
  <Msr Val="0.659429999604294" ValTyp="Other" MktDataTyp="ASK"/>
</Pnt>


<Pnt Name="SEK-VOLVB.ST">
  <Undly ID="CHF-HOLN.S" PxStrctTyp="EQ_CORRELATION" IssuDtTm="2018-01-29" LastUpdateTm="2018-01-24"/>
  <Msr Val="0.612034668348525" ValTyp="Other" MktDataTyp="ASK"/>
</Pnt>


<Pnt Name="USD-AMAT.O">
  <Undly ID="CHF-HOLN.S" PxStrctTyp="EQ_CORRELATION" IssuDtTm="2018-01-29" LastUpdateTm="2018-01-24"/>
  <Msr Val="0.508067303147951" ValTyp="Other" MktDataTyp="ASK"/>
</Pnt>


<Pnt Name="USD-KRFTV.O">
  <Undly ID="CHF-HOLN.S" PxStrctTyp="EQ_CORRELATION" IssuDtTm="2018-01-29" LastUpdateTm="2018-01-24"/>
  <Msr Val="0.424703864587957" ValTyp="Other" MktDataTyp="ASK"/>
</Pnt>


<Pnt Name="USD-XLP.N">
  <Undly ID="CHF-HOLN.S" PxStrctTyp="EQ_CORRELATION" IssuDtTm="2018-01-29" LastUpdateTm="2018-01-17"/>
  <Msr Val="0.503828685359192" ValTyp="Other" MktDataTyp="ASK"/>
</Pnt>


<Pnt Name="USD-KORS.N">
  <Undly ID="CHF-HOLN.S" PxStrctTyp="EQ_CORRELATION" IssuDtTm="2018-01-29" LastUpdateTm="2018-01-24"/>
  <Msr Val="0.463539242686637" ValTyp="Other" MktDataTyp="ASK"/>
</Pnt>


<Pnt Name="GBP-PRU.L">
  <Undly ID="CHF-HOLN.S" PxStrctTyp="EQ_CORRELATION" IssuDtTm="2018-01-29" LastUpdateTm="2018-01-24"/>
  <Msr Val="0.666869402962501" ValTyp="Other" MktDataTyp="ASK"/>
</Pnt>


<Pnt Name="EUR-BASF.DE">
  <Undly ID="CHF-HOLN.S" PxStrctTyp="EQ_CORRELATION" IssuDtTm="2018-01-29" LastUpdateTm="2018-01-24"/>
  <Msr Val="0.698843831275906" ValTyp="Other" MktDataTyp="ASK"/>
</Pnt>


<Pnt Name="USD-ABBV-W.N">
  <Undly ID="CHF-HOLN.S" PxStrctTyp="EQ_CORRELATION" IssuDtTm="2018-01-29" LastUpdateTm="2018-01-24"/>
  <Msr Val="0.455667657591814" ValTyp="Other" MktDataTyp="ASK"/>
</Pnt>


<Pnt Name="USD-HYG.P">
  <Undly ID="CHF-HOLN.S" PxStrctTyp="EQ_CORRELATION" IssuDtTm="2018-01-29" LastUpdateTm="2018-01-24"/>
  <Msr Val="0.574979589616971" ValTyp="Other" MktDataTyp="ASK"/>
</Pnt>


<Pnt Name="GBP-VOD.L">
  <Undly ID="CHF-HOLN.S" PxStrctTyp="EQ_CORRELATION" IssuDtTm="2018-01-29" LastUpdateTm="2018-01-24"/>
  <Msr Val="0.500643040228674" ValTyp="Other" MktDataTyp="ASK"/>
</Pnt>


<Pnt Name="USD-SLB.N">
  <Undly ID="CHF-HOLN.S" PxStrctTyp="EQ_CORRELATION" IssuDtTm="2018-01-29" LastUpdateTm="2018-01-17"/>
  <Msr Val="0.524327553534166" ValTyp="Other" MktDataTyp="ASK"/>
</Pnt>


<Pnt Name="AS51 IND">
  <Undly ID="CHF-HOLN.S" PxStrctTyp="EQ_CORRELATION" IssuDtTm="2018-01-29" LastUpdateTm="2018-01-24"/>
  <Msr Val="0.628985483048427" ValTyp="Other" MktDataTyp="ASK"/>
</Pnt>


<Pnt Name="CHF-UBSG.S">
  <Undly ID="CHF-HOLN.S" PxStrctTyp="EQ_CORRELATION" IssuDtTm="2018-01-29" LastUpdateTm="2018-01-24"/>
  <Msr Val="0.725074082443542" ValTyp="Other" MktDataTyp="ASK"/>
</Pnt>


<Pnt Name="EUR-DPW.DE">
  <Undly ID="CHF-HOLN.S" PxStrctTyp="EQ_CORRELATION" IssuDtTm="2018-01-29" LastUpdateTm="2018-01-24"/>
  <Msr Val="0.673415240439544" ValTyp="Other" MktDataTyp="ASK"/>
</Pnt>


<Pnt Name="USD-GD.N">
  <Undly ID="CHF-HOLN.S" PxStrctTyp="EQ_CORRELATION" IssuDtTm="2018-01-29" LastUpdateTm="2018-01-24"/>
  <Msr Val="0.506853040027351" ValTyp="Other" MktDataTyp="ASK"/>
</Pnt>


<Pnt Name="CHF-SRENH.S">
  <Undly ID="CHF-HOLN.S" PxStrctTyp="EQ_CORRELATION" IssuDtTm="2018-01-29" LastUpdateTm="2018-01-24"/>
  <Msr Val="0.697252155401073" ValTyp="Other" MktDataTyp="ASK"/>
</Pnt>


<Pnt Name="EUR-SCHN.PA">
  <Undly ID="CHF-HOLN.S" PxStrctTyp="EQ_CORRELATION" IssuDtTm="2018-01-29" LastUpdateTm="2018-01-24"/>
  <Msr Val="0.68765338260255" ValTyp="Other" MktDataTyp="ASK"/>
</Pnt>


<Pnt Name="USD-PCAR.O">
  <Undly ID="CHF-HOLN.S" PxStrctTyp="EQ_CORRELATION" IssuDtTm="2018-01-29" LastUpdateTm="2018-01-24"/>
  <Msr Val="0.594536709444426" ValTyp="Other" MktDataTyp="ASK"/>
</Pnt>


<Pnt Name="USD-CHTR.O">
  <Undly ID="CHF-HOLN.S" PxStrctTyp="EQ_CORRELATION" IssuDtTm="2018-01-29" LastUpdateTm="2018-01-24"/>
  <Msr Val="0.438640024616062" ValTyp="Other" MktDataTyp="ASK"/>
</Pnt>


<Pnt Name="USD-MMM.N">
  <Undly ID="CHF-HOLN.S" PxStrctTyp="EQ_CORRELATION" IssuDtTm="2018-01-29" LastUpdateTm="2018-01-24"/>
  <Msr Val="0.544867472402994" ValTyp="Other" MktDataTyp="ASK"/>
</Pnt>


<Pnt Name="USD-AMD.N">
  <Undly ID="CHF-HOLN.S" PxStrctTyp="EQ_CORRELATION" IssuDtTm="2018-01-29" LastUpdateTm="2018-01-24"/>
  <Msr Val="0.470759222592408" ValTyp="Other" MktDataTyp="ASK"/>
</Pnt>


<Pnt Name="USD-USB.N">
  <Undly ID="CHF-HOLN.S" PxStrctTyp="EQ_CORRELATION" IssuDtTm="2018-01-29" LastUpdateTm="2018-01-17"/>
  <Msr Val="0.586884422252668" ValTyp="Other" MktDataTyp="ASK"/>
</Pnt>


<Pnt Name="EUR-RENA.PA">
  <Undly ID="CHF-HOLN.S" PxStrctTyp="EQ_CORRELATION" IssuDtTm="2018-01-29" LastUpdateTm="2018-01-24"/>
  <Msr Val="0.637509669394899" ValTyp="Other" MktDataTyp="ASK"/>
</Pnt>


<Pnt Name="USD-CVS.N">
  <Undly ID="CHF-HOLN.S" PxStrctTyp="EQ_CORRELATION" IssuDtTm="2018-01-29" LastUpdateTm="2018-01-24"/>
  <Msr Val="0.463249279741293" ValTyp="Other" MktDataTyp="ASK"/>
</Pnt>


<Pnt Name="EUR-AHLN.AS">
  <Undly ID="CHF-HOLN.S" PxStrctTyp="EQ_CORRELATION" IssuDtTm="2018-01-29" LastUpdateTm="2018-01-24"/>
  <Msr Val="0.515731249937607" ValTyp="Other" MktDataTyp="ASK"/>
</Pnt>


<Pnt Name="EUR-MUVGN.DE">
  <Undly ID="CHF-HOLN.S" PxStrctTyp="EQ_CORRELATION" IssuDtTm="2018-01-29" LastUpdateTm="2018-01-24"/>
  <Msr Val="0.634014983422016" ValTyp="Other" MktDataTyp="ASK"/>
</Pnt>


<Pnt Name="EUR-GASI.MI">
  <Undly ID="CHF-HOLN.S" PxStrctTyp="EQ_CORRELATION" IssuDtTm="2018-01-29" LastUpdateTm="2018-01-24"/>
  <Msr Val="0.627521426251715" ValTyp="Other" MktDataTyp="ASK"/>
</Pnt>


<Pnt Name="USD-FXI.N">
  <Undly ID="CHF-HOLN.S" PxStrctTyp="EQ_CORRELATION" IssuDtTm="2018-01-29" LastUpdateTm="2018-01-24"/>
  <Msr Val="0.590376839231197" ValTyp="Other" MktDataTyp="ASK"/>
</Pnt>


<Pnt Name="GBP-HSBA.L">
  <Undly ID="CHF-HOLN.S" PxStrctTyp="EQ_CORRELATION" IssuDtTm="2018-01-29" LastUpdateTm="2018-01-24"/>
  <Msr Val="0.542962627886148" ValTyp="Other" MktDataTyp="ASK"/>
</Pnt>


<Pnt Name="USD-APA.N">
  <Undly ID="CHF-HOLN.S" PxStrctTyp="EQ_CORRELATION" IssuDtTm="2018-01-29" LastUpdateTm="2018-01-24"/>
  <Msr Val="0.491867950701996" ValTyp="Other" MktDataTyp="ASK"/>
</Pnt>


<Pnt Name="USD-EOG.N">
  <Undly ID="CHF-HOLN.S" PxStrctTyp="EQ_CORRELATION" IssuDtTm="2018-01-29" LastUpdateTm="2018-01-24"/>
  <Msr Val="0.479026763000354" ValTyp="Other" MktDataTyp="ASK"/>
</Pnt>


<Pnt Name="USD-ORCL.O">
  <Undly ID="CHF-HOLN.S" PxStrctTyp="EQ_CORRELATION" IssuDtTm="2018-01-29" LastUpdateTm="2018-01-24"/>
  <Msr Val="0.490331973126136" ValTyp="Other" MktDataTyp="ASK"/>
</Pnt>


<Pnt Name="CHF-SCMN.S">
  <Undly ID="CHF-HOLN.S" PxStrctTyp="EQ_CORRELATION" IssuDtTm="2018-01-29" LastUpdateTm="2018-01-24"/>
  <Msr Val="0.614620038123674" ValTyp="Other" MktDataTyp="ASK"/>
</Pnt>


<Pnt Name="EUR-ADSGN.DE">
  <Undly ID="CHF-HOLN.S" PxStrctTyp="EQ_CORRELATION" IssuDtTm="2018-01-29" LastUpdateTm="2018-01-24"/>
  <Msr Val="0.505986801025391" ValTyp="Other" MktDataTyp="ASK"/>
</Pnt>


<Pnt Name="USD-GOOG.O">
  <Undly ID="CHF-HOLN.S" PxStrctTyp="EQ_CORRELATION" IssuDtTm="2018-01-29" LastUpdateTm="2018-01-24"/>
  <Msr Val="0.480216859506212" ValTyp="Other" MktDataTyp="ASK"/>
</Pnt>


<Pnt Name="USD-CSX.N">
  <Undly ID="CHF-HOLN.S" PxStrctTyp="EQ_CORRELATION" IssuDtTm="2018-01-29" LastUpdateTm="2018-01-24"/>
  <Msr Val="0.51386457508772" ValTyp="Other" MktDataTyp="ASK"/>
</Pnt>


<Pnt Name="EUR-DANO.PA">
  <Undly ID="CHF-HOLN.S" PxStrctTyp="EQ_CORRELATION" IssuDtTm="2018-01-29" LastUpdateTm="2018-01-24"/>
  <Msr Val="0.527976069349287" ValTyp="Other" MktDataTyp="ASK"/>
</Pnt>


<Pnt Name="USD-HAS.N">
  <Undly ID="CHF-HOLN.S" PxStrctTyp="EQ_CORRELATION" IssuDtTm="2018-01-29" LastUpdateTm="2018-01-24"/>
  <Msr Val="0.465434582329909" ValTyp="Other" MktDataTyp="ASK"/>
</Pnt>


<Pnt Name="GBP-BLT.L">
  <Undly ID="CHF-HOLN.S" PxStrctTyp="EQ_CORRELATION" IssuDtTm="2018-01-29" LastUpdateTm="2018-01-24"/>
  <Msr Val="0.544450061153621" ValTyp="Other" MktDataTyp="ASK"/>
</Pnt>


<Pnt Name="USD-IBB.O">
  <Undly ID="CHF-HOLN.S" PxStrctTyp="EQ_CORRELATION" IssuDtTm="2018-01-29" LastUpdateTm="2018-01-24"/>
  <Msr Val="0.505924332673477" ValTyp="Other" MktDataTyp="ASK"/>
</Pnt>


<Pnt Name="EUR-LVMH.PA">
  <Undly ID="CHF-HOLN.S" PxStrctTyp="EQ_CORRELATION" IssuDtTm="2018-01-29" LastUpdateTm="2018-01-24"/>
  <Msr Val="0.609238204300584" ValTyp="Other" MktDataTyp="ASK"/>
</Pnt>


<Pnt Name="USD-CB.N">
  <Undly ID="CHF-HOLN.S" PxStrctTyp="EQ_CORRELATION" IssuDtTm="2018-01-29" LastUpdateTm="2018-01-24"/>
  <Msr Val="0.494983179220648" ValTyp="Other" MktDataTyp="ASK"/>
</Pnt>


<Pnt Name="USD-XLU.N">
  <Undly ID="CHF-HOLN.S" PxStrctTyp="EQ_CORRELATION" IssuDtTm="2018-01-29" LastUpdateTm="2018-01-17"/>
  <Msr Val="0.401136346755459" ValTyp="Other" MktDataTyp="ASK"/>
</Pnt>


<Pnt Name="USD-WLP.N">
  <Undly ID="CHF-HOLN.S" PxStrctTyp="EQ_CORRELATION" IssuDtTm="2018-01-29" LastUpdateTm="2018-01-17"/>
  <Msr Val="0.402225886699348" ValTyp="Other" MktDataTyp="ASK"/>
</Pnt>


<Pnt Name="EUR-EAUG.PA">
  <Undly ID="CHF-HOLN.S" PxStrctTyp="EQ_CORRELATION" IssuDtTm="2018-01-29" LastUpdateTm="2018-01-24"/>
  <Msr Val="0.61756796373952" ValTyp="Other" MktDataTyp="ASK"/>
</Pnt>


<Pnt Name="USD-COF.N">
  <Undly ID="CHF-HOLN.S" PxStrctTyp="EQ_CORRELATION" IssuDtTm="2018-01-29" LastUpdateTm="2018-01-24"/>
  <Msr Val="0.531555536418173" ValTyp="Other" MktDataTyp="ASK"/>
</Pnt>


<Pnt Name="EUR-UNC.AS">
  <Undly ID="CHF-HOLN.S" PxStrctTyp="EQ_CORRELATION" IssuDtTm="2018-01-29" LastUpdateTm="2018-01-24"/>
  <Msr Val="0.574181882952749" ValTyp="Other" MktDataTyp="ASK"/>
</Pnt>


<Pnt Name="USD-BBD.N">
  <Undly ID="CHF-HOLN.S" PxStrctTyp="EQ_CORRELATION" IssuDtTm="2018-01-29" LastUpdateTm="2018-01-24"/>
  <Msr Val="0.479643248666802" ValTyp="Other" MktDataTyp="ASK"/>
</Pnt>


<Pnt Name="USD-MDY.P">
  <Undly ID="CHF-HOLN.S" PxStrctTyp="EQ_CORRELATION" IssuDtTm="2018-01-29" LastUpdateTm="2018-01-24"/>
  <Msr Val="0.664759119786607" ValTyp="Other" MktDataTyp="ASK"/>
</Pnt>


<Pnt Name="USD-ACT.N">
  <Undly ID="CHF-HOLN.S" PxStrctTyp="EQ_CORRELATION" IssuDtTm="2018-01-29" LastUpdateTm="2018-01-24"/>
  <Msr Val="0.446311085464978" ValTyp="Other" MktDataTyp="ASK"/>
</Pnt>


<Pnt Name="USD-XLV.N">
  <Undly ID="CHF-HOLN.S" PxStrctTyp="EQ_CORRELATION" IssuDtTm="2018-01-29" LastUpdateTm="2018-01-17"/>
  <Msr Val="0.548652040967147" ValTyp="Other" MktDataTyp="ASK"/>
</Pnt>


<Pnt Name="EUR-BAYG.DE">
  <Undly ID="CHF-HOLN.S" PxStrctTyp="EQ_CORRELATION" IssuDtTm="2018-01-29" LastUpdateTm="2018-01-24"/>
  <Msr Val="0.612265991922425" ValTyp="Other" MktDataTyp="ASK"/>
</Pnt>


<Pnt Name="EUR-BBV.MC">
  <Undly ID="CHF-HOLN.S" PxStrctTyp="EQ_CORRELATION" IssuDtTm="2018-01-29" LastUpdateTm="2018-01-24"/>
  <Msr Val="0.636729681768412" ValTyp="Other" MktDataTyp="ASK"/>
</Pnt>


<Pnt Name="USD-EWZ.N">
  <Undly ID="CHF-HOLN.S" PxStrctTyp="EQ_CORRELATION" IssuDtTm="2018-01-29" LastUpdateTm="2018-01-24"/>
  <Msr Val="0.545702550846967" ValTyp="Other" MktDataTyp="ASK"/>
</Pnt>


<Pnt Name="EUR-CONG.DE">
  <Undly ID="CHF-HOLN.S" PxStrctTyp="EQ_CORRELATION" IssuDtTm="2018-01-29" LastUpdateTm="2018-01-24"/>
  <Msr Val="0.628338301497522" ValTyp="Other" MktDataTyp="ASK"/>
</Pnt>


<Pnt Name="USD-BK.N">
  <Undly ID="CHF-HOLN.S" PxStrctTyp="EQ_CORRELATION" IssuDtTm="2018-01-29" LastUpdateTm="2018-01-24"/>
  <Msr Val="0.626809680870852" ValTyp="Other" MktDataTyp="ASK"/>
</Pnt>


<Pnt Name="GBP-DGE.L">
  <Undly ID="CHF-HOLN.S" PxStrctTyp="EQ_CORRELATION" IssuDtTm="2018-01-29" LastUpdateTm="2018-01-24"/>
  <Msr Val="0.47090713922853" ValTyp="Other" MktDataTyp="ASK"/>
</Pnt>


<Pnt Name="USD-LLY.N">
  <Undly ID="CHF-HOLN.S" PxStrctTyp="EQ_CORRELATION" IssuDtTm="2018-01-29" LastUpdateTm="2018-01-24"/>
  <Msr Val="0.447717515298813" ValTyp="Other" MktDataTyp="ASK"/>
</Pnt>


<Pnt Name="SEK-HMB.ST">
  <Undly ID="CHF-HOLN.S" PxStrctTyp="EQ_CORRELATION" IssuDtTm="2018-01-29" LastUpdateTm="2018-01-24"/>
  <Msr Val="0.511667204726047" ValTyp="Other" MktDataTyp="ASK"/>
</Pnt>


<Pnt Name="USD-VALE.N">
  <Undly ID="CHF-HOLN.S" PxStrctTyp="EQ_CORRELATION" IssuDtTm="2018-01-29" LastUpdateTm="2018-01-17"/>
  <Msr Val="0.497636880716924" ValTyp="Other" MktDataTyp="ASK"/>
</Pnt>


<Pnt Name="EUR-TEF.MC">
  <Undly ID="CHF-HOLN.S" PxStrctTyp="EQ_CORRELATION" IssuDtTm="2018-01-29" LastUpdateTm="2018-01-24"/>
  <Msr Val="0.623484316536287" ValTyp="Other" MktDataTyp="ASK"/>
</Pnt>


<Pnt Name="USD-KEY.N">
  <Undly ID="CHF-HOLN.S" PxStrctTyp="EQ_CORRELATION" IssuDtTm="2018-01-29" LastUpdateTm="2018-01-24"/>
  <Msr Val="0.567592523948721" ValTyp="Other" MktDataTyp="ASK"/>
</Pnt>


<Pnt Name="USD-UNH.N">
  <Undly ID="CHF-HOLN.S" PxStrctTyp="EQ_CORRELATION" IssuDtTm="2018-01-29" LastUpdateTm="2018-01-17"/>
  <Msr Val="0.468048195708793" ValTyp="Other" MktDataTyp="ASK"/>
</Pnt>


<Pnt Name="USD-MRK.N">
  <Undly ID="CHF-HOLN.S" PxStrctTyp="EQ_CORRELATION" IssuDtTm="2018-01-29" LastUpdateTm="2018-01-24"/>
  <Msr Val="0.465678526879818" ValTyp="Other" MktDataTyp="ASK"/>
</Pnt>


<Pnt Name="EUR-SASY.PA">
  <Undly ID="CHF-HOLN.S" PxStrctTyp="EQ_CORRELATION" IssuDtTm="2018-01-29" LastUpdateTm="2018-01-24"/>
  <Msr Val="0.554051844799304" ValTyp="Other" MktDataTyp="ASK"/>
</Pnt>


<Pnt Name="EUR-DBKGN.DE">
  <Undly ID="CHF-HOLN.S" PxStrctTyp="EQ_CORRELATION" IssuDtTm="2018-01-29" LastUpdateTm="2018-01-24"/>
  <Msr Val="0.636554889556972" ValTyp="Other" MktDataTyp="ASK"/>
</Pnt>


<Pnt Name="CHF-ZURN.S">
  <Undly ID="CHF-HOLN.S" PxStrctTyp="EQ_CORRELATION" IssuDtTm="2018-01-29" LastUpdateTm="2018-01-24"/>
  <Msr Val="0.717954107742557" ValTyp="Other" MktDataTyp="ASK"/>
</Pnt>


<Pnt Name="GBP-RDSB.L">
  <Undly ID="CHF-HOLN.S" PxStrctTyp="EQ_CORRELATION" IssuDtTm="2018-01-29" LastUpdateTm="2018-01-24"/>
  <Msr Val="0.515327153048643" ValTyp="Other" MktDataTyp="ASK"/>
</Pnt>


<Pnt Name="USD-GM.N">
  <Undly ID="CHF-HOLN.S" PxStrctTyp="EQ_CORRELATION" IssuDtTm="2018-01-29" LastUpdateTm="2018-01-24"/>
  <Msr Val="0.511697841313562" ValTyp="Other" MktDataTyp="ASK"/>
</Pnt>


<Pnt Name="USD-FCX.N">
  <Undly ID="CHF-HOLN.S" PxStrctTyp="EQ_CORRELATION" IssuDtTm="2018-01-29" LastUpdateTm="2018-01-24"/>
  <Msr Val="0.536060890700744" ValTyp="Other" MktDataTyp="ASK"/>
</Pnt>


<Pnt Name="SEK-SEBA.ST">
  <Undly ID="CHF-HOLN.S" PxStrctTyp="EQ_CORRELATION" IssuDtTm="2018-01-29" LastUpdateTm="2018-01-24"/>
  <Msr Val="0.648881711978772" ValTyp="Other" MktDataTyp="ASK"/>
</Pnt>


<Pnt Name="USD-GG.N">
  <Undly ID="CHF-HOLN.S" PxStrctTyp="EQ_CORRELATION" IssuDtTm="2018-01-29" LastUpdateTm="2018-01-24"/>
  <Msr Val="0.315622385982088" ValTyp="Other" MktDataTyp="ASK"/>
</Pnt>


<Pnt Name="USD-VZ.N">
  <Undly ID="CHF-HOLN.S" PxStrctTyp="EQ_CORRELATION" IssuDtTm="2018-01-29" LastUpdateTm="2018-01-17"/>
  <Msr Val="0.408332792269467" ValTyp="Other" MktDataTyp="ASK"/>
</Pnt>


<Pnt Name="EUR-PERP.PA">
  <Undly ID="CHF-HOLN.S" PxStrctTyp="EQ_CORRELATION" IssuDtTm="2018-01-29" LastUpdateTm="2018-01-24"/>
  <Msr Val="0.533889015801028" ValTyp="Other" MktDataTyp="ASK"/>
</Pnt>


<Pnt Name="USD-HWP.N">
  <Undly ID="CHF-HOLN.S" PxStrctTyp="EQ_CORRELATION" IssuDtTm="2018-01-29" LastUpdateTm="2018-01-24"/>
  <Msr Val="0.493961190670073" ValTyp="Other" MktDataTyp="ASK"/>
</Pnt>


<Pnt Name="USD-MDLZV.O">
  <Undly ID="CHF-HOLN.S" PxStrctTyp="EQ_CORRELATION" IssuDtTm="2018-01-29" LastUpdateTm="2018-01-24"/>
  <Msr Val="0.492326617085699" ValTyp="Other" MktDataTyp="ASK"/>
</Pnt>


<Pnt Name="USD-BRKB.N">
  <Undly ID="CHF-HOLN.S" PxStrctTyp="EQ_CORRELATION" IssuDtTm="2018-01-29" LastUpdateTm="2018-01-24"/>
  <Msr Val="0.578653417705267" ValTyp="Other" MktDataTyp="ASK"/>
</Pnt>


<Pnt Name="USD-GS.N">
  <Undly ID="CHF-HOLN.S" PxStrctTyp="EQ_CORRELATION" IssuDtTm="2018-01-29" LastUpdateTm="2018-01-24"/>
  <Msr Val="0.598028105952615" ValTyp="Other" MktDataTyp="ASK"/>
</Pnt>


<Pnt Name="EUR-HEIG.DE">
  <Undly ID="CHF-HOLN.S" PxStrctTyp="EQ_CORRELATION" IssuDtTm="2018-01-29" LastUpdateTm="2018-01-24"/>
  <Msr Val="0.733956398125385" ValTyp="Other" MktDataTyp="ASK"/>
</Pnt>


<Pnt Name="USD-INTC.O">
  <Undly ID="CHF-HOLN.S" PxStrctTyp="EQ_CORRELATION" IssuDtTm="2018-01-29" LastUpdateTm="2018-01-24"/>
  <Msr Val="0.501825505275994" ValTyp="Other" MktDataTyp="ASK"/>
</Pnt>


<Pnt Name="USD-ISRG.OQ">
  <Undly ID="CHF-HOLN.S" PxStrctTyp="EQ_CORRELATION" IssuDtTm="2018-01-29" LastUpdateTm="2018-01-24"/>
  <Msr Val="0.425215606103847" ValTyp="Other" MktDataTyp="ASK"/>
</Pnt>


<Pnt Name="USD-BA.N">
  <Undly ID="CHF-HOLN.S" PxStrctTyp="EQ_CORRELATION" IssuDtTm="2018-01-29" LastUpdateTm="2018-01-24"/>
  <Msr Val="0.558207001098059" ValTyp="Other" MktDataTyp="ASK"/>
</Pnt>


<Pnt Name="EUR-OREP.PA">
  <Undly ID="CHF-HOLN.S" PxStrctTyp="EQ_CORRELATION" IssuDtTm="2018-01-29" LastUpdateTm="2018-01-24"/>
  <Msr Val="0.534765746565816" ValTyp="Other" MktDataTyp="ASK"/>
</Pnt>


<Pnt Name="USD-F.N">
  <Undly ID="CHF-HOLN.S" PxStrctTyp="EQ_CORRELATION" IssuDtTm="2018-01-29" LastUpdateTm="2018-01-24"/>
  <Msr Val="0.539227454120552" ValTyp="Other" MktDataTyp="ASK"/>
</Pnt>


<Pnt Name="EUR-ALVG.DE">
  <Undly ID="CHF-HOLN.S" PxStrctTyp="EQ_CORRELATION" IssuDtTm="2018-01-29" LastUpdateTm="2018-01-24"/>
  <Msr Val="0.670110776477997" ValTyp="Other" MktDataTyp="ASK"/>
</Pnt>


<Pnt Name="USD-XME.N">
  <Undly ID="CHF-HOLN.S" PxStrctTyp="EQ_CORRELATION" IssuDtTm="2018-01-29" LastUpdateTm="2018-01-17"/>
  <Msr Val="0.535497618365369" ValTyp="Other" MktDataTyp="ASK"/>
</Pnt>


<Pnt Name="USD-CSCO.O">
  <Undly ID="CHF-HOLN.S" PxStrctTyp="EQ_CORRELATION" IssuDtTm="2018-01-29" LastUpdateTm="2018-01-24"/>
  <Msr Val="0.519418086780909" ValTyp="Other" MktDataTyp="ASK"/>
</Pnt>


<Pnt Name="GBP-BARC.L">
  <Undly ID="CHF-HOLN.S" PxStrctTyp="EQ_CORRELATION" IssuDtTm="2018-01-29" LastUpdateTm="2018-01-24"/>
  <Msr Val="0.630095527694591" ValTyp="Other" MktDataTyp="ASK"/>
</Pnt>


<Pnt Name="USD-APC.N">
  <Undly ID="CHF-HOLN.S" PxStrctTyp="EQ_CORRELATION" IssuDtTm="2018-01-29" LastUpdateTm="2018-01-24"/>
  <Msr Val="0.47657875668553" ValTyp="Other" MktDataTyp="ASK"/>
</Pnt>


<Pnt Name="EUR-HNKG_P.DE">
  <Undly ID="CHF-HOLN.S" PxStrctTyp="EQ_CORRELATION" IssuDtTm="2018-01-29" LastUpdateTm="2018-01-24"/>
  <Msr Val="0.512802252778867" ValTyp="Other" MktDataTyp="ASK"/>
</Pnt>


<Pnt Name="USD-FL.N">
  <Undly ID="CHF-HOLN.S" PxStrctTyp="EQ_CORRELATION" IssuDtTm="2018-01-29" LastUpdateTm="2018-01-24"/>
  <Msr Val="0.459886228810268" ValTyp="Other" MktDataTyp="ASK"/>
</Pnt>


<Pnt Name="USD-ESRX.O">
  <Undly ID="CHF-HOLN.S" PxStrctTyp="EQ_CORRELATION" IssuDtTm="2018-01-29" LastUpdateTm="2018-01-24"/>
  <Msr Val="0.476251748785241" ValTyp="Other" MktDataTyp="ASK"/>
</Pnt>


<Pnt Name="USD-DD.N">
  <Undly ID="CHF-HOLN.S" PxStrctTyp="EQ_CORRELATION" IssuDtTm="2018-01-29" LastUpdateTm="2018-01-24"/>
  <Msr Val="0.530617001402429" ValTyp="Other" MktDataTyp="ASK"/>
</Pnt>


<Pnt Name="USD-COST.O">
  <Undly ID="CHF-HOLN.S" PxStrctTyp="EQ_CORRELATION" IssuDtTm="2018-01-29" LastUpdateTm="2018-01-24"/>
  <Msr Val="0.438957678745598" ValTyp="Other" MktDataTyp="ASK"/>
</Pnt>


<Pnt Name="USD-CCL.N">
  <Undly ID="CHF-HOLN.S" PxStrctTyp="EQ_CORRELATION" IssuDtTm="2018-01-29" LastUpdateTm="2018-01-24"/>
  <Msr Val="0.524568397025574" ValTyp="Other" MktDataTyp="ASK"/>
</Pnt>


<Pnt Name="USD-RTY INDEX">
  <Undly ID="CHF-HOLN.S" PxStrctTyp="EQ_CORRELATION" IssuDtTm="2018-01-29" LastUpdateTm="2018-01-24"/>
  <Msr Val="0.637932037432583" ValTyp="Other" MktDataTyp="ASK"/>
</Pnt>


<Pnt Name="USD-AAPL.O">
  <Undly ID="CHF-HOLN.S" PxStrctTyp="EQ_CORRELATION" IssuDtTm="2018-01-29" LastUpdateTm="2018-01-24"/>
  <Msr Val="0.505453373413589" ValTyp="Other" MktDataTyp="ASK"/>
</Pnt>


<Pnt Name="EUR-AEGN.AS">
  <Undly ID="CHF-HOLN.S" PxStrctTyp="EQ_CORRELATION" IssuDtTm="2018-01-29" LastUpdateTm="2018-01-24"/>
  <Msr Val="0.680669448758775" ValTyp="Other" MktDataTyp="ASK"/>
</Pnt>


<Pnt Name="USD-VWO.N">
  <Undly ID="CHF-HOLN.S" PxStrctTyp="EQ_CORRELATION" IssuDtTm="2018-01-29" LastUpdateTm="2018-01-17"/>
  <Msr Val="0.661692428862988" ValTyp="Other" MktDataTyp="ASK"/>
</Pnt>


<Pnt Name="EUR-SGOB.PA">
  <Undly ID="CHF-HOLN.S" PxStrctTyp="EQ_CORRELATION" IssuDtTm="2018-01-29" LastUpdateTm="2018-01-24"/>
  <Msr Val="0.710579892640138" ValTyp="Other" MktDataTyp="ASK"/>
</Pnt>


<Pnt Name="USD-TMUS.N">
  <Undly ID="CHF-HOLN.S" PxStrctTyp="EQ_CORRELATION" IssuDtTm="2018-01-29" LastUpdateTm="2018-01-17"/>
  <Msr Val="0.463149356316173" ValTyp="Other" MktDataTyp="ASK"/>
</Pnt>


<Pnt Name="USD-COP.N">
  <Undly ID="CHF-HOLN.S" PxStrctTyp="EQ_CORRELATION" IssuDtTm="2018-01-29" LastUpdateTm="2018-01-24"/>
  <Msr Val="0.518180446464652" ValTyp="Other" MktDataTyp="ASK"/>
</Pnt>


<Pnt Name="USD-STX.O">
  <Undly ID="CHF-HOLN.S" PxStrctTyp="EQ_CORRELATION" IssuDtTm="2018-01-29" LastUpdateTm="2018-01-17"/>
  <Msr Val="0.476991572218464" ValTyp="Other" MktDataTyp="ASK"/>
</Pnt>


<Pnt Name="GBP-RIO.L">
  <Undly ID="CHF-HOLN.S" PxStrctTyp="EQ_CORRELATION" IssuDtTm="2018-01-29" LastUpdateTm="2018-01-24"/>
  <Msr Val="0.552036511102791" ValTyp="Other" MktDataTyp="ASK"/>
</Pnt>


<Pnt Name="SEK-SWEDA.ST">
  <Undly ID="CHF-HOLN.S" PxStrctTyp="EQ_CORRELATION" IssuDtTm="2018-01-29" LastUpdateTm="2018-01-24"/>
  <Msr Val="0.6138225135088" ValTyp="Other" MktDataTyp="ASK"/>
</Pnt>


<Pnt Name="EUR-EAD.PA">
  <Undly ID="CHF-HOLN.S" PxStrctTyp="EQ_CORRELATION" IssuDtTm="2018-01-29" LastUpdateTm="2018-01-24"/>
  <Msr Val="0.582478485650444" ValTyp="Other" MktDataTyp="ASK"/>
</Pnt>


<Pnt Name="EUR-INTB.BR">
  <Undly ID="CHF-HOLN.S" PxStrctTyp="EQ_CORRELATION" IssuDtTm="2018-01-29" LastUpdateTm="2018-01-24"/>
  <Msr Val="0.588554922701598" ValTyp="Other" MktDataTyp="ASK"/>
</Pnt>


<Pnt Name="USD-MU.O">
  <Undly ID="CHF-HOLN.S" PxStrctTyp="EQ_CORRELATION" IssuDtTm="2018-01-29" LastUpdateTm="2018-01-24"/>
  <Msr Val="0.498959687575922" ValTyp="Other" MktDataTyp="ASK"/>
</Pnt>



<Pnt Name="CHF-SEK">
  <Undly ID="CHF-HOLN.S" PxStrctTyp="EQ_CORRELATION" IssuDtTm="2018-01-29" LastUpdateTm="2018-01-17"/>
  <Msr Val="-0.572408035273998" ValTyp="Other" MktDataTyp="ASK"/>
</Pnt>


<Pnt Name="CAD-CHF">
  <Undly ID="CHF-HOLN.S" PxStrctTyp="EQ_CORRELATION" IssuDtTm="2018-01-29" LastUpdateTm="2018-01-17"/>
  <Msr Val="0.444763411025782" ValTyp="Other" MktDataTyp="ASK"/>
</Pnt>


<Pnt Name="CHF-JPY">
  <Undly ID="CHF-HOLN.S" PxStrctTyp="EQ_CORRELATION" IssuDtTm="2018-01-29" LastUpdateTm="2018-01-17"/>
  <Msr Val="-0.0534048295140906" ValTyp="Other" MktDataTyp="ASK"/>
</Pnt>


<Pnt Name="CHF-MXN">
  <Undly ID="CHF-HOLN.S" PxStrctTyp="EQ_CORRELATION" IssuDtTm="2018-01-29" LastUpdateTm="2018-01-17"/>
  <Msr Val="-0.51921724754871" ValTyp="Other" MktDataTyp="ASK"/>
</Pnt>


<Pnt Name="GBP-CHF">
  <Undly ID="CHF-HOLN.S" PxStrctTyp="EQ_CORRELATION" IssuDtTm="2018-01-29" LastUpdateTm="2018-01-17"/>
  <Msr Val="0.619361184241201" ValTyp="Other" MktDataTyp="ASK"/>
</Pnt>


<Pnt Name="USD-CHF">
  <Undly ID="CHF-HOLN.S" PxStrctTyp="EQ_CORRELATION" IssuDtTm="2018-01-29" LastUpdateTm="2018-01-17"/>
  <Msr Val="0.43739575689795" ValTyp="Other" MktDataTyp="ASK"/>
</Pnt>


<Pnt Name="EUR-CHF">
  <Undly ID="CHF-HOLN.S" PxStrctTyp="EQ_CORRELATION" IssuDtTm="2018-01-29" LastUpdateTm="2018-01-17"/>
  <Msr Val="0.516955693861391" ValTyp="Other" MktDataTyp="ASK"/>
</Pnt>



</Mkt>
