<model_item asset="CHF-HOLN.S" num_days_min_pillar="0" value="HESTON">
  <model_sampling dates_diff_collapse="0" equiv_div_yield_frequency="30" sampling_freq="DAILY"/>
</model_item>
<model_item asset="CHF-HOLN.S_HESTON" value="HESTONANALYTIC">
  <heston_analytic equiv_div_yield_frequency="30" max_k="5.0" min_k="0.1">
    <int_steps>
      <curve> 
        <curve_item date="43494" value="200"/>		
        <curve_item date="46781" value="200"/>
      </curve>
    </int_steps>
  </heston_analytic>
</model_item>
<model_item asset="CHF-HOLN.S" value="VOLLOCALGRID" num_days_min_pillar="0">
  <model_sampling dates_diff_collapse="0" equiv_div_yield_frequency="30" sampling_freq="DAILY"/>
  <local_vol div_transf="true" div_transf_days="30" div_transf_dy_period="14" enable_orc="true" heston_vol_type="SPOT" vol_implied_min_days="30" vol_type="FWD_DIFFUSION">
    <err_check value="ERRORCONE">
      <curve>	  
        <curve_item date="43494" value="3"/>		
        <curve_item date="44225" value="3"/>
      </curve>
    </err_check>
    <volgrid fill_grid="FILLFLAT" heston_max_strikes="5.0" heston_min_strikes="0.1" max_strikes="5.0" min_grid_days="1" min_strikes="0.1" num_dates="200" num_strikes="1000"/>
  </local_vol>
  <heston_stoch_vol_calibration reference_vol="VOL_PARAM_ORC">
    <output_configuration max_surface_diff_date="43129" show_surface_differences="false"/>
    <strikes parameters_nature="RELATIVE_TO_SPOT">
      <strikes_generator increment="0.025" middle_strike="1.0" num_strikes_per_side="19"/>
    </strikes>
    <maturities>
      <interpolation extrapolate_left="true" extrapolate_right="true" flat_extrapolation_left="true" flat_extrapolation_right="true" magnitude="VAR" method="LINEARMONEYNESSFORWARD"/>
      <dates>
		
        <date_item value="43219"/>
		
        <date_item value="43309"/>
		
        <date_item value="43399"/>
		
        <date_item value="43494"/>
		
        <date_item value="43859"/>
		
        <date_item value="44224"/>
		
        <date_item value="44589"/>
		
        <date_item value="44954"/>
		
        <date_item value="45319"/>
		
        <date_item value="45684"/>
		
        <date_item value="46049"/>
		
        <date_item value="46414"/>
		
        <date_item value="46779"/>
		
        <date_item value="47144"/>
		
        <date_item value="47509"/>
		
        <date_item value="47874"/>
		
        <date_item value="48239"/>
		
      </dates>
    </maturities>
    <deviations_cone>	
      <curve_item date="43494" value="4"/>      
      <curve_item date="44225" value="4"/>
    </deviations_cone>
    <buckets_config type="SVI">
      <svi_calibration_configuration>
		
        <config_item date="43219" exp_extrap_max_ivrange="-.25" exp_extrap_min_ivrange="-.5" max_param_a=".8" max_param_b="1" max_param_m="1" max_param_rho="5" max_param_sigma="1" max_strike_check_neg_vol="2" min_param_a=".01" min_param_b=".0075" min_param_m="-1" min_param_rho="-5" min_param_sigma=".1" min_strike_check_neg_vol=".2"/>
		
        <config_item date="43309" exp_extrap_max_ivrange="-.25" exp_extrap_min_ivrange="-.5" max_param_a=".8" max_param_b="1" max_param_m="1" max_param_rho="5" max_param_sigma="1" max_strike_check_neg_vol="2" min_param_a=".01" min_param_b=".0075" min_param_m="-1" min_param_rho="-5" min_param_sigma=".1" min_strike_check_neg_vol=".2"/>
		
        <config_item date="43399" exp_extrap_max_ivrange="-.25" exp_extrap_min_ivrange="-.5" max_param_a=".8" max_param_b="1" max_param_m="1" max_param_rho="5" max_param_sigma="1" max_strike_check_neg_vol="2" min_param_a=".01" min_param_b=".0075" min_param_m="-1" min_param_rho="-5" min_param_sigma=".1" min_strike_check_neg_vol=".2"/>
		
        <config_item date="43494" exp_extrap_max_ivrange="-.25" exp_extrap_min_ivrange="-.5" max_param_a=".8" max_param_b="1" max_param_m="1" max_param_rho="5" max_param_sigma="1" max_strike_check_neg_vol="2" min_param_a=".01" min_param_b=".0075" min_param_m="-1" min_param_rho="-5" min_param_sigma=".1" min_strike_check_neg_vol=".2"/>
		
        <config_item date="43859" exp_extrap_max_ivrange="-.25" exp_extrap_min_ivrange="-.5" max_param_a=".8" max_param_b="1" max_param_m="1" max_param_rho="5" max_param_sigma="1" max_strike_check_neg_vol="2" min_param_a=".01" min_param_b=".0075" min_param_m="-1" min_param_rho="-5" min_param_sigma=".1" min_strike_check_neg_vol=".2"/>
		
        <config_item date="44224" exp_extrap_max_ivrange="-.25" exp_extrap_min_ivrange="-.5" max_param_a=".8" max_param_b="1" max_param_m="1" max_param_rho="5" max_param_sigma="1" max_strike_check_neg_vol="2" min_param_a=".01" min_param_b=".0075" min_param_m="-1" min_param_rho="-5" min_param_sigma=".1" min_strike_check_neg_vol=".2"/>
		
        <config_item date="44589" exp_extrap_max_ivrange="-.25" exp_extrap_min_ivrange="-.5" max_param_a=".8" max_param_b="1" max_param_m="1" max_param_rho="5" max_param_sigma="1" max_strike_check_neg_vol="2" min_param_a=".01" min_param_b=".0075" min_param_m="-1" min_param_rho="-5" min_param_sigma=".1" min_strike_check_neg_vol=".2"/>
		
        <config_item date="44954" exp_extrap_max_ivrange="-.25" exp_extrap_min_ivrange="-.5" max_param_a=".8" max_param_b="1" max_param_m="1" max_param_rho="5" max_param_sigma="1" max_strike_check_neg_vol="2" min_param_a=".01" min_param_b=".0075" min_param_m="-1" min_param_rho="-5" min_param_sigma=".1" min_strike_check_neg_vol=".2"/>
		
        <config_item date="45319" exp_extrap_max_ivrange="-.25" exp_extrap_min_ivrange="-.5" max_param_a=".8" max_param_b="1" max_param_m="1" max_param_rho="5" max_param_sigma="1" max_strike_check_neg_vol="2" min_param_a=".01" min_param_b=".0075" min_param_m="-1" min_param_rho="-5" min_param_sigma=".1" min_strike_check_neg_vol=".2"/>
		
        <config_item date="45684" exp_extrap_max_ivrange="-.25" exp_extrap_min_ivrange="-.5" max_param_a=".8" max_param_b="1" max_param_m="1" max_param_rho="5" max_param_sigma="1" max_strike_check_neg_vol="2" min_param_a=".01" min_param_b=".0075" min_param_m="-1" min_param_rho="-5" min_param_sigma=".1" min_strike_check_neg_vol=".2"/>
		
        <config_item date="46049" exp_extrap_max_ivrange="-.25" exp_extrap_min_ivrange="-.5" max_param_a=".8" max_param_b="1" max_param_m="1" max_param_rho="5" max_param_sigma="1" max_strike_check_neg_vol="2" min_param_a=".01" min_param_b=".0075" min_param_m="-1" min_param_rho="-5" min_param_sigma=".1" min_strike_check_neg_vol=".2"/>
		
        <config_item date="46414" exp_extrap_max_ivrange="-.25" exp_extrap_min_ivrange="-.5" max_param_a=".8" max_param_b="1" max_param_m="1" max_param_rho="5" max_param_sigma="1" max_strike_check_neg_vol="2" min_param_a=".01" min_param_b=".0075" min_param_m="-1" min_param_rho="-5" min_param_sigma=".1" min_strike_check_neg_vol=".2"/>
		
        <config_item date="46779" exp_extrap_max_ivrange="-.25" exp_extrap_min_ivrange="-.5" max_param_a=".8" max_param_b="1" max_param_m="1" max_param_rho="5" max_param_sigma="1" max_strike_check_neg_vol="2" min_param_a=".01" min_param_b=".0075" min_param_m="-1" min_param_rho="-5" min_param_sigma=".1" min_strike_check_neg_vol=".2"/>
		
        <config_item date="47144" exp_extrap_max_ivrange="-.25" exp_extrap_min_ivrange="-.5" max_param_a=".8" max_param_b="1" max_param_m="1" max_param_rho="5" max_param_sigma="1" max_strike_check_neg_vol="2" min_param_a=".01" min_param_b=".0075" min_param_m="-1" min_param_rho="-5" min_param_sigma=".1" min_strike_check_neg_vol=".2"/>
		
        <config_item date="47509" exp_extrap_max_ivrange="-.25" exp_extrap_min_ivrange="-.5" max_param_a=".8" max_param_b="1" max_param_m="1" max_param_rho="5" max_param_sigma="1" max_strike_check_neg_vol="2" min_param_a=".01" min_param_b=".0075" min_param_m="-1" min_param_rho="-5" min_param_sigma=".1" min_strike_check_neg_vol=".2"/>
		
        <config_item date="47874" exp_extrap_max_ivrange="-.25" exp_extrap_min_ivrange="-.5" max_param_a=".8" max_param_b="1" max_param_m="1" max_param_rho="5" max_param_sigma="1" max_strike_check_neg_vol="2" min_param_a=".01" min_param_b=".0075" min_param_m="-1" min_param_rho="-5" min_param_sigma=".1" min_strike_check_neg_vol=".2"/>
		
        <config_item date="48239" exp_extrap_max_ivrange="-.25" exp_extrap_min_ivrange="-.5" max_param_a=".8" max_param_b="1" max_param_m="1" max_param_rho="5" max_param_sigma="1" max_strike_check_neg_vol="2" min_param_a=".01" min_param_b=".0075" min_param_m="-1" min_param_rho="-5" min_param_sigma=".1" min_strike_check_neg_vol=".2"/>
		
      </svi_calibration_configuration>
    </buckets_config>
  </heston_stoch_vol_calibration>
  <orc_smooth_params exp_extrap="true" exp_extrap_alpha="15" exp_extrap_alpha_spot_rel="false" exp_extrap_err="0.025" max_t_width="0.4" max_transition="0.85" min_bucket_diff="0.0" min_cutoff_w="0.1" width1="0.05" width10="0.25" width2="0.04" width3="0.25" width4="0.25" width5="0.15" width6="0.15" width7="0.25" width8="0.25" width9="0.0"/>
</model_item>