
<Mkt>
<Curve Name="EUR-CBKG.DE">
  <Undly PxStrctTyp="EQ_DIVIDENDS_YIELD" IssuDtTm="2018-01-29" LastUpdateTm="2018-01-29"/>
  <Msr Val="1" ValTyp="Other" Row="2018-01-29" RowTyp="Other"/>
  <Msr Val="1.0000005480001501" ValTyp="Other" Row="2018-01-30" RowTyp="Other"/>
  <Msr Val="1.000005479467067" ValTyp="Other" Row="2018-02-08" RowTyp="Other"/>
  <Msr Val="1.000013972700357" ValTyp="Other" Row="2018-02-15" RowTyp="Other"/>
  <Msr Val="1.000059453822103" ValTyp="Other" Row="2018-03-01" RowTyp="Other"/>
  <Msr Val="1.0002299015301563" ValTyp="Other" Row="2018-05-02" RowTyp="Other"/>
  <Msr Val="1.000553565676027" ValTyp="Other" Row="2018-08-01" RowTyp="Other"/>
  <Msr Val="1.0008321268475182" ValTyp="Other" Row="2018-11-01" RowTyp="Other"/>
  <Msr Val="1.0012105951932038" ValTyp="Other" Row="2019-02-01" RowTyp="Other"/>
  <Msr Val="1.0016353567699436" ValTyp="Other" Row="2019-05-02" RowTyp="Other"/>
  <Msr Val="1.0021096466701536" ValTyp="Other" Row="2019-08-01" RowTyp="Other"/>
  <Msr Val="1.002643279862725" ValTyp="Other" Row="2019-11-01" RowTyp="Other"/>
  <Msr Val="1.0032271137642164" ValTyp="Other" Row="2020-02-03" RowTyp="Other"/>
  <Msr Val="1.0054406604766493" ValTyp="Other" Row="2021-02-01" RowTyp="Other"/>
  <Msr Val="1.008261903465514" ValTyp="Other" Row="2022-02-01" RowTyp="Other"/>
  <Msr Val="1.011597432235447" ValTyp="Other" Row="2023-02-01" RowTyp="Other"/>
  <Msr Val="1.0163687000253794" ValTyp="Other" Row="2024-02-01" RowTyp="Other"/>
  <Msr Val="1.022029364883553" ValTyp="Other" Row="2025-02-03" RowTyp="Other"/>
  <Msr Val="1.0317670301595434" ValTyp="Other" Row="2026-02-02" RowTyp="Other"/>
  <Msr Val="1.0376475339218956" ValTyp="Other" Row="2027-02-01" RowTyp="Other"/>
  <Msr Val="1.0419106221700096" ValTyp="Other" Row="2028-02-01" RowTyp="Other"/>
  <Msr Val="1.0505012143339043" ValTyp="Other" Row="2030-02-01" RowTyp="Other"/>
  <Msr Val="1.0635141175019382" ValTyp="Other" Row="2033-02-01" RowTyp="Other"/>
  <Msr Val="1.0855533565427122" ValTyp="Other" Row="2038-02-01" RowTyp="Other"/>
  <Msr Val="1.1080617621310789" ValTyp="Other" Row="2043-02-02" RowTyp="Other"/>
</Curve>

<Mtrx Name="EUR-CBKG.DE">
  <Undly PxStrctTyp="EQ_DIVIDENDS" IssuDtTm="2018-01-29" LastUpdateTm="2017-06-23"/>
  <Msr Val="2028-05-10" ValTyp="Other" Col="EX_DATE" Row="14" ColTyp="Other" RowTyp="Other"/>
  <Msr Val="2028-05-10" ValTyp="Other" Col="PAYMENT_DATE" Row="14" ColTyp="Other" RowTyp="Other"/>
  <Msr Val="false" ValTyp="Other" Col="RELATIVE" Row="0" ColTyp="Other" RowTyp="Other"/>
  <Msr Val="-1" ValTyp="Other" Col="TAX_RATE" Row="1" ColTyp="Other" RowTyp="Other"/>
  <Msr Val="2018-05-18" ValTyp="Other" Col="EX_DATE" Row="1" ColTyp="Other" RowTyp="Other"/>
  <Msr Val="2018-05-18" ValTyp="Other" Col="PAYMENT_DATE" Row="2" ColTyp="Other" RowTyp="Other"/>
  <Msr Val="0.000888313004316" ValTyp="Other" Col="VALUE" Row="2" ColTyp="Other" RowTyp="Other"/>
  <Msr Val="true" ValTyp="Other" Col="RELATIVE" Row="2" ColTyp="Other" RowTyp="Other"/>
  <Msr Val="-1" ValTyp="Other" Col="TAX_RATE" Row="3" ColTyp="Other" RowTyp="Other"/>
  <Msr Val="2019-05-11" ValTyp="Other" Col="EX_DATE" Row="3" ColTyp="Other" RowTyp="Other"/>
  <Msr Val="0.0094095417236661" ValTyp="Other" Col="VALUE" Row="7" ColTyp="Other" RowTyp="Other"/>
  <Msr Val="true" ValTyp="Other" Col="RELATIVE" Row="7" ColTyp="Other" RowTyp="Other"/>
  <Msr Val="-1" ValTyp="Other" Col="TAX_RATE" Row="8" ColTyp="Other" RowTyp="Other"/>
  <Msr Val="2022-05-11" ValTyp="Other" Col="EX_DATE" Row="8" ColTyp="Other" RowTyp="Other"/>
  <Msr Val="2022-05-11" ValTyp="Other" Col="PAYMENT_DATE" Row="8" ColTyp="Other" RowTyp="Other"/>
  <Msr Val="0.009375" ValTyp="Other" Col="VALUE" Row="8" ColTyp="Other" RowTyp="Other"/>
  <Msr Val="true" ValTyp="Other" Col="RELATIVE" Row="10" ColTyp="Other" RowTyp="Other"/>
  <Msr Val="-1" ValTyp="Other" Col="TAX_RATE" Row="11" ColTyp="Other" RowTyp="Other"/>
  <Msr Val="-1" ValTyp="Other" Col="TAX_RATE" Row="12" ColTyp="Other" RowTyp="Other"/>
  <Msr Val="2026-05-11" ValTyp="Other" Col="EX_DATE" Row="12" ColTyp="Other" RowTyp="Other"/>
  <Msr Val="2026-05-11" ValTyp="Other" Col="PAYMENT_DATE" Row="12" ColTyp="Other" RowTyp="Other"/>
  <Msr Val="0.0093749999999998" ValTyp="Other" Col="VALUE" Row="12" ColTyp="Other" RowTyp="Other"/>
  <Msr Val="2027-05-11" ValTyp="Other" Col="EX_DATE" Row="13" ColTyp="Other" RowTyp="Other"/>
  <Msr Val="-1" ValTyp="Other" Col="TAX_RATE" Row="0" ColTyp="Other" RowTyp="Other"/>
  <Msr Val="2017-05-18" ValTyp="Other" Col="EX_DATE" Row="0" ColTyp="Other" RowTyp="Other"/>
  <Msr Val="2018-05-18" ValTyp="Other" Col="PAYMENT_DATE" Row="1" ColTyp="Other" RowTyp="Other"/>
  <Msr Val="0.0301411431186098" ValTyp="Other" Col="VALUE" Row="1" ColTyp="Other" RowTyp="Other"/>
  <Msr Val="2019-05-11" ValTyp="Other" Col="PAYMENT_DATE" Row="3" ColTyp="Other" RowTyp="Other"/>
  <Msr Val="-1" ValTyp="Other" Col="TAX_RATE" Row="6" ColTyp="Other" RowTyp="Other"/>
  <Msr Val="2020-05-10" ValTyp="Other" Col="EX_DATE" Row="6" ColTyp="Other" RowTyp="Other"/>
  <Msr Val="2020-05-10" ValTyp="Other" Col="PAYMENT_DATE" Row="6" ColTyp="Other" RowTyp="Other"/>
  <Msr Val="0.0077384173796281" ValTyp="Other" Col="VALUE" Row="6" ColTyp="Other" RowTyp="Other"/>
  <Msr Val="true" ValTyp="Other" Col="RELATIVE" Row="6" ColTyp="Other" RowTyp="Other"/>
  <Msr Val="0.0109431740385524" ValTyp="Other" Col="VALUE" Row="5" ColTyp="Other" RowTyp="Other"/>
  <Msr Val="false" ValTyp="Other" Col="RELATIVE" Row="5" ColTyp="Other" RowTyp="Other"/>
  <Msr Val="2020-05-10" ValTyp="Other" Col="PAYMENT_DATE" Row="5" ColTyp="Other" RowTyp="Other"/>
  <Msr Val="2023-05-11" ValTyp="Other" Col="EX_DATE" Row="9" ColTyp="Other" RowTyp="Other"/>
  <Msr Val="0.0093749999999998" ValTyp="Other" Col="VALUE" Row="9" ColTyp="Other" RowTyp="Other"/>
  <Msr Val="true" ValTyp="Other" Col="RELATIVE" Row="9" ColTyp="Other" RowTyp="Other"/>
  <Msr Val="-1" ValTyp="Other" Col="TAX_RATE" Row="10" ColTyp="Other" RowTyp="Other"/>
  <Msr Val="2025-05-11" ValTyp="Other" Col="EX_DATE" Row="11" ColTyp="Other" RowTyp="Other"/>
  <Msr Val="2025-05-11" ValTyp="Other" Col="PAYMENT_DATE" Row="11" ColTyp="Other" RowTyp="Other"/>
  <Msr Val="2027-05-11" ValTyp="Other" Col="PAYMENT_DATE" Row="13" ColTyp="Other" RowTyp="Other"/>
  <Msr Val="0.009375" ValTyp="Other" Col="VALUE" Row="13" ColTyp="Other" RowTyp="Other"/>
  <Msr Val="true" ValTyp="Other" Col="RELATIVE" Row="13" ColTyp="Other" RowTyp="Other"/>
  <Msr Val="-1" ValTyp="Other" Col="TAX_RATE" Row="14" ColTyp="Other" RowTyp="Other"/>
  <Msr Val="0.0093749999999999" ValTyp="Other" Col="VALUE" Row="14" ColTyp="Other" RowTyp="Other"/>
  <Msr Val="2017-05-18" ValTyp="Other" Col="PAYMENT_DATE" Row="0" ColTyp="Other" RowTyp="Other"/>
  <Msr Val="0.0000082000000003" ValTyp="Other" Col="VALUE" Row="0" ColTyp="Other" RowTyp="Other"/>
  <Msr Val="false" ValTyp="Other" Col="RELATIVE" Row="1" ColTyp="Other" RowTyp="Other"/>
  <Msr Val="-1" ValTyp="Other" Col="TAX_RATE" Row="2" ColTyp="Other" RowTyp="Other"/>
  <Msr Val="2018-05-18" ValTyp="Other" Col="EX_DATE" Row="2" ColTyp="Other" RowTyp="Other"/>
  <Msr Val="0.022575067948703" ValTyp="Other" Col="VALUE" Row="3" ColTyp="Other" RowTyp="Other"/>
  <Msr Val="false" ValTyp="Other" Col="RELATIVE" Row="3" ColTyp="Other" RowTyp="Other"/>
  <Msr Val="-1" ValTyp="Other" Col="TAX_RATE" Row="4" ColTyp="Other" RowTyp="Other"/>
  <Msr Val="2019-05-11" ValTyp="Other" Col="EX_DATE" Row="4" ColTyp="Other" RowTyp="Other"/>
  <Msr Val="-1" ValTyp="Other" Col="TAX_RATE" Row="5" ColTyp="Other" RowTyp="Other"/>
  <Msr Val="2020-05-10" ValTyp="Other" Col="EX_DATE" Row="5" ColTyp="Other" RowTyp="Other"/>
  <Msr Val="2019-05-11" ValTyp="Other" Col="PAYMENT_DATE" Row="4" ColTyp="Other" RowTyp="Other"/>
  <Msr Val="0.0033821599129292" ValTyp="Other" Col="VALUE" Row="4" ColTyp="Other" RowTyp="Other"/>
  <Msr Val="true" ValTyp="Other" Col="RELATIVE" Row="4" ColTyp="Other" RowTyp="Other"/>
  <Msr Val="-1" ValTyp="Other" Col="TAX_RATE" Row="7" ColTyp="Other" RowTyp="Other"/>
  <Msr Val="2021-05-11" ValTyp="Other" Col="EX_DATE" Row="7" ColTyp="Other" RowTyp="Other"/>
  <Msr Val="2021-05-11" ValTyp="Other" Col="PAYMENT_DATE" Row="7" ColTyp="Other" RowTyp="Other"/>
  <Msr Val="true" ValTyp="Other" Col="RELATIVE" Row="8" ColTyp="Other" RowTyp="Other"/>
  <Msr Val="-1" ValTyp="Other" Col="TAX_RATE" Row="9" ColTyp="Other" RowTyp="Other"/>
  <Msr Val="2023-05-11" ValTyp="Other" Col="PAYMENT_DATE" Row="9" ColTyp="Other" RowTyp="Other"/>
  <Msr Val="0.0093749999999999" ValTyp="Other" Col="VALUE" Row="10" ColTyp="Other" RowTyp="Other"/>
  <Msr Val="2024-05-10" ValTyp="Other" Col="EX_DATE" Row="10" ColTyp="Other" RowTyp="Other"/>
  <Msr Val="2024-05-10" ValTyp="Other" Col="PAYMENT_DATE" Row="10" ColTyp="Other" RowTyp="Other"/>
  <Msr Val="0.0093749999999998" ValTyp="Other" Col="VALUE" Row="11" ColTyp="Other" RowTyp="Other"/>
  <Msr Val="true" ValTyp="Other" Col="RELATIVE" Row="11" ColTyp="Other" RowTyp="Other"/>
  <Msr Val="true" ValTyp="Other" Col="RELATIVE" Row="12" ColTyp="Other" RowTyp="Other"/>
  <Msr Val="-1" ValTyp="Other" Col="TAX_RATE" Row="13" ColTyp="Other" RowTyp="Other"/>
  <Msr Val="true" ValTyp="Other" Col="RELATIVE" Row="14" ColTyp="Other" RowTyp="Other"/>
  <Msr Val="-1" ValTyp="Other" Col="TAX_RATE" Row="15" ColTyp="Other" RowTyp="Other"/>
  <Msr Val="2029-05-11" ValTyp="Other" Col="EX_DATE" Row="15" ColTyp="Other" RowTyp="Other"/>
  <Msr Val="2031-05-11" ValTyp="Other" Col="EX_DATE" Row="17" ColTyp="Other" RowTyp="Other"/>
  <Msr Val="2029-05-11" ValTyp="Other" Col="PAYMENT_DATE" Row="15" ColTyp="Other" RowTyp="Other"/>
  <Msr Val="0.009375" ValTyp="Other" Col="VALUE" Row="15" ColTyp="Other" RowTyp="Other"/>
  <Msr Val="true" ValTyp="Other" Col="RELATIVE" Row="15" ColTyp="Other" RowTyp="Other"/>
  <Msr Val="-1" ValTyp="Other" Col="TAX_RATE" Row="16" ColTyp="Other" RowTyp="Other"/>
  <Msr Val="2030-05-11" ValTyp="Other" Col="EX_DATE" Row="16" ColTyp="Other" RowTyp="Other"/>
  <Msr Val="2030-05-11" ValTyp="Other" Col="PAYMENT_DATE" Row="16" ColTyp="Other" RowTyp="Other"/>
  <Msr Val="0.0093749999999998" ValTyp="Other" Col="VALUE" Row="16" ColTyp="Other" RowTyp="Other"/>
  <Msr Val="true" ValTyp="Other" Col="RELATIVE" Row="16" ColTyp="Other" RowTyp="Other"/>
  <Msr Val="-1" ValTyp="Other" Col="TAX_RATE" Row="17" ColTyp="Other" RowTyp="Other"/>
  <Msr Val="2031-05-11" ValTyp="Other" Col="PAYMENT_DATE" Row="17" ColTyp="Other" RowTyp="Other"/>
  <Msr Val="0.0093750000000001" ValTyp="Other" Col="VALUE" Row="17" ColTyp="Other" RowTyp="Other"/>
  <Msr Val="true" ValTyp="Other" Col="RELATIVE" Row="17" ColTyp="Other" RowTyp="Other"/>
  <Msr Val="-1" ValTyp="Other" Col="TAX_RATE" Row="18" ColTyp="Other" RowTyp="Other"/>
  <Msr Val="2032-05-10" ValTyp="Other" Col="EX_DATE" Row="18" ColTyp="Other" RowTyp="Other"/>
  <Msr Val="2032-05-10" ValTyp="Other" Col="PAYMENT_DATE" Row="18" ColTyp="Other" RowTyp="Other"/>
  <Msr Val="0.0093749999999999" ValTyp="Other" Col="VALUE" Row="18" ColTyp="Other" RowTyp="Other"/>
  <Msr Val="true" ValTyp="Other" Col="RELATIVE" Row="18" ColTyp="Other" RowTyp="Other"/>
  <Msr Val="-1" ValTyp="Other" Col="TAX_RATE" Row="19" ColTyp="Other" RowTyp="Other"/>
  <Msr Val="2033-05-11" ValTyp="Other" Col="EX_DATE" Row="19" ColTyp="Other" RowTyp="Other"/>
  <Msr Val="2033-05-11" ValTyp="Other" Col="PAYMENT_DATE" Row="19" ColTyp="Other" RowTyp="Other"/>
  <Msr Val="0.0093749999999999" ValTyp="Other" Col="VALUE" Row="19" ColTyp="Other" RowTyp="Other"/>
  <Msr Val="true" ValTyp="Other" Col="RELATIVE" Row="19" ColTyp="Other" RowTyp="Other"/>
  <Msr Val="-1" ValTyp="Other" Col="TAX_RATE" Row="20" ColTyp="Other" RowTyp="Other"/>
  <Msr Val="2034-05-11" ValTyp="Other" Col="EX_DATE" Row="20" ColTyp="Other" RowTyp="Other"/>
  <Msr Val="2034-05-11" ValTyp="Other" Col="PAYMENT_DATE" Row="20" ColTyp="Other" RowTyp="Other"/>
  <Msr Val="0.0093749999999999" ValTyp="Other" Col="VALUE" Row="20" ColTyp="Other" RowTyp="Other"/>
  <Msr Val="true" ValTyp="Other" Col="RELATIVE" Row="20" ColTyp="Other" RowTyp="Other"/>
  <Msr Val="-1" ValTyp="Other" Col="TAX_RATE" Row="21" ColTyp="Other" RowTyp="Other"/>
  <Msr Val="2035-05-11" ValTyp="Other" Col="EX_DATE" Row="21" ColTyp="Other" RowTyp="Other"/>
  <Msr Val="2035-05-11" ValTyp="Other" Col="PAYMENT_DATE" Row="21" ColTyp="Other" RowTyp="Other"/>
  <Msr Val="0.0093749999999998" ValTyp="Other" Col="VALUE" Row="21" ColTyp="Other" RowTyp="Other"/>
  <Msr Val="true" ValTyp="Other" Col="RELATIVE" Row="21" ColTyp="Other" RowTyp="Other"/>
  <Msr Val="-1" ValTyp="Other" Col="TAX_RATE" Row="22" ColTyp="Other" RowTyp="Other"/>
  <Msr Val="2036-05-10" ValTyp="Other" Col="EX_DATE" Row="22" ColTyp="Other" RowTyp="Other"/>
  <Msr Val="2036-05-10" ValTyp="Other" Col="PAYMENT_DATE" Row="22" ColTyp="Other" RowTyp="Other"/>
  <Msr Val="0.009375" ValTyp="Other" Col="VALUE" Row="22" ColTyp="Other" RowTyp="Other"/>
  <Msr Val="true" ValTyp="Other" Col="RELATIVE" Row="22" ColTyp="Other" RowTyp="Other"/>
</Mtrx>

<Mtrx Name="EUR-CBKG.DE">
  <Undly PxStrctTyp="EQ_ORC_PARAMS" IssuDtTm="2018-01-29" LastUpdateTm="2018-01-29"/>
  <Msr Val="EUR-CBKG.DE" ValTyp="Other" Col="NAME_ORC" Row="2021-01-29" ColTyp="Other" RowTyp="Other"/>
  <Msr Val="EUR-CBKG.DE" ValTyp="Other" Col="NAME_MUREX" Row="2021-01-29" ColTyp="Other" RowTyp="Other"/>
  <Msr Val="2021-01-29" ValTyp="Other" Col="EXPIRY" Row="2021-01-29" ColTyp="Other" RowTyp="Other"/>
  <Msr Val="13.75" ValTyp="Other" Col="ATM_FWD" Row="2021-01-29" ColTyp="Other" RowTyp="Other"/>
  <Msr Val="13.75" ValTyp="Other" Col="REF_FWD" Row="2021-01-29" ColTyp="Other" RowTyp="Other"/>
  <Msr Val="0.0103496370436654" ValTyp="Other" Col="CALL_CURV" Row="2021-01-29" ColTyp="Other" RowTyp="Other"/>
  <Msr Val="-0.5108256237659907" ValTyp="Other" Col="DOWN_CUT" Row="2021-01-29" ColTyp="Other" RowTyp="Other"/>
  <Msr Val="3.507575551943848" ValTyp="Other" Col="DOWN_SMOOTH_RT" Row="2021-01-29" ColTyp="Other" RowTyp="Other"/>
  <Msr Val="0.0295356256057745" ValTyp="Other" Col="PUT_CURV" Row="2021-01-29" ColTyp="Other" RowTyp="Other"/>
  <Msr Val="0" ValTyp="Other" Col="SLOPE_CH_RT" Row="2021-01-29" ColTyp="Other" RowTyp="Other"/>
  <Msr Val="-0.0572793473078033" ValTyp="Other" Col="SLOPE_REF" Row="2021-01-29" ColTyp="Other" RowTyp="Other"/>
  <Msr Val="0" ValTyp="Other" Col="SLOPE_SWIMM_RT" Row="2021-01-29" ColTyp="Other" RowTyp="Other"/>
  <Msr Val="0.3364722366212129" ValTyp="Other" Col="UP_CUT" Row="2021-01-29" ColTyp="Other" RowTyp="Other"/>
  <Msr Val="1.0600427171061453" ValTyp="Other" Col="UP_SMOOTH_RT" Row="2021-01-29" ColTyp="Other" RowTyp="Other"/>
  <Msr Val="0" ValTyp="Other" Col="VOL_CH_RT" Row="2021-01-29" ColTyp="Other" RowTyp="Other"/>
  <Msr Val="0.3126198090141131" ValTyp="Other" Col="VOL_REF" Row="2021-01-29" ColTyp="Other" RowTyp="Other"/>
  <Msr Val="_" ValTyp="Other" Col="FEEDCODE" Row="2021-01-29" ColTyp="Other" RowTyp="Other"/>
  <Msr Val="EUR-CBKG.DE" ValTyp="Other" Col="NAME_ORC" Row="2019-01-29" ColTyp="Other" RowTyp="Other"/>
  <Msr Val="EUR-CBKG.DE" ValTyp="Other" Col="NAME_MUREX" Row="2019-01-29" ColTyp="Other" RowTyp="Other"/>
  <Msr Val="2019-01-29" ValTyp="Other" Col="EXPIRY" Row="2019-01-29" ColTyp="Other" RowTyp="Other"/>
  <Msr Val="13.75" ValTyp="Other" Col="ATM_FWD" Row="2019-01-29" ColTyp="Other" RowTyp="Other"/>
  <Msr Val="13.75" ValTyp="Other" Col="REF_FWD" Row="2019-01-29" ColTyp="Other" RowTyp="Other"/>
  <Msr Val="0.1942439576941076" ValTyp="Other" Col="CALL_CURV" Row="2019-01-29" ColTyp="Other" RowTyp="Other"/>
  <Msr Val="-0.5108256237659907" ValTyp="Other" Col="DOWN_CUT" Row="2019-01-29" ColTyp="Other" RowTyp="Other"/>
  <Msr Val="3.507575551943848" ValTyp="Other" Col="DOWN_SMOOTH_RT" Row="2019-01-29" ColTyp="Other" RowTyp="Other"/>
  <Msr Val="0.0854449287546874" ValTyp="Other" Col="PUT_CURV" Row="2019-01-29" ColTyp="Other" RowTyp="Other"/>
  <Msr Val="0" ValTyp="Other" Col="SLOPE_CH_RT" Row="2019-01-29" ColTyp="Other" RowTyp="Other"/>
  <Msr Val="-0.0877307658580065" ValTyp="Other" Col="SLOPE_REF" Row="2019-01-29" ColTyp="Other" RowTyp="Other"/>
  <Msr Val="0" ValTyp="Other" Col="SLOPE_SWIMM_RT" Row="2019-01-29" ColTyp="Other" RowTyp="Other"/>
  <Msr Val="0.3364722366212129" ValTyp="Other" Col="UP_CUT" Row="2019-01-29" ColTyp="Other" RowTyp="Other"/>
  <Msr Val="1.0600427171061453" ValTyp="Other" Col="UP_SMOOTH_RT" Row="2019-01-29" ColTyp="Other" RowTyp="Other"/>
  <Msr Val="0" ValTyp="Other" Col="VOL_CH_RT" Row="2019-01-29" ColTyp="Other" RowTyp="Other"/>
  <Msr Val="0.3054955900063627" ValTyp="Other" Col="VOL_REF" Row="2019-01-29" ColTyp="Other" RowTyp="Other"/>
  <Msr Val="_" ValTyp="Other" Col="FEEDCODE" Row="2019-01-29" ColTyp="Other" RowTyp="Other"/>
  <Msr Val="EUR-CBKG.DE" ValTyp="Other" Col="NAME_ORC" Row="2020-01-29" ColTyp="Other" RowTyp="Other"/>
  <Msr Val="EUR-CBKG.DE" ValTyp="Other" Col="NAME_MUREX" Row="2020-01-29" ColTyp="Other" RowTyp="Other"/>
  <Msr Val="2020-01-29" ValTyp="Other" Col="EXPIRY" Row="2020-01-29" ColTyp="Other" RowTyp="Other"/>
  <Msr Val="13.75" ValTyp="Other" Col="ATM_FWD" Row="2020-01-29" ColTyp="Other" RowTyp="Other"/>
  <Msr Val="13.75" ValTyp="Other" Col="REF_FWD" Row="2020-01-29" ColTyp="Other" RowTyp="Other"/>
  <Msr Val="0.0560958197073435" ValTyp="Other" Col="CALL_CURV" Row="2020-01-29" ColTyp="Other" RowTyp="Other"/>
  <Msr Val="-0.5108256237659907" ValTyp="Other" Col="DOWN_CUT" Row="2020-01-29" ColTyp="Other" RowTyp="Other"/>
  <Msr Val="3.507575551943848" ValTyp="Other" Col="DOWN_SMOOTH_RT" Row="2020-01-29" ColTyp="Other" RowTyp="Other"/>
  <Msr Val="0.0449612250131171" ValTyp="Other" Col="PUT_CURV" Row="2020-01-29" ColTyp="Other" RowTyp="Other"/>
  <Msr Val="0" ValTyp="Other" Col="SLOPE_CH_RT" Row="2020-01-29" ColTyp="Other" RowTyp="Other"/>
  <Msr Val="-0.0701846126864052" ValTyp="Other" Col="SLOPE_REF" Row="2020-01-29" ColTyp="Other" RowTyp="Other"/>
  <Msr Val="0" ValTyp="Other" Col="SLOPE_SWIMM_RT" Row="2020-01-29" ColTyp="Other" RowTyp="Other"/>
  <Msr Val="0.3364722366212129" ValTyp="Other" Col="UP_CUT" Row="2020-01-29" ColTyp="Other" RowTyp="Other"/>
  <Msr Val="1.0600427171061453" ValTyp="Other" Col="UP_SMOOTH_RT" Row="2020-01-29" ColTyp="Other" RowTyp="Other"/>
  <Msr Val="0" ValTyp="Other" Col="VOL_CH_RT" Row="2020-01-29" ColTyp="Other" RowTyp="Other"/>
  <Msr Val="0.3084960849618977" ValTyp="Other" Col="VOL_REF" Row="2020-01-29" ColTyp="Other" RowTyp="Other"/>
  <Msr Val="_" ValTyp="Other" Col="FEEDCODE" Row="2020-01-29" ColTyp="Other" RowTyp="Other"/>
  <Msr Val="EUR-CBKG.DE" ValTyp="Other" Col="NAME_ORC" Row="2022-01-31" ColTyp="Other" RowTyp="Other"/>
  <Msr Val="EUR-CBKG.DE" ValTyp="Other" Col="NAME_MUREX" Row="2022-01-31" ColTyp="Other" RowTyp="Other"/>
  <Msr Val="2022-01-31" ValTyp="Other" Col="EXPIRY" Row="2022-01-31" ColTyp="Other" RowTyp="Other"/>
  <Msr Val="13.75" ValTyp="Other" Col="ATM_FWD" Row="2022-01-31" ColTyp="Other" RowTyp="Other"/>
  <Msr Val="13.75" ValTyp="Other" Col="REF_FWD" Row="2022-01-31" ColTyp="Other" RowTyp="Other"/>
  <Msr Val="0.008957941740138" ValTyp="Other" Col="CALL_CURV" Row="2022-01-31" ColTyp="Other" RowTyp="Other"/>
  <Msr Val="-0.5108256237659907" ValTyp="Other" Col="DOWN_CUT" Row="2022-01-31" ColTyp="Other" RowTyp="Other"/>
  <Msr Val="3.507575551943848" ValTyp="Other" Col="DOWN_SMOOTH_RT" Row="2022-01-31" ColTyp="Other" RowTyp="Other"/>
  <Msr Val="0.0222738111430194" ValTyp="Other" Col="PUT_CURV" Row="2022-01-31" ColTyp="Other" RowTyp="Other"/>
  <Msr Val="0" ValTyp="Other" Col="SLOPE_CH_RT" Row="2022-01-31" ColTyp="Other" RowTyp="Other"/>
  <Msr Val="-0.0495771063208909" ValTyp="Other" Col="SLOPE_REF" Row="2022-01-31" ColTyp="Other" RowTyp="Other"/>
  <Msr Val="0" ValTyp="Other" Col="SLOPE_SWIMM_RT" Row="2022-01-31" ColTyp="Other" RowTyp="Other"/>
  <Msr Val="0.3364722366212129" ValTyp="Other" Col="UP_CUT" Row="2022-01-31" ColTyp="Other" RowTyp="Other"/>
  <Msr Val="1.0600427171061453" ValTyp="Other" Col="UP_SMOOTH_RT" Row="2022-01-31" ColTyp="Other" RowTyp="Other"/>
  <Msr Val="0" ValTyp="Other" Col="VOL_CH_RT" Row="2022-01-31" ColTyp="Other" RowTyp="Other"/>
  <Msr Val="0.3155370314200597" ValTyp="Other" Col="VOL_REF" Row="2022-01-31" ColTyp="Other" RowTyp="Other"/>
  <Msr Val="_" ValTyp="Other" Col="FEEDCODE" Row="2022-01-31" ColTyp="Other" RowTyp="Other"/>
  <Msr Val="EUR-CBKG.DE" ValTyp="Other" Col="NAME_ORC" Row="2023-01-30" ColTyp="Other" RowTyp="Other"/>
  <Msr Val="EUR-CBKG.DE" ValTyp="Other" Col="NAME_MUREX" Row="2023-01-30" ColTyp="Other" RowTyp="Other"/>
  <Msr Val="2023-01-30" ValTyp="Other" Col="EXPIRY" Row="2023-01-30" ColTyp="Other" RowTyp="Other"/>
  <Msr Val="13.75" ValTyp="Other" Col="ATM_FWD" Row="2023-01-30" ColTyp="Other" RowTyp="Other"/>
  <Msr Val="13.75" ValTyp="Other" Col="REF_FWD" Row="2023-01-30" ColTyp="Other" RowTyp="Other"/>
  <Msr Val="0.0080160630226334" ValTyp="Other" Col="CALL_CURV" Row="2023-01-30" ColTyp="Other" RowTyp="Other"/>
  <Msr Val="-0.5108256237659907" ValTyp="Other" Col="DOWN_CUT" Row="2023-01-30" ColTyp="Other" RowTyp="Other"/>
  <Msr Val="3.507575551943848" ValTyp="Other" Col="DOWN_SMOOTH_RT" Row="2023-01-30" ColTyp="Other" RowTyp="Other"/>
  <Msr Val="0.0181301658896841" ValTyp="Other" Col="PUT_CURV" Row="2023-01-30" ColTyp="Other" RowTyp="Other"/>
  <Msr Val="0" ValTyp="Other" Col="SLOPE_CH_RT" Row="2023-01-30" ColTyp="Other" RowTyp="Other"/>
  <Msr Val="-0.0443643439839937" ValTyp="Other" Col="SLOPE_REF" Row="2023-01-30" ColTyp="Other" RowTyp="Other"/>
  <Msr Val="0" ValTyp="Other" Col="SLOPE_SWIMM_RT" Row="2023-01-30" ColTyp="Other" RowTyp="Other"/>
  <Msr Val="0.3364722366212129" ValTyp="Other" Col="UP_CUT" Row="2023-01-30" ColTyp="Other" RowTyp="Other"/>
  <Msr Val="1.0600427171061453" ValTyp="Other" Col="UP_SMOOTH_RT" Row="2023-01-30" ColTyp="Other" RowTyp="Other"/>
  <Msr Val="0" ValTyp="Other" Col="VOL_CH_RT" Row="2023-01-30" ColTyp="Other" RowTyp="Other"/>
  <Msr Val="0.3179748251681464" ValTyp="Other" Col="VOL_REF" Row="2023-01-30" ColTyp="Other" RowTyp="Other"/>
  <Msr Val="_" ValTyp="Other" Col="FEEDCODE" Row="2023-01-30" ColTyp="Other" RowTyp="Other"/>
  <Msr Val="EUR-CBKG.DE" ValTyp="Other" Col="NAME_ORC" Row="2028-01-31" ColTyp="Other" RowTyp="Other"/>
  <Msr Val="EUR-CBKG.DE" ValTyp="Other" Col="NAME_MUREX" Row="2028-01-31" ColTyp="Other" RowTyp="Other"/>
  <Msr Val="2028-01-31" ValTyp="Other" Col="EXPIRY" Row="2028-01-31" ColTyp="Other" RowTyp="Other"/>
  <Msr Val="13.75" ValTyp="Other" Col="ATM_FWD" Row="2028-01-31" ColTyp="Other" RowTyp="Other"/>
  <Msr Val="13.75" ValTyp="Other" Col="REF_FWD" Row="2028-01-31" ColTyp="Other" RowTyp="Other"/>
  <Msr Val="0.0056682125217228" ValTyp="Other" Col="CALL_CURV" Row="2028-01-31" ColTyp="Other" RowTyp="Other"/>
  <Msr Val="-0.5108256237659907" ValTyp="Other" Col="DOWN_CUT" Row="2028-01-31" ColTyp="Other" RowTyp="Other"/>
  <Msr Val="3.507575551943848" ValTyp="Other" Col="DOWN_SMOOTH_RT" Row="2028-01-31" ColTyp="Other" RowTyp="Other"/>
  <Msr Val="0.0099531005136605" ValTyp="Other" Col="PUT_CURV" Row="2028-01-31" ColTyp="Other" RowTyp="Other"/>
  <Msr Val="0" ValTyp="Other" Col="SLOPE_CH_RT" Row="2028-01-31" ColTyp="Other" RowTyp="Other"/>
  <Msr Val="-0.0313703284739745" ValTyp="Other" Col="SLOPE_REF" Row="2028-01-31" ColTyp="Other" RowTyp="Other"/>
  <Msr Val="0" ValTyp="Other" Col="SLOPE_SWIMM_RT" Row="2028-01-31" ColTyp="Other" RowTyp="Other"/>
  <Msr Val="0.3364722366212129" ValTyp="Other" Col="UP_CUT" Row="2028-01-31" ColTyp="Other" RowTyp="Other"/>
  <Msr Val="1.0600427171061453" ValTyp="Other" Col="UP_SMOOTH_RT" Row="2028-01-31" ColTyp="Other" RowTyp="Other"/>
  <Msr Val="0" ValTyp="Other" Col="VOL_CH_RT" Row="2028-01-31" ColTyp="Other" RowTyp="Other"/>
  <Msr Val="0.3274361115473399" ValTyp="Other" Col="VOL_REF" Row="2028-01-31" ColTyp="Other" RowTyp="Other"/>
  <Msr Val="_" ValTyp="Other" Col="FEEDCODE" Row="2028-01-31" ColTyp="Other" RowTyp="Other"/>
  <Msr Val="EUR-CBKG.DE" ValTyp="Other" Col="NAME_ORC" Row="2018-10-29" ColTyp="Other" RowTyp="Other"/>
  <Msr Val="EUR-CBKG.DE" ValTyp="Other" Col="NAME_MUREX" Row="2018-10-29" ColTyp="Other" RowTyp="Other"/>
  <Msr Val="2018-10-29" ValTyp="Other" Col="EXPIRY" Row="2018-10-29" ColTyp="Other" RowTyp="Other"/>
  <Msr Val="13.75" ValTyp="Other" Col="ATM_FWD" Row="2018-10-29" ColTyp="Other" RowTyp="Other"/>
  <Msr Val="13.75" ValTyp="Other" Col="REF_FWD" Row="2018-10-29" ColTyp="Other" RowTyp="Other"/>
  <Msr Val="0.2513017498144991" ValTyp="Other" Col="CALL_CURV" Row="2018-10-29" ColTyp="Other" RowTyp="Other"/>
  <Msr Val="-0.5108256237659907" ValTyp="Other" Col="DOWN_CUT" Row="2018-10-29" ColTyp="Other" RowTyp="Other"/>
  <Msr Val="3.507575551943848" ValTyp="Other" Col="DOWN_SMOOTH_RT" Row="2018-10-29" ColTyp="Other" RowTyp="Other"/>
  <Msr Val="0.1120184910727112" ValTyp="Other" Col="PUT_CURV" Row="2018-10-29" ColTyp="Other" RowTyp="Other"/>
  <Msr Val="0" ValTyp="Other" Col="SLOPE_CH_RT" Row="2018-10-29" ColTyp="Other" RowTyp="Other"/>
  <Msr Val="-0.0935794835818736" ValTyp="Other" Col="SLOPE_REF" Row="2018-10-29" ColTyp="Other" RowTyp="Other"/>
  <Msr Val="0" ValTyp="Other" Col="SLOPE_SWIMM_RT" Row="2018-10-29" ColTyp="Other" RowTyp="Other"/>
  <Msr Val="0.3364722366212129" ValTyp="Other" Col="UP_CUT" Row="2018-10-29" ColTyp="Other" RowTyp="Other"/>
  <Msr Val="1.0600427171061453" ValTyp="Other" Col="UP_SMOOTH_RT" Row="2018-10-29" ColTyp="Other" RowTyp="Other"/>
  <Msr Val="0" ValTyp="Other" Col="VOL_CH_RT" Row="2018-10-29" ColTyp="Other" RowTyp="Other"/>
  <Msr Val="0.3039207108573951" ValTyp="Other" Col="VOL_REF" Row="2018-10-29" ColTyp="Other" RowTyp="Other"/>
  <Msr Val="_" ValTyp="Other" Col="FEEDCODE" Row="2018-10-29" ColTyp="Other" RowTyp="Other"/>
  <Msr Val="EUR-CBKG.DE" ValTyp="Other" Col="NAME_ORC" Row="2018-03-29" ColTyp="Other" RowTyp="Other"/>
  <Msr Val="EUR-CBKG.DE" ValTyp="Other" Col="NAME_MUREX" Row="2018-03-29" ColTyp="Other" RowTyp="Other"/>
  <Msr Val="2018-03-29" ValTyp="Other" Col="EXPIRY" Row="2018-03-29" ColTyp="Other" RowTyp="Other"/>
  <Msr Val="13.75" ValTyp="Other" Col="ATM_FWD" Row="2018-03-29" ColTyp="Other" RowTyp="Other"/>
  <Msr Val="13.75" ValTyp="Other" Col="REF_FWD" Row="2018-03-29" ColTyp="Other" RowTyp="Other"/>
  <Msr Val="0.9558928707340583" ValTyp="Other" Col="CALL_CURV" Row="2018-03-29" ColTyp="Other" RowTyp="Other"/>
  <Msr Val="-0.5108256237659907" ValTyp="Other" Col="DOWN_CUT" Row="2018-03-29" ColTyp="Other" RowTyp="Other"/>
  <Msr Val="3.507575551943848" ValTyp="Other" Col="DOWN_SMOOTH_RT" Row="2018-03-29" ColTyp="Other" RowTyp="Other"/>
  <Msr Val="0.4457898969280027" ValTyp="Other" Col="PUT_CURV" Row="2018-03-29" ColTyp="Other" RowTyp="Other"/>
  <Msr Val="0" ValTyp="Other" Col="SLOPE_CH_RT" Row="2018-03-29" ColTyp="Other" RowTyp="Other"/>
  <Msr Val="-0.1559658059697894" ValTyp="Other" Col="SLOPE_REF" Row="2018-03-29" ColTyp="Other" RowTyp="Other"/>
  <Msr Val="0" ValTyp="Other" Col="SLOPE_SWIMM_RT" Row="2018-03-29" ColTyp="Other" RowTyp="Other"/>
  <Msr Val="0.3364722366212129" ValTyp="Other" Col="UP_CUT" Row="2018-03-29" ColTyp="Other" RowTyp="Other"/>
  <Msr Val="1.0600427171061453" ValTyp="Other" Col="UP_SMOOTH_RT" Row="2018-03-29" ColTyp="Other" RowTyp="Other"/>
  <Msr Val="0" ValTyp="Other" Col="VOL_CH_RT" Row="2018-03-29" ColTyp="Other" RowTyp="Other"/>
  <Msr Val="0.2996985814471937" ValTyp="Other" Col="VOL_REF" Row="2018-03-29" ColTyp="Other" RowTyp="Other"/>
  <Msr Val="_" ValTyp="Other" Col="FEEDCODE" Row="2018-03-29" ColTyp="Other" RowTyp="Other"/>
  <Msr Val="EUR-CBKG.DE" ValTyp="Other" Col="NAME_ORC" Row="2018-02-28" ColTyp="Other" RowTyp="Other"/>
  <Msr Val="EUR-CBKG.DE" ValTyp="Other" Col="NAME_MUREX" Row="2018-02-28" ColTyp="Other" RowTyp="Other"/>
  <Msr Val="2018-02-28" ValTyp="Other" Col="EXPIRY" Row="2018-02-28" ColTyp="Other" RowTyp="Other"/>
  <Msr Val="13.75" ValTyp="Other" Col="ATM_FWD" Row="2018-02-28" ColTyp="Other" RowTyp="Other"/>
  <Msr Val="13.75" ValTyp="Other" Col="REF_FWD" Row="2018-02-28" ColTyp="Other" RowTyp="Other"/>
  <Msr Val="1.4306642342481215" ValTyp="Other" Col="CALL_CURV" Row="2018-02-28" ColTyp="Other" RowTyp="Other"/>
  <Msr Val="-0.5108256237659907" ValTyp="Other" Col="DOWN_CUT" Row="2018-02-28" ColTyp="Other" RowTyp="Other"/>
  <Msr Val="3.507575551943848" ValTyp="Other" Col="DOWN_SMOOTH_RT" Row="2018-02-28" ColTyp="Other" RowTyp="Other"/>
  <Msr Val="0.7435187747599067" ValTyp="Other" Col="PUT_CURV" Row="2018-02-28" ColTyp="Other" RowTyp="Other"/>
  <Msr Val="0" ValTyp="Other" Col="SLOPE_CH_RT" Row="2018-02-28" ColTyp="Other" RowTyp="Other"/>
  <Msr Val="-0.1657136688429012" ValTyp="Other" Col="SLOPE_REF" Row="2018-02-28" ColTyp="Other" RowTyp="Other"/>
  <Msr Val="0" ValTyp="Other" Col="SLOPE_SWIMM_RT" Row="2018-02-28" ColTyp="Other" RowTyp="Other"/>
  <Msr Val="0.3364722366212129" ValTyp="Other" Col="UP_CUT" Row="2018-02-28" ColTyp="Other" RowTyp="Other"/>
  <Msr Val="1.0600427171061453" ValTyp="Other" Col="UP_SMOOTH_RT" Row="2018-02-28" ColTyp="Other" RowTyp="Other"/>
  <Msr Val="0" ValTyp="Other" Col="VOL_CH_RT" Row="2018-02-28" ColTyp="Other" RowTyp="Other"/>
  <Msr Val="0.3126748753647021" ValTyp="Other" Col="VOL_REF" Row="2018-02-28" ColTyp="Other" RowTyp="Other"/>
  <Msr Val="_" ValTyp="Other" Col="FEEDCODE" Row="2018-02-28" ColTyp="Other" RowTyp="Other"/>
  <Msr Val="EUR-CBKG.DE" ValTyp="Other" Col="NAME_ORC" Row="2018-07-30" ColTyp="Other" RowTyp="Other"/>
  <Msr Val="EUR-CBKG.DE" ValTyp="Other" Col="NAME_MUREX" Row="2018-07-30" ColTyp="Other" RowTyp="Other"/>
  <Msr Val="2018-07-30" ValTyp="Other" Col="EXPIRY" Row="2018-07-30" ColTyp="Other" RowTyp="Other"/>
  <Msr Val="13.75" ValTyp="Other" Col="ATM_FWD" Row="2018-07-30" ColTyp="Other" RowTyp="Other"/>
  <Msr Val="13.75" ValTyp="Other" Col="REF_FWD" Row="2018-07-30" ColTyp="Other" RowTyp="Other"/>
  <Msr Val="0.3915035173387529" ValTyp="Other" Col="CALL_CURV" Row="2018-07-30" ColTyp="Other" RowTyp="Other"/>
  <Msr Val="-0.5108256237659907" ValTyp="Other" Col="DOWN_CUT" Row="2018-07-30" ColTyp="Other" RowTyp="Other"/>
  <Msr Val="3.507575551943848" ValTyp="Other" Col="DOWN_SMOOTH_RT" Row="2018-07-30" ColTyp="Other" RowTyp="Other"/>
  <Msr Val="0.1846964326478665" ValTyp="Other" Col="PUT_CURV" Row="2018-07-30" ColTyp="Other" RowTyp="Other"/>
  <Msr Val="0" ValTyp="Other" Col="SLOPE_CH_RT" Row="2018-07-30" ColTyp="Other" RowTyp="Other"/>
  <Msr Val="-0.0994282013057407" ValTyp="Other" Col="SLOPE_REF" Row="2018-07-30" ColTyp="Other" RowTyp="Other"/>
  <Msr Val="0" ValTyp="Other" Col="SLOPE_SWIMM_RT" Row="2018-07-30" ColTyp="Other" RowTyp="Other"/>
  <Msr Val="0.3364722366212129" ValTyp="Other" Col="UP_CUT" Row="2018-07-30" ColTyp="Other" RowTyp="Other"/>
  <Msr Val="1.0600427171061453" ValTyp="Other" Col="UP_SMOOTH_RT" Row="2018-07-30" ColTyp="Other" RowTyp="Other"/>
  <Msr Val="0" ValTyp="Other" Col="VOL_CH_RT" Row="2018-07-30" ColTyp="Other" RowTyp="Other"/>
  <Msr Val="0.3009231635480887" ValTyp="Other" Col="VOL_REF" Row="2018-07-30" ColTyp="Other" RowTyp="Other"/>
  <Msr Val="_" ValTyp="Other" Col="FEEDCODE" Row="2018-07-30" ColTyp="Other" RowTyp="Other"/>
  <Msr Val="EUR-CBKG.DE" ValTyp="Other" Col="NAME_ORC" Row="2027-01-29" ColTyp="Other" RowTyp="Other"/>
  <Msr Val="EUR-CBKG.DE" ValTyp="Other" Col="NAME_MUREX" Row="2027-01-29" ColTyp="Other" RowTyp="Other"/>
  <Msr Val="2027-01-29" ValTyp="Other" Col="EXPIRY" Row="2027-01-29" ColTyp="Other" RowTyp="Other"/>
  <Msr Val="13.75" ValTyp="Other" Col="ATM_FWD" Row="2027-01-29" ColTyp="Other" RowTyp="Other"/>
  <Msr Val="13.75" ValTyp="Other" Col="REF_FWD" Row="2027-01-29" ColTyp="Other" RowTyp="Other"/>
  <Msr Val="0.0059762746031679" ValTyp="Other" Col="CALL_CURV" Row="2027-01-29" ColTyp="Other" RowTyp="Other"/>
  <Msr Val="-0.5108256237659907" ValTyp="Other" Col="DOWN_CUT" Row="2027-01-29" ColTyp="Other" RowTyp="Other"/>
  <Msr Val="3.507575551943848" ValTyp="Other" Col="DOWN_SMOOTH_RT" Row="2027-01-29" ColTyp="Other" RowTyp="Other"/>
  <Msr Val="0.010494042274281" ValTyp="Other" Col="PUT_CURV" Row="2027-01-29" ColTyp="Other" RowTyp="Other"/>
  <Msr Val="0" ValTyp="Other" Col="SLOPE_CH_RT" Row="2027-01-29" ColTyp="Other" RowTyp="Other"/>
  <Msr Val="-0.0330752766650093" ValTyp="Other" Col="SLOPE_REF" Row="2027-01-29" ColTyp="Other" RowTyp="Other"/>
  <Msr Val="0" ValTyp="Other" Col="SLOPE_SWIMM_RT" Row="2027-01-29" ColTyp="Other" RowTyp="Other"/>
  <Msr Val="0.3364722366212129" ValTyp="Other" Col="UP_CUT" Row="2027-01-29" ColTyp="Other" RowTyp="Other"/>
  <Msr Val="1.0600427171061453" ValTyp="Other" Col="UP_SMOOTH_RT" Row="2027-01-29" ColTyp="Other" RowTyp="Other"/>
  <Msr Val="0" ValTyp="Other" Col="VOL_CH_RT" Row="2027-01-29" ColTyp="Other" RowTyp="Other"/>
  <Msr Val="0.3260626925693367" ValTyp="Other" Col="VOL_REF" Row="2027-01-29" ColTyp="Other" RowTyp="Other"/>
  <Msr Val="_" ValTyp="Other" Col="FEEDCODE" Row="2027-01-29" ColTyp="Other" RowTyp="Other"/>
  <Msr Val="EUR-CBKG.DE" ValTyp="Other" Col="NAME_ORC" Row="2026-01-29" ColTyp="Other" RowTyp="Other"/>
  <Msr Val="EUR-CBKG.DE" ValTyp="Other" Col="NAME_MUREX" Row="2026-01-29" ColTyp="Other" RowTyp="Other"/>
  <Msr Val="2026-01-29" ValTyp="Other" Col="EXPIRY" Row="2026-01-29" ColTyp="Other" RowTyp="Other"/>
  <Msr Val="13.75" ValTyp="Other" Col="ATM_FWD" Row="2026-01-29" ColTyp="Other" RowTyp="Other"/>
  <Msr Val="13.75" ValTyp="Other" Col="REF_FWD" Row="2026-01-29" ColTyp="Other" RowTyp="Other"/>
  <Msr Val="0.0063385554054104" ValTyp="Other" Col="CALL_CURV" Row="2026-01-29" ColTyp="Other" RowTyp="Other"/>
  <Msr Val="-0.5108256237659907" ValTyp="Other" Col="DOWN_CUT" Row="2026-01-29" ColTyp="Other" RowTyp="Other"/>
  <Msr Val="3.507575551943848" ValTyp="Other" Col="DOWN_SMOOTH_RT" Row="2026-01-29" ColTyp="Other" RowTyp="Other"/>
  <Msr Val="0.0111301894238576" ValTyp="Other" Col="PUT_CURV" Row="2026-01-29" ColTyp="Other" RowTyp="Other"/>
  <Msr Val="0" ValTyp="Other" Col="SLOPE_CH_RT" Row="2026-01-29" ColTyp="Other" RowTyp="Other"/>
  <Msr Val="-0.0350802946001353" ValTyp="Other" Col="SLOPE_REF" Row="2026-01-29" ColTyp="Other" RowTyp="Other"/>
  <Msr Val="0" ValTyp="Other" Col="SLOPE_SWIMM_RT" Row="2026-01-29" ColTyp="Other" RowTyp="Other"/>
  <Msr Val="0.3364722366212129" ValTyp="Other" Col="UP_CUT" Row="2026-01-29" ColTyp="Other" RowTyp="Other"/>
  <Msr Val="1.0600427171061453" ValTyp="Other" Col="UP_SMOOTH_RT" Row="2026-01-29" ColTyp="Other" RowTyp="Other"/>
  <Msr Val="0" ValTyp="Other" Col="VOL_CH_RT" Row="2026-01-29" ColTyp="Other" RowTyp="Other"/>
  <Msr Val="0.324427366225913" ValTyp="Other" Col="VOL_REF" Row="2026-01-29" ColTyp="Other" RowTyp="Other"/>
  <Msr Val="_" ValTyp="Other" Col="FEEDCODE" Row="2026-01-29" ColTyp="Other" RowTyp="Other"/>
  <Msr Val="EUR-CBKG.DE" ValTyp="Other" Col="NAME_ORC" Row="2024-01-29" ColTyp="Other" RowTyp="Other"/>
  <Msr Val="EUR-CBKG.DE" ValTyp="Other" Col="NAME_MUREX" Row="2024-01-29" ColTyp="Other" RowTyp="Other"/>
  <Msr Val="2024-01-29" ValTyp="Other" Col="EXPIRY" Row="2024-01-29" ColTyp="Other" RowTyp="Other"/>
  <Msr Val="13.75" ValTyp="Other" Col="ATM_FWD" Row="2024-01-29" ColTyp="Other" RowTyp="Other"/>
  <Msr Val="13.75" ValTyp="Other" Col="REF_FWD" Row="2024-01-29" ColTyp="Other" RowTyp="Other"/>
  <Msr Val="0.0073199684276974" ValTyp="Other" Col="CALL_CURV" Row="2024-01-29" ColTyp="Other" RowTyp="Other"/>
  <Msr Val="-0.5108256237659907" ValTyp="Other" Col="DOWN_CUT" Row="2024-01-29" ColTyp="Other" RowTyp="Other"/>
  <Msr Val="3.507575551943848" ValTyp="Other" Col="DOWN_SMOOTH_RT" Row="2024-01-29" ColTyp="Other" RowTyp="Other"/>
  <Msr Val="0.0155039082120016" ValTyp="Other" Col="PUT_CURV" Row="2024-01-29" ColTyp="Other" RowTyp="Other"/>
  <Msr Val="0" ValTyp="Other" Col="SLOPE_CH_RT" Row="2024-01-29" ColTyp="Other" RowTyp="Other"/>
  <Msr Val="-0.0405118568007042" ValTyp="Other" Col="SLOPE_REF" Row="2024-01-29" ColTyp="Other" RowTyp="Other"/>
  <Msr Val="0" ValTyp="Other" Col="SLOPE_SWIMM_RT" Row="2024-01-29" ColTyp="Other" RowTyp="Other"/>
  <Msr Val="0.3364722366212129" ValTyp="Other" Col="UP_CUT" Row="2024-01-29" ColTyp="Other" RowTyp="Other"/>
  <Msr Val="1.0600427171061453" ValTyp="Other" Col="UP_SMOOTH_RT" Row="2024-01-29" ColTyp="Other" RowTyp="Other"/>
  <Msr Val="0" ValTyp="Other" Col="VOL_CH_RT" Row="2024-01-29" ColTyp="Other" RowTyp="Other"/>
  <Msr Val="0.320211035803813" ValTyp="Other" Col="VOL_REF" Row="2024-01-29" ColTyp="Other" RowTyp="Other"/>
  <Msr Val="_" ValTyp="Other" Col="FEEDCODE" Row="2024-01-29" ColTyp="Other" RowTyp="Other"/>
  <Msr Val="EUR-CBKG.DE" ValTyp="Other" Col="NAME_ORC" Row="2025-01-29" ColTyp="Other" RowTyp="Other"/>
  <Msr Val="EUR-CBKG.DE" ValTyp="Other" Col="NAME_MUREX" Row="2025-01-29" ColTyp="Other" RowTyp="Other"/>
  <Msr Val="2025-01-29" ValTyp="Other" Col="EXPIRY" Row="2025-01-29" ColTyp="Other" RowTyp="Other"/>
  <Msr Val="13.75" ValTyp="Other" Col="ATM_FWD" Row="2025-01-29" ColTyp="Other" RowTyp="Other"/>
  <Msr Val="13.75" ValTyp="Other" Col="REF_FWD" Row="2025-01-29" ColTyp="Other" RowTyp="Other"/>
  <Msr Val="0.0067758694928557" ValTyp="Other" Col="CALL_CURV" Row="2025-01-29" ColTyp="Other" RowTyp="Other"/>
  <Msr Val="-0.5108256237659907" ValTyp="Other" Col="DOWN_CUT" Row="2025-01-29" ColTyp="Other" RowTyp="Other"/>
  <Msr Val="3.507575551943848" ValTyp="Other" Col="DOWN_SMOOTH_RT" Row="2025-01-29" ColTyp="Other" RowTyp="Other"/>
  <Msr Val="0.0125740569722941" ValTyp="Other" Col="PUT_CURV" Row="2025-01-29" ColTyp="Other" RowTyp="Other"/>
  <Msr Val="0" ValTyp="Other" Col="SLOPE_CH_RT" Row="2025-01-29" ColTyp="Other" RowTyp="Other"/>
  <Msr Val="-0.0375005790402263" ValTyp="Other" Col="SLOPE_REF" Row="2025-01-29" ColTyp="Other" RowTyp="Other"/>
  <Msr Val="0" ValTyp="Other" Col="SLOPE_SWIMM_RT" Row="2025-01-29" ColTyp="Other" RowTyp="Other"/>
  <Msr Val="0.3364722366212129" ValTyp="Other" Col="UP_CUT" Row="2025-01-29" ColTyp="Other" RowTyp="Other"/>
  <Msr Val="1.0600427171061453" ValTyp="Other" Col="UP_SMOOTH_RT" Row="2025-01-29" ColTyp="Other" RowTyp="Other"/>
  <Msr Val="0" ValTyp="Other" Col="VOL_CH_RT" Row="2025-01-29" ColTyp="Other" RowTyp="Other"/>
  <Msr Val="0.3223440360148961" ValTyp="Other" Col="VOL_REF" Row="2025-01-29" ColTyp="Other" RowTyp="Other"/>
  <Msr Val="_" ValTyp="Other" Col="FEEDCODE" Row="2025-01-29" ColTyp="Other" RowTyp="Other"/>
  <Msr Val="EUR-CBKG.DE" ValTyp="Other" Col="NAME_ORC" Row="2018-04-30" ColTyp="Other" RowTyp="Other"/>
  <Msr Val="EUR-CBKG.DE" ValTyp="Other" Col="NAME_MUREX" Row="2018-04-30" ColTyp="Other" RowTyp="Other"/>
  <Msr Val="2018-04-30" ValTyp="Other" Col="EXPIRY" Row="2018-04-30" ColTyp="Other" RowTyp="Other"/>
  <Msr Val="13.75" ValTyp="Other" Col="ATM_FWD" Row="2018-04-30" ColTyp="Other" RowTyp="Other"/>
  <Msr Val="13.75" ValTyp="Other" Col="REF_FWD" Row="2018-04-30" ColTyp="Other" RowTyp="Other"/>
  <Msr Val="0.7235590601423421" ValTyp="Other" Col="CALL_CURV" Row="2018-04-30" ColTyp="Other" RowTyp="Other"/>
  <Msr Val="-0.5108256237659907" ValTyp="Other" Col="DOWN_CUT" Row="2018-04-30" ColTyp="Other" RowTyp="Other"/>
  <Msr Val="3.507575551943848" ValTyp="Other" Col="DOWN_SMOOTH_RT" Row="2018-04-30" ColTyp="Other" RowTyp="Other"/>
  <Msr Val="0.3545211077976275" ValTyp="Other" Col="PUT_CURV" Row="2018-04-30" ColTyp="Other" RowTyp="Other"/>
  <Msr Val="0" ValTyp="Other" Col="SLOPE_CH_RT" Row="2018-04-30" ColTyp="Other" RowTyp="Other"/>
  <Msr Val="-0.1306213624996986" ValTyp="Other" Col="SLOPE_REF" Row="2018-04-30" ColTyp="Other" RowTyp="Other"/>
  <Msr Val="0" ValTyp="Other" Col="SLOPE_SWIMM_RT" Row="2018-04-30" ColTyp="Other" RowTyp="Other"/>
  <Msr Val="0.3364722366212129" ValTyp="Other" Col="UP_CUT" Row="2018-04-30" ColTyp="Other" RowTyp="Other"/>
  <Msr Val="1.0600427171061453" ValTyp="Other" Col="UP_SMOOTH_RT" Row="2018-04-30" ColTyp="Other" RowTyp="Other"/>
  <Msr Val="0" ValTyp="Other" Col="VOL_CH_RT" Row="2018-04-30" ColTyp="Other" RowTyp="Other"/>
  <Msr Val="0.2931719194500931" ValTyp="Other" Col="VOL_REF" Row="2018-04-30" ColTyp="Other" RowTyp="Other"/>
  <Msr Val="_" ValTyp="Other" Col="FEEDCODE" Row="2018-04-30" ColTyp="Other" RowTyp="Other"/>
</Mtrx>

  <Mtrx Name="EUR-CBKG.DE">
                    
    <Msr Col="VOL" ColTyp="Other" Row="2018-02-16" RowTyp="Other" Val="0.3201075728189382" ValTyp="Other"/>
                    
    <Msr Col="STRIKE" ColTyp="Other" Row="2018-02-16" RowTyp="Other" Val="13.75" ValTyp="Other"/>
                    
    <Msr Col="VOL" ColTyp="Other" Row="2018-04-20" RowTyp="Other" Val="0.2907587374565067" ValTyp="Other"/>
                    
    <Msr Col="STRIKE" ColTyp="Other" Row="2018-04-20" RowTyp="Other" Val="13.75" ValTyp="Other"/>
                    
    <Msr Col="VOL" ColTyp="Other" Row="2023-12-15" RowTyp="Other" Val="0.3199077010883449" ValTyp="Other"/>
                    
    <Msr Col="STRIKE" ColTyp="Other" Row="2023-12-15" RowTyp="Other" Val="13.75" ValTyp="Other"/>
                    
    <Msr Col="VOL" ColTyp="Other" Row="2022-12-16" RowTyp="Other" Val="0.3176452982539261" ValTyp="Other"/>
                    
    <Msr Col="STRIKE" ColTyp="Other" Row="2022-12-16" RowTyp="Other" Val="13.75" ValTyp="Other"/>
                    
    <Msr Col="VOL" ColTyp="Other" Row="2021-12-17" RowTyp="Other" Val="0.3151618117231277" ValTyp="Other"/>
                    
    <Msr Col="STRIKE" ColTyp="Other" Row="2021-12-17" RowTyp="Other" Val="13.75" ValTyp="Other"/>
                    
    <Msr Col="VOL" ColTyp="Other" Row="2020-12-18" RowTyp="Other" Val="0.312171602056479" ValTyp="Other"/>
                    
    <Msr Col="STRIKE" ColTyp="Other" Row="2020-12-18" RowTyp="Other" Val="13.75" ValTyp="Other"/>
                    
    <Msr Col="VOL" ColTyp="Other" Row="2026-12-18" RowTyp="Other" Val="0.3258852850730078" ValTyp="Other"/>
                    
    <Msr Col="STRIKE" ColTyp="Other" Row="2026-12-18" RowTyp="Other" Val="13.75" ValTyp="Other"/>
                    
    <Msr Col="VOL" ColTyp="Other" Row="2025-12-19" RowTyp="Other" Val="0.3242183881382573" ValTyp="Other"/>
                    
    <Msr Col="STRIKE" ColTyp="Other" Row="2025-12-19" RowTyp="Other" Val="13.75" ValTyp="Other"/>
                    
    <Msr Col="VOL" ColTyp="Other" Row="2018-06-15" RowTyp="Other" Val="0.2996367786239167" ValTyp="Other"/>
                    
    <Msr Col="STRIKE" ColTyp="Other" Row="2018-06-15" RowTyp="Other" Val="13.75" ValTyp="Other"/>
                    
    <Msr Col="VOL" ColTyp="Other" Row="2024-12-20" RowTyp="Other" Val="0.322078290410731" ValTyp="Other"/>
                    
    <Msr Col="STRIKE" ColTyp="Other" Row="2024-12-20" RowTyp="Other" Val="13.75" ValTyp="Other"/>
                    
    <Msr Col="VOL" ColTyp="Other" Row="2019-06-21" RowTyp="Other" Val="0.3047529926925717" ValTyp="Other"/>
                    
    <Msr Col="STRIKE" ColTyp="Other" Row="2019-06-21" RowTyp="Other" Val="13.75" ValTyp="Other"/>
                    
    <Msr Col="VOL" ColTyp="Other" Row="2018-03-16" RowTyp="Other" Val="0.3087259176201468" ValTyp="Other"/>
                    
    <Msr Col="STRIKE" ColTyp="Other" Row="2018-03-16" RowTyp="Other" Val="13.75" ValTyp="Other"/>
                    
    <Msr Col="VOL" ColTyp="Other" Row="2018-12-21" RowTyp="Other" Val="0.30603485885703" ValTyp="Other"/>
                    
    <Msr Col="STRIKE" ColTyp="Other" Row="2018-12-21" RowTyp="Other" Val="13.75" ValTyp="Other"/>
                    
    <Msr Col="VOL" ColTyp="Other" Row="2019-12-20" RowTyp="Other" Val="0.3077980196289418" ValTyp="Other"/>
                    
    <Msr Col="STRIKE" ColTyp="Other" Row="2019-12-20" RowTyp="Other" Val="13.75" ValTyp="Other"/>
                    
    <Msr Col="VOL" ColTyp="Other" Row="2019-03-15" RowTyp="Other" Val="0.305" ValTyp="Other"/>
                    
    <Msr Col="STRIKE" ColTyp="Other" Row="2019-03-15" RowTyp="Other" Val="13.75" ValTyp="Other"/>
                    
    <Msr Col="VOL" ColTyp="Other" Row="2028-12-15" RowTyp="Other" Val="0.3284202243479316" ValTyp="Other"/>
                    
    <Msr Col="STRIKE" ColTyp="Other" Row="2028-12-15" RowTyp="Other" Val="13.75" ValTyp="Other"/>
                    
    <Msr Col="VOL" ColTyp="Other" Row="2018-09-21" RowTyp="Other" Val="0.3018032455559497" ValTyp="Other"/>
                    
    <Msr Col="STRIKE" ColTyp="Other" Row="2018-09-21" RowTyp="Other" Val="13.75" ValTyp="Other"/>
             
    <Undly PxStrctTyp="EQ_ATM_VOL" IssuDtTm="2018-01-29" LastUpdateTm="--"/>
  </Mtrx>
<Pnt Name="EUR-CBKG.DE">
  <Undly PxStrctTyp="EQ_SPOT" IssuDtTm="2018-01-29" LastUpdateTm="2018-01-29"/>
  <Msr Val="13.65" ValTyp="Other" MktDataTyp="MID"/>
</Pnt>

<Pnt Name="EUR-CBKG.DE">
  <Undly PxStrctTyp="EQ_LIQUIDITY" IssuDtTm="2018-01-29" LastUpdateTm="2018-01-29"/>
  <Msr Val="85000000" ValTyp="Other" MktDataTyp="MID"/>
</Pnt>


</Mkt>
