
<Mkt>
<Curve Name="GBP :Std">
  <Undly PxStrctTyp="IR_ZERO_CURVE" IssuDtTm="2018-01-29" LastUpdateTm="2018-01-29"/>
  <Msr Val="1" ValTyp="Other" Row="2018-01-29" RowTyp="Other"/>
  <Msr Val="0.9999870587976138" ValTyp="Other" Row="2018-01-30" RowTyp="Other"/>
  <Msr Val="0.9996138478012603" ValTyp="Other" Row="2018-02-28" RowTyp="Other"/>
  <Msr Val="0.9988146669557847" ValTyp="Other" Row="2018-04-30" RowTyp="Other"/>
  <Msr Val="0.9973741461384296" ValTyp="Other" Row="2018-07-30" RowTyp="Other"/>
  <Msr Val="0.9956806554797625" ValTyp="Other" Row="2018-10-29" RowTyp="Other"/>
  <Msr Val="0.993680193966374" ValTyp="Other" Row="2019-01-29" RowTyp="Other"/>
  <Msr Val="0.9915700848591468" ValTyp="Other" Row="2019-04-29" RowTyp="Other"/>
  <Msr Val="0.9892568006383179" ValTyp="Other" Row="2019-07-29" RowTyp="Other"/>
  <Msr Val="0.9867714468127963" ValTyp="Other" Row="2019-10-29" RowTyp="Other"/>
  <Msr Val="0.9840986580299496" ValTyp="Other" Row="2020-01-29" RowTyp="Other"/>
  <Msr Val="0.9723324956981718" ValTyp="Other" Row="2021-01-29" RowTyp="Other"/>
  <Msr Val="0.9596091057203868" ValTyp="Other" Row="2022-01-31" RowTyp="Other"/>
  <Msr Val="0.9466188862385683" ValTyp="Other" Row="2023-01-30" RowTyp="Other"/>
  <Msr Val="0.9337299141750708" ValTyp="Other" Row="2024-01-29" RowTyp="Other"/>
  <Msr Val="0.9207498766411599" ValTyp="Other" Row="2025-01-29" RowTyp="Other"/>
  <Msr Val="0.9076006014637228" ValTyp="Other" Row="2026-01-29" RowTyp="Other"/>
  <Msr Val="0.8942915664267167" ValTyp="Other" Row="2027-01-29" RowTyp="Other"/>
  <Msr Val="0.8804838945562083" ValTyp="Other" Row="2028-01-31" RowTyp="Other"/>
  <Msr Val="0.8525486642035615" ValTyp="Other" Row="2030-01-29" RowTyp="Other"/>
  <Msr Val="0.8121417448511103" ValTyp="Other" Row="2033-01-31" RowTyp="Other"/>
  <Msr Val="0.751665228248644" ValTyp="Other" Row="2038-01-29" RowTyp="Other"/>
  <Msr Val="0.70208114469581" ValTyp="Other" Row="2043-01-29" RowTyp="Other"/>
  <Msr Val="0.6594439953859043" ValTyp="Other" Row="2048-01-29" RowTyp="Other"/>
  <Msr Val="0.5991856963457234" ValTyp="Other" Row="2058-01-29" RowTyp="Other"/>
  <Msr Val="0.5493265526311717" ValTyp="Other" Row="2068-01-30" RowTyp="Other"/>
</Curve>

</Mkt>
